Hyperlink,URL,Title,Page Power,Size,Words,Modified,Match Words,Match Percentage,Match Pages,Match Words (with common),Match Percentage (with common),Match Pages (with common),Broken Links Out,Links Out,Links In,Skip Reason,Redirected to
https://sendmoneycompare.com/,(home page),Best Money Transfer Apps (2026): Ranked by Real Cost,25,255,"2,258","04:52, 16 Sep, 2026",309,14%,15,620,27%,21,0,89,752,,
https://sendmoneycompare.com/send-money,send-money,Send Money Abroad— Compare 50+ Apps (2026),100,258,"1,414","04:52, 16 Sep, 2026",27,2%,9,273,19%,33,0,321,752,,
https://sendmoneycompare.com/compare,compare,Compare Money Transfer Companies& Apps (2026),49,246,"1,436","04:52, 16 Sep, 2026",147,10%,12,414,29%,38,0,99,752,,
https://sendmoneycompare.com/companies,companies,Best Money Transfer Companies 2026: 50+ Apps Ranked (Real Fees),25,411,"3,027","04:52, 16 Sep, 2026",628,21%,24,863,29%,28,0,118,752,,
https://sendmoneycompare.com/exchange-rates,exchange-rates,Exchange Rates Today— Live Mid-Market Rates& 12-Month Charts,25,470,"2,328","04:52, 16 Sep, 2026",95,4%,5,384,16%,13,0,97,752,,
https://sendmoneycompare.com/guides,guides,Money Transfer Guides— Save on Fees& Exchange Rates (2026),25,244,"2,104","04:52, 16 Sep, 2026",448,21%,19,715,34%,26,0,166,752,,
https://sendmoneycompare.com/business,business,B2B International Payments— Compare Providers (2026),25,138,"1,133","04:52, 16 Sep, 2026",130,11%,6,408,36%,17,0,94,752,,
https://sendmoneycompare.com/companies/taptap-send,companies/taptap-send,TapTap Send Review 2026— Cheaper Options on Your Route?,25,172,"1,505","04:52, 16 Sep, 2026",589,39%,14,874,58%,22,0,86,752,,
https://sendmoneycompare.com/companies/wise,companies/wise,Wise Review 2026:★4.3 — Cheaper Options on Your Route?,25,172,"1,557","04:52, 16 Sep, 2026",511,33%,10,879,56%,15,0,87,752,,
https://sendmoneycompare.com/companies/remitly,companies/remitly,Remitly Review 2026:★4.6 — Cheaper Options on Your Route?,25,173,"1,505","04:52, 16 Sep, 2026",680,45%,14,999,66%,21,0,87,752,,
https://sendmoneycompare.com/compare-money-transfer,compare-money-transfer,https://sendmoneycompare.com/compare,25,0,0,"00:00, 1 Jan, 1970",0,0%,0,0,0%,0,0,0,753,Canonical ,https://sendmoneycompare.com/compare
https://sendmoneycompare.com/guides/best-money-transfer-services,guides/best-money-transfer-services,Best Money Transfer Services 2026 | SendMoneyCompare,25,252,"3,000","04:52, 16 Sep, 2026",529,18%,15,"1,115",37%,19,0,94,752,,
https://sendmoneycompare.com/guides/swift-codes-explained,guides/swift-codes-explained,What Is a SWIFT Code? | SendMoneyCompare,25,217,"2,088","04:52, 16 Sep, 2026",613,29%,16,953,46%,25,0,91,752,,
https://sendmoneycompare.com/guides/revolut-foreign-transaction-fees-2026,guides/revolut-foreign-transaction-fees-2026,Revolut Foreign Transaction Fees Explained (2026) | SendMoneyCompare,25,246,"2,510","04:52, 16 Sep, 2026",454,18%,13,"1,021",41%,19,0,88,752,,
https://sendmoneycompare.com/guides/how-to-send-money-abroad,guides/how-to-send-money-abroad,How to Send Money Internationally: Compare 5 Methods by Cost,25,234,"2,244","04:52, 16 Sep, 2026",595,27%,14,"1,047",47%,18,0,90,752,,
https://sendmoneycompare.com/tools/us-remittance-tax,tools/us-remittance-tax,US Remittance Tax Calculator (2026)— 1% Excise on Money Sent Abroad,25,175,"1,350","04:52, 16 Sep, 2026",420,31%,5,661,49%,11,0,77,752,,
https://sendmoneycompare.com/tools/fx-markup-checker,tools/fx-markup-checker,FX Markup Checker— See Any Transfer's Hidden Rate Markup,25,166,"1,110","04:52, 16 Sep, 2026",200,18%,17,674,61%,31,0,77,752,,
https://sendmoneycompare.com/currency-converter,currency-converter,Currency Converter& Markup Checker (2026),25,230,"2,623","04:52, 16 Sep, 2026",365,14%,1,365,14%,1,0,74,752,,
https://sendmoneycompare.com/provider-consistency,provider-consistency,Provider Consistency Index 2026: Who Wins Most Corridors,25,256,"1,681","04:52, 16 Sep, 2026",156,9%,5,490,29%,12,0,84,752,,
https://sendmoneycompare.com/cash-out,cash-out,,25,106,436,"04:52, 16 Sep, 2026",0,0%,0,0,0%,0,0,73,752,Robots meta tag contains noindex instruction,
https://sendmoneycompare.com/iban,iban,"IBAN Lookup— Format, Example& Validator for 89+ Countries (2026)",25,294,"1,116","04:52, 16 Sep, 2026",58,5%,2,418,37%,11,0,121,752,,
https://sendmoneycompare.com/swift-codes,swift-codes,"SWIFT/BIC Code Lookup— 11,000+ Banks (2026)",25,175,906,"04:52, 16 Sep, 2026",49,5%,2,419,46%,22,0,117,752,,
https://sendmoneycompare.com/exchange-rates/history,exchange-rates/history,Historical Exchange Rates— 90+ Currency Corridors (2026),25,500,884,"04:52, 16 Sep, 2026",0,0%,0,379,43%,28,0,84,752,,
https://sendmoneycompare.com/about,about,About SendMoneyCompare— Our Mission& Story,25,113,856,"04:52, 16 Sep, 2026",40,5%,2,296,35%,13,0,69,752,,
https://sendmoneycompare.com/methodology,methodology,Methodology— How SendMoneyCompare Works,25,139,"1,764","04:52, 16 Sep, 2026",36,2%,2,302,17%,13,0,68,752,,
https://sendmoneycompare.com/research,research,Money Transfer Research: Our Original Datasets,25,136,"1,263","04:52, 16 Sep, 2026",145,11%,2,515,41%,18,0,79,752,,
https://sendmoneycompare.com/editorial-policy,editorial-policy,Editorial Policy— SendMoneyCompare,25,100,719,"04:52, 16 Sep, 2026",0,0%,0,235,33%,3,0,66,752,,
https://sendmoneycompare.com/how-we-review,how-we-review,How We Review Providers— Our 5-Criteria Scoring System,25,108,732,"04:52, 16 Sep, 2026",235,32%,1,235,32%,1,0,66,752,,
https://sendmoneycompare.com/corrections,corrections,Corrections& Updates— SendMoneyCompare,25,109,613,"04:52, 16 Sep, 2026",0,0%,0,245,40%,36,0,74,752,,
https://sendmoneycompare.com/contact,contact,Contact SendMoneyCompare,25,101,408,"04:52, 16 Sep, 2026",0,0%,0,238,58%,35,0,66,752,,
https://sendmoneycompare.com/for-ai,for-ai,For AI Systems— SendMoneyCompare Data& API,25,151,"1,272","04:52, 16 Sep, 2026",70,6%,4,310,24%,37,0,129,752,,
https://sendmoneycompare.com/iban/italy,iban/italy,Italian IBAN: 27-Char Format + Example (2026),25,237,"2,234","04:52, 16 Sep, 2026",479,21%,20,"1,466",66%,26,0,83,752,,
https://sendmoneycompare.com/iban/germany,iban/germany,German IBAN: 22-Char Format + Example (2026),25,252,"2,234","04:52, 16 Sep, 2026",480,21%,12,"1,391",62%,15,0,82,752,,
https://sendmoneycompare.com/iban/spain,iban/spain,Spanish IBAN: 24-Char Format + Example (2026),25,237,"2,290","04:52, 16 Sep, 2026","1,029",45%,19,"1,531",67%,30,0,83,752,,
https://sendmoneycompare.com/iban/poland,iban/poland,Polish IBAN: 28-Char Format + Example (2026),25,235,"2,193","04:52, 16 Sep, 2026",516,24%,15,"1,387",63%,22,0,83,752,,
https://sendmoneycompare.com/iban/united-arab-emirates,iban/united-arab-emirates,UAE IBAN: 23-Char Format + Example (2026),25,252,"2,949","04:52, 16 Sep, 2026",456,15%,12,"1,331",45%,18,0,89,752,,
https://sendmoneycompare.com/iban/ireland,iban/ireland,Irish IBAN: 22-Char Format + Example (2026),25,219,"1,919","04:52, 16 Sep, 2026",382,20%,20,"1,454",76%,27,0,82,752,,
https://sendmoneycompare.com/iban/belgium,iban/belgium,Belgian IBAN: 16-Char Format + Example (2026),25,221,"1,882","04:52, 16 Sep, 2026",308,16%,9,"1,406",75%,14,0,81,752,,
https://sendmoneycompare.com/iban/france,iban/france,France IBAN: 27-Char Format + Example (2026),25,231,"2,062","04:52, 16 Sep, 2026","1,089",53%,24,"1,501",73%,43,0,87,752,,
https://sendmoneycompare.com/iban/sweden,iban/sweden,Sweden IBAN: 24-Char Format + Example (2026),25,184,"1,678","04:52, 16 Sep, 2026",353,21%,12,"1,227",73%,21,0,77,752,,
https://sendmoneycompare.com/iban/netherlands,iban/netherlands,Dutch IBAN: 18-Char Format + Example (2026),25,217,"1,923","04:52, 16 Sep, 2026",527,27%,19,"1,378",72%,30,0,82,752,,
https://sendmoneycompare.com/iban/switzerland,iban/switzerland,Switzerland IBAN: 21-Char Format + Example (2026),25,190,"1,844","04:52, 16 Sep, 2026",330,18%,14,"1,122",61%,26,0,81,752,,
https://sendmoneycompare.com/iban/luxembourg,iban/luxembourg,Luxembourg IBAN: 20-Char Format + Example (2026),25,210,"1,824","04:52, 16 Sep, 2026",867,48%,19,"1,312",72%,34,0,80,752,,
https://sendmoneycompare.com/iban/egypt,iban/egypt,Egyptian IBAN: 29-Char Format + Example (2026),25,224,"2,023","04:52, 16 Sep, 2026",596,29%,24,"1,470",73%,39,0,85,752,,
https://sendmoneycompare.com/iban/saudi-arabia,iban/saudi-arabia,Saudi Arabia IBAN: 24-Char Format + Example (2026),25,184,"1,848","04:52, 16 Sep, 2026",244,13%,17,"1,063",58%,27,0,81,752,,
https://sendmoneycompare.com/iban/pakistan,iban/pakistan,Pakistan IBAN: 24-Char Format + Example (2026),25,231,"2,089","04:52, 16 Sep, 2026",744,36%,15,"1,272",61%,21,0,86,752,,
https://sendmoneycompare.com/iban/portugal,iban/portugal,Portuguese IBAN: 25-Char Format + Example (2026),25,224,"1,933","04:52, 16 Sep, 2026",456,24%,13,"1,505",78%,23,0,81,752,,
https://sendmoneycompare.com/iban/romania,iban/romania,Romanian IBAN: 24-Char Format + Example (2026),25,227,"2,110","04:52, 16 Sep, 2026",364,17%,17,"1,262",60%,21,0,84,752,,
https://sendmoneycompare.com/swift-codes/ghana,swift-codes/ghana,Ghana SWIFT/BIC Codes (2026),25,505,"2,801","04:52, 16 Sep, 2026",662,24%,15,"1,261",45%,20,0,85,752,,
https://sendmoneycompare.com/swift-codes/philippines,swift-codes/philippines,Philippines SWIFT/BIC Codes (2026),25,213,"1,823","04:52, 16 Sep, 2026",596,33%,14,"1,044",57%,25,0,86,752,,
https://sendmoneycompare.com/swift-codes/kenya,swift-codes/kenya,Kenya SWIFT/BIC Codes (2026),25,462,"2,791","04:52, 16 Sep, 2026",608,22%,14,"1,185",42%,20,0,86,752,,
https://sendmoneycompare.com/swift-codes/united-kingdom,swift-codes/united-kingdom,United Kingdom SWIFT/BIC Codes (2026),25,213,"1,627","04:52, 16 Sep, 2026",746,46%,18,"1,129",69%,32,0,86,752,,
https://sendmoneycompare.com/swift-codes/sri-lanka,swift-codes/sri-lanka,Sri Lanka SWIFT/BIC Codes (2026),25,477,"2,716","04:52, 16 Sep, 2026",732,27%,18,"1,259",46%,23,0,83,752,,
https://sendmoneycompare.com/companies/xoom,companies/xoom,Xoom (PayPal) Review 2026:★4.6 — Cheaper Options on Your Route?,25,172,"1,449","04:52, 16 Sep, 2026",643,44%,21,"1,011",70%,48,0,90,752,,
https://sendmoneycompare.com/companies/worldremit,companies/worldremit,WorldRemit Review 2026:★4.1 — Cheaper Options on Your Route?,25,173,"1,471","04:52, 16 Sep, 2026",516,35%,14,"1,018",69%,21,0,90,752,,
https://sendmoneycompare.com/companies/ofx,companies/ofx,OFX Review 2026:★4.2 — Cheaper Options on Your Route?,25,171,"1,471","04:52, 16 Sep, 2026",601,41%,15,911,62%,24,0,92,752,,
https://sendmoneycompare.com/companies/western-union,companies/western-union,Western Union Review 2026:★4.3 — Cheaper Options on Your Route?,25,173,"1,487","04:52, 16 Sep, 2026",637,43%,16,"1,017",68%,26,0,88,752,,
https://sendmoneycompare.com/compare/western-union-vs-moneygram,compare/western-union-vs-moneygram,Western Union vs MoneyGram— Fees& Rates (2026),25,191,"1,980","04:52, 16 Sep, 2026","1,173",59%,17,"1,528",77%,31,0,83,752,,
https://sendmoneycompare.com/compare/wise-vs-remitly,compare/wise-vs-remitly,Wise vs Remitly— Fees& Rates (2026),25,195,"2,177","04:52, 16 Sep, 2026",898,41%,20,"1,542",71%,30,0,80,752,,
https://sendmoneycompare.com/compare/wise-vs-paypal,compare/wise-vs-paypal,Wise vs PayPal— Fees& Rates (2026),25,192,"1,994","04:52, 16 Sep, 2026",667,33%,20,"1,530",77%,28,0,82,752,,
https://sendmoneycompare.com/compare/remitly-vs-western-union,compare/remitly-vs-western-union,Remitly vs Western Union— Fees& Rates (2026),25,195,"2,072","04:52, 16 Sep, 2026",752,36%,14,"1,621",78%,23,0,81,752,,
https://sendmoneycompare.com/compare/wise-vs-western-union,compare/wise-vs-western-union,Wise vs Western Union— Fees& Rates (2026),25,193,"2,012","04:52, 16 Sep, 2026",677,34%,17,"1,627",81%,21,0,81,752,,
https://sendmoneycompare.com/compare/paypal-vs-revolut,compare/paypal-vs-revolut,PayPal vs Revolut— Fees& Rates (2026),25,192,"2,010","04:52, 16 Sep, 2026",629,31%,16,"1,488",74%,19,0,83,752,,
https://sendmoneycompare.com/privacy-policy,privacy-policy,Privacy Policy— SendMoneyCompare,25,118,"1,192","04:52, 16 Sep, 2026",53,4%,1,287,24%,4,0,66,752,,
https://sendmoneycompare.com/terms,terms,Terms of Service— SendMoneyCompare,25,110,"1,132","04:52, 16 Sep, 2026",80,7%,2,322,28%,9,0,66,752,,
https://sendmoneycompare.com/cookies,cookies,Cookie Policy— SendMoneyCompare,25,108,706,"04:52, 16 Sep, 2026",54,8%,2,288,41%,34,0,66,752,,
https://sendmoneycompare.com/disclaimer,disclaimer,Disclaimer— SendMoneyCompare,25,103,769,"04:52, 16 Sep, 2026",91,12%,2,333,43%,5,0,66,752,,
https://sendmoneycompare.com/companies/moneygram,companies/moneygram,MoneyGram Review 2026:★4.0 — Cheaper Options on Your Route?,4,172,"1,408","04:52, 16 Sep, 2026",177,13%,3,917,65%,6,0,91,129,,
https://sendmoneycompare.com/companies/revolut,companies/revolut,Revolut Review 2026:★4.7 — Cheaper Options on Your Route?,4,164,998,"04:52, 16 Sep, 2026",228,23%,10,884,89%,13,0,91,120,,
https://sendmoneycompare.com/send-money/usa-to-india,send-money/usa-to-india,Cheapest Way to Send Money USA to India— USD→INR Rates (2026),12,"1,201","7,811","04:52, 16 Sep, 2026","5,368",69%,29,"6,599",84%,31,0,153,546,,
https://sendmoneycompare.com/send-money/usa-to-mexico,send-money/usa-to-mexico,Cheapest Way to Send Money USA to Mexico— USD→MXN Rates (2026),9,"1,212","7,620","04:52, 16 Sep, 2026","2,684",35%,25,"3,605",47%,27,0,150,483,,
https://sendmoneycompare.com/send-money/usa-to-philippines,send-money/usa-to-philippines,Cheapest Way to Send Money USA to Philippines— USD→PHP Rates (2026),8,"1,190","7,348","04:52, 16 Sep, 2026","5,329",73%,31,"6,635",90%,33,0,150,364,,
https://sendmoneycompare.com/send-money/usa-to-pakistan,send-money/usa-to-pakistan,Cheapest Way to Send Money USA to Pakistan— USD→PKR Rates (2026),10,"1,134","7,163","04:52, 16 Sep, 2026","5,252",73%,34,"6,441",90%,36,0,144,237,,
https://sendmoneycompare.com/send-money/uk-to-india,send-money/uk-to-india,Cheapest Way to Send Money UK to India— GBP→INR Rates (2026),8,"1,443","7,850","04:52, 16 Sep, 2026","1,800",23%,35,"2,923",37%,37,0,183,437,,
https://sendmoneycompare.com/send-money/uk-to-pakistan,send-money/uk-to-pakistan,Cheapest Way to Send Money UK to Pakistan— GBP→PKR Rates (2026),2,"1,232","7,496","04:52, 16 Sep, 2026","1,764",24%,27,"2,894",39%,27,0,153,23,,
https://sendmoneycompare.com/send-money/uk-to-nigeria,send-money/uk-to-nigeria,Cheapest Way to Send Money UK to Nigeria— GBP→NGN Rates (2026),1,"1,080","6,475","04:53, 16 Sep, 2026",705,11%,12,"2,376",37%,15,0,136,16,,
https://sendmoneycompare.com/send-money/uae-to-india,send-money/uae-to-india,Cheapest Way to Send Money UAE to India— AED→INR Rates (2026),2,892,"6,127","04:52, 16 Sep, 2026","1,412",23%,18,"2,627",43%,19,0,111,21,,
https://sendmoneycompare.com/send-money/uae-to-pakistan,send-money/uae-to-pakistan,Cheapest Way to Send Money UAE to Pakistan— AED→PKR Rates (2026),2,899,"6,185","04:52, 16 Sep, 2026","1,336",22%,23,"2,745",44%,27,0,110,20,,
https://sendmoneycompare.com/send-money/saudi-arabia-to-india,send-money/saudi-arabia-to-india,Cheapest Way to Send Money Saudi Arabia to India— SAR→INR (2026),2,635,"4,499","04:53, 16 Sep, 2026","1,529",34%,43,"2,619",58%,45,0,101,11,,
https://sendmoneycompare.com/travel,travel,,1,131,"1,417","04:55, 16 Sep, 2026",0,0%,0,0,0%,0,0,81,12,Robots meta tag contains noindex instruction,
https://sendmoneycompare.com/sendscore,sendscore,SendScore Explained: Is Today a Good Day to Send Money?,4,135,"1,294","04:52, 16 Sep, 2026",148,11%,5,513,40%,35,0,72,242,,
https://sendmoneycompare.com/remittance-cost-index,remittance-cost-index,2026 Remittance Cost Index— Which Provider Is Actually Cheapest?,3,491,"3,256","04:52, 16 Sep, 2026",101,3%,4,392,12%,8,0,119,24,,
https://sendmoneycompare.com/about/akif-hazarvi,about/akif-hazarvi,Akif Hazarvi— Editor-in-Chief at SendMoneyCompare,16,124,694,"04:52, 16 Sep, 2026",78,11%,4,326,47%,8,0,77,611,,
https://sendmoneycompare.com/send-money?from=USD&to=EUR&amount=1000,send-money?from=USD&to=EUR&amount=1000,https://sendmoneycompare.com/send-money,4,0,0,"00:00, 1 Jan, 1970",0,0%,0,0,0%,0,0,0,58,Canonical ,https://sendmoneycompare.com/send-money
https://sendmoneycompare.com/iban/finland,iban/finland,Finnish IBAN: 18-Char Format + Example (2026),2,214,"1,898","04:52, 16 Sep, 2026",253,13%,4,"1,269",67%,8,0,80,12,,
https://sendmoneycompare.com/iban/bulgaria,iban/bulgaria,,2,204,"1,464","04:53, 16 Sep, 2026",0,0%,0,0,0%,0,0,83,10,Robots meta tag contains noindex instruction,
https://sendmoneycompare.com/iban/slovenia,iban/slovenia,,1,203,"1,444","04:53, 16 Sep, 2026",0,0%,0,0,0%,0,0,82,6,Robots meta tag contains noindex instruction,
https://sendmoneycompare.com/about/awais-imran,about/awais-imran,Awais Imran— Content Writer& Reviews Editor at SendMoneyCompare,6,104,460,"04:52, 16 Sep, 2026",0,0%,0,240,52%,35,0,67,140,,
https://sendmoneycompare.com/exchange-rates/history/gbp-to-eur,exchange-rates/history/gbp-to-eur,,3,915,"3,045","04:52, 16 Sep, 2026",0,0%,0,0,0%,0,0,73,56,Robots meta tag contains noindex instruction,
https://sendmoneycompare.com/compare/western-union-vs-worldremit,compare/western-union-vs-worldremit,,2,219,"1,900","04:53, 16 Sep, 2026",0,0%,0,0,0%,0,0,81,9,Robots meta tag contains noindex instruction,
https://sendmoneycompare.com/compare/moneygram-vs-worldremit,compare/moneygram-vs-worldremit,MoneyGram vs WorldRemit— Fees& Rates (2026),1,216,"1,789","04:54, 16 Sep, 2026","1,478",83%,2,"1,714",96%,3,0,84,4,,
https://sendmoneycompare.com/compare/revolut-vs-western-union,compare/revolut-vs-western-union,,1,219,"1,884","04:54, 16 Sep, 2026",0,0%,0,0,0%,0,0,83,8,Robots meta tag contains noindex instruction,
https://sendmoneycompare.com/compare/moneygram-vs-revolut,compare/moneygram-vs-revolut,,1,219,"1,868","04:54, 16 Sep, 2026",0,0%,0,0,0%,0,0,85,8,Robots meta tag contains noindex instruction,
https://sendmoneycompare.com/compare/paypal-vs-western-union,compare/paypal-vs-western-union,,2,216,"1,831","04:53, 16 Sep, 2026",0,0%,0,0,0%,0,0,83,8,Robots meta tag contains noindex instruction,
https://sendmoneycompare.com/compare/paypal-vs-moneygram,compare/paypal-vs-moneygram,PayPal vs MoneyGram— Fees& Rates (2026),2,216,"1,789","04:53, 16 Sep, 2026",721,40%,20,"1,757",98%,20,0,85,11,,
https://sendmoneycompare.com/guides/cheapest-way-to-send-money-internationally,guides/cheapest-way-to-send-money-internationally,Cheapest Way to Send Money Internationally in 2026 | SendMoneyCompare,10,235,"2,419","04:52, 16 Sep, 2026",745,31%,17,"1,081",45%,20,0,94,484,,
https://sendmoneycompare.com/guides/exchange-rate-markup-explained,guides/exchange-rate-markup-explained,Exchange Rate Markup Explained: Spot Hidden Fees | SendMoneyCompare,10,222,"2,366","04:52, 16 Sep, 2026",439,19%,13,"1,076",45%,18,0,90,474,,
https://sendmoneycompare.com/guides/bank-vs-app-transfer-cost-2026,guides/bank-vs-app-transfer-cost-2026,Bank vs App Transfer Cost Index— 16 September 2026 Data,1,132,913,"04:53, 16 Sep, 2026",146,16%,3,435,48%,7,0,73,9,,
https://sendmoneycompare.com/guides/best-day-to-send-money-abroad,guides/best-day-to-send-money-abroad,"Is It Cheaper to Send Money on a Weekday? We Checked 4,057,058 Quotes",1,162,"1,305","04:54, 16 Sep, 2026",370,28%,1,370,28%,1,0,70,4,,
https://sendmoneycompare.com/transfer-cost-by-amount,transfer-cost-by-amount,"$100 vs $1,000 Transfers: Who Is Cheapest at Each?",1,216,"1,444","04:54, 16 Sep, 2026",136,9%,2,495,34%,3,0,86,4,,
https://sendmoneycompare.com/guides/fx-cost-vs-purchasing-power,guides/fx-cost-vs-purchasing-power,"The Cheaper the Move, the More Your Transfer Fee Costs You",1,181,"1,174","04:54, 16 Sep, 2026",356,30%,2,356,30%,2,0,71,3,,
https://sendmoneycompare.com/companies/torfx,companies/torfx,TorFX Review 2026:★4.9 — Cheaper Options on Your Route?,2,154,844,"04:52, 16 Sep, 2026",172,20%,4,771,91%,8,0,85,40,,
https://sendmoneycompare.com/companies/currencies-direct,companies/currencies-direct,,2,151,838,"04:52, 16 Sep, 2026",0,0%,0,0,0%,0,0,83,46,Robots meta tag contains noindex instruction,
https://sendmoneycompare.com/business/compare,business/compare,Best Business Payment Providers Compared (15 September 2026),1,265,"2,844","04:52, 16 Sep, 2026",75,3%,2,310,11%,4,0,83,35,,
https://sendmoneycompare.com/compare/ofx-vs-xe,compare/ofx-vs-xe,OFX vs XE Money Transfer— Fees& Rates (2026),1,190,"2,056","04:53, 16 Sep, 2026",667,32%,9,"1,532",75%,10,0,84,7,,
https://sendmoneycompare.com/compare/ofx-vs-moneygram,compare/ofx-vs-moneygram,OFX vs MoneyGram— Fees& Rates (2026),1,215,"1,754","04:53, 16 Sep, 2026",687,39%,11,"1,657",94%,12,0,84,7,,
https://sendmoneycompare.com/compare/ofx-vs-xoom,compare/ofx-vs-xoom,OFX vs Xoom (PayPal)— Fees& Rates (2026),2,191,"1,941","04:53, 16 Sep, 2026",622,32%,22,"1,511",78%,26,0,83,7,,
https://sendmoneycompare.com/news/global-currency-outlook-may-2026,news/global-currency-outlook-may-2026,,2,252,"3,291","04:52, 16 Sep, 2026",0,0%,0,0,0%,0,0,109,38,Robots meta tag contains noindex instruction,
https://sendmoneycompare.com/news/inr-weakest-year-send-money-india-april-2026,news/inr-weakest-year-send-money-india-april-2026,,2,238,"2,240","04:52, 16 Sep, 2026",0,0%,0,0,0%,0,0,106,17,Robots meta tag contains noindex instruction,
https://sendmoneycompare.com/news/fednow-cross-border-payments-2026,news/fednow-cross-border-payments-2026,,1,226,"1,629","04:53, 16 Sep, 2026",0,0%,0,0,0%,0,0,94,5,Robots meta tag contains noindex instruction,
https://sendmoneycompare.com/news/eu-instant-payments-mandatory-2026,news/eu-instant-payments-mandatory-2026,EU Instant Payments Now Mandatory | SendMoneyCompare,1,226,"1,591","04:53, 16 Sep, 2026",15,1%,1,"1,093",69%,8,0,96,5,,
https://sendmoneycompare.com/news,news,Money Transfer News 2026— Provider Updates& Industry Changes,3,177,"1,695","04:52, 16 Sep, 2026",374,22%,13,759,45%,18,0,97,49,,
https://sendmoneycompare.com/send-money/usa-to-europe,send-money/usa-to-europe,Cheapest Way to Send Money USA to Europe— USD→EUR Rates (2026),10,"1,215","7,420","04:52, 16 Sep, 2026","4,940",67%,34,"6,257",84%,37,0,147,201,,
https://sendmoneycompare.com/guides/money-transfer-safety-guide,guides/money-transfer-safety-guide,Are Money Transfer Companies Safe? | SendMoneyCompare,6,326,"5,596","04:52, 16 Sep, 2026",389,7%,10,945,17%,15,0,96,382,,
https://sendmoneycompare.com/compare/xe-vs-western-union,compare/xe-vs-western-union,,1,219,"1,964","04:54, 16 Sep, 2026",0,0%,0,0,0%,0,0,83,10,Robots meta tag contains noindex instruction,
https://sendmoneycompare.com/news/irs-remittance-tax-proposed-regulations-2026,news/irs-remittance-tax-proposed-regulations-2026,,1,227,"1,597","04:53, 16 Sep, 2026",0,0%,0,0,0%,0,0,98,6,Robots meta tag contains noindex instruction,
https://sendmoneycompare.com/news/mastercard-bvnk-stablecoin-remittance-2026,news/mastercard-bvnk-stablecoin-remittance-2026,,1,232,"1,683","04:53, 16 Sep, 2026",0,0%,0,0,0%,0,0,96,6,Robots meta tag contains noindex instruction,
https://sendmoneycompare.com/news/world-bank-remittance-costs-q1-2026,news/world-bank-remittance-costs-q1-2026,,1,230,"1,571","04:53, 16 Sep, 2026",0,0%,0,0,0%,0,0,104,3,Robots meta tag contains noindex instruction,
https://sendmoneycompare.com/compare/remitly-vs-xe,compare/remitly-vs-xe,Remitly vs XE Money Transfer— Fees& Rates (2026),2,220,"1,944","04:53, 16 Sep, 2026",959,49%,21,"1,911",98%,22,0,84,8,,
https://sendmoneycompare.com/compare/wise-vs-worldremit,compare/wise-vs-worldremit,Wise vs WorldRemit— Fees& Rates (2026),2,192,"1,942","04:52, 16 Sep, 2026",589,30%,12,"1,558",80%,15,0,82,16,,
https://sendmoneycompare.com/compare/remitly-vs-worldremit,compare/remitly-vs-worldremit,Remitly vs WorldRemit— Fees& Rates (2026),2,217,"1,843","04:53, 16 Sep, 2026",619,34%,10,"1,810",98%,12,0,82,9,,
https://sendmoneycompare.com/compare/wise-vs-revolut,compare/wise-vs-revolut,Wise vs Revolut— Fees& Rates (2026),3,217,"1,838","04:52, 16 Sep, 2026",758,41%,16,"1,752",95%,18,0,82,31,,
https://sendmoneycompare.com/send-money?from=USD&to=GBP&amount=1000,send-money?from=USD&to=GBP&amount=1000,https://sendmoneycompare.com/send-money,1,0,0,"00:00, 1 Jan, 1970",0,0%,0,0,0%,0,0,0,5,Canonical ,https://sendmoneycompare.com/send-money
https://sendmoneycompare.com/swift-codes/luxembourg,swift-codes/luxembourg,,3,500,"2,370","04:52, 16 Sep, 2026",0,0%,0,0,0%,0,0,82,50,Robots meta tag contains noindex instruction,
https://sendmoneycompare.com/swift-codes/bangladesh,swift-codes/bangladesh,,3,351,"2,264","04:52, 16 Sep, 2026",0,0%,0,0,0%,0,0,83,59,Robots meta tag contains noindex instruction,
https://sendmoneycompare.com/swift-codes/pakistan,swift-codes/pakistan,Pakistan SWIFT/BIC Codes (2026),3,366,"2,377","04:52, 16 Sep, 2026",462,19%,10,986,41%,14,0,86,60,,
https://sendmoneycompare.com/swift-codes/slovakia,swift-codes/slovakia,,1,476,"2,323","04:53, 16 Sep, 2026",0,0%,0,0,0%,0,0,83,4,Robots meta tag contains noindex instruction,
https://sendmoneycompare.com/swift-codes/belarus,swift-codes/belarus,,1,333,"1,529","04:53, 16 Sep, 2026",0,0%,0,0,0%,0,0,76,5,Robots meta tag contains noindex instruction,
https://sendmoneycompare.com/iban/uk,iban/uk,UK IBAN: 22-Char Format + Example (2026),1,214,"1,395","04:52, 16 Sep, 2026",311,22%,11,"1,023",73%,16,0,81,14,,
https://sendmoneycompare.com/swift-codes/australia,swift-codes/australia,Australia SWIFT/BIC Codes (2026),1,217,"1,693","04:53, 16 Sep, 2026",165,10%,5,"1,033",61%,7,0,85,9,,
https://sendmoneycompare.com/swift-codes/brazil,swift-codes/brazil,Brazil SWIFT/BIC Codes (2026),1,202,"1,640","04:53, 16 Sep, 2026",178,11%,5,926,56%,6,0,87,12,,
https://sendmoneycompare.com/swift-codes/canada,swift-codes/canada,Canada SWIFT/BIC Codes (2026),1,239,"1,792","04:53, 16 Sep, 2026",241,13%,4,"1,017",57%,6,0,86,10,,
https://sendmoneycompare.com/swift-codes/egypt,swift-codes/egypt,Egypt SWIFT/BIC Codes (2026),1,233,"1,823","04:53, 16 Sep, 2026",277,15%,9,"1,027",56%,12,0,85,12,,
https://sendmoneycompare.com/swift-codes/georgia,swift-codes/georgia,Georgia SWIFT/BIC Codes (2026),1,296,"1,309","04:53, 16 Sep, 2026",157,12%,8,632,48%,25,0,77,6,,
https://sendmoneycompare.com/swift-codes/hong-kong,swift-codes/hong-kong,Hong Kong SWIFT/BIC Codes (2026),1,198,"1,558","04:53, 16 Sep, 2026",344,22%,27,"1,033",66%,34,0,82,10,,
https://sendmoneycompare.com/swift-codes/india,swift-codes/india,India SWIFT/BIC Codes (2026),1,214,"1,670","04:52, 16 Sep, 2026",301,18%,9,"1,084",65%,13,0,87,17,,
https://sendmoneycompare.com/swift-codes/indonesia,swift-codes/indonesia,Indonesia SWIFT/BIC Codes (2026),1,218,"1,705","04:53, 16 Sep, 2026",256,15%,9,"1,023",60%,13,0,85,8,,
https://sendmoneycompare.com/swift-codes/ireland,swift-codes/ireland,Ireland SWIFT/BIC Codes (2026),1,204,"1,614","04:54, 16 Sep, 2026",452,28%,5,"1,060",66%,20,0,84,3,,
https://sendmoneycompare.com/swift-codes/japan,swift-codes/japan,Japan SWIFT/BIC Codes (2026),1,225,"1,769","04:53, 16 Sep, 2026",250,14%,6,984,56%,9,0,85,12,,
https://sendmoneycompare.com/swift-codes/malaysia,swift-codes/malaysia,Malaysia SWIFT/BIC Codes (2026),1,212,"1,639","04:53, 16 Sep, 2026",203,12%,8,967,59%,9,0,84,12,,
https://sendmoneycompare.com/swift-codes/mexico,swift-codes/mexico,Mexico SWIFT/BIC Codes (2026),1,210,"1,829","04:53, 16 Sep, 2026",212,12%,11,961,53%,17,0,86,10,,
https://sendmoneycompare.com/swift-codes/morocco,swift-codes/morocco,Morocco SWIFT/BIC Codes (2026),1,224,"1,735","04:53, 16 Sep, 2026",172,10%,5,956,55%,9,0,85,6,,
https://sendmoneycompare.com/swift-codes/netherlands,swift-codes/netherlands,Netherlands SWIFT/BIC Codes (2026),1,204,"1,517","04:53, 16 Sep, 2026",328,22%,8,"1,085",72%,13,0,84,4,,
https://sendmoneycompare.com/swift-codes/new-zealand,swift-codes/new-zealand,New Zealand SWIFT/BIC Codes (2026),1,206,"1,670","04:54, 16 Sep, 2026",201,12%,6,"1,000",60%,7,0,82,7,,
https://sendmoneycompare.com/swift-codes/nigeria,swift-codes/nigeria,Nigeria SWIFT/BIC Codes (2026),1,201,"1,607","04:53, 16 Sep, 2026",268,17%,7,953,59%,10,0,86,11,,
https://sendmoneycompare.com/swift-codes/singapore,swift-codes/singapore,Singapore SWIFT/BIC Codes (2026),1,200,"1,586","04:53, 16 Sep, 2026",270,17%,4,984,62%,5,0,86,12,,
https://sendmoneycompare.com/swift-codes/south-africa,swift-codes/south-africa,South Africa SWIFT/BIC Codes (2026),1,224,"1,768","04:53, 16 Sep, 2026",225,13%,7,964,55%,10,0,85,13,,
https://sendmoneycompare.com/swift-codes/south-korea,swift-codes/south-korea,South Korea SWIFT/BIC Codes (2026),1,209,"1,715","04:54, 16 Sep, 2026",234,14%,5,"1,020",59%,5,0,85,12,,
https://sendmoneycompare.com/swift-codes/thailand,swift-codes/thailand,Thailand SWIFT/BIC Codes (2026),1,216,"1,694","04:53, 16 Sep, 2026",217,13%,5,969,57%,5,0,85,13,,
https://sendmoneycompare.com/swift-codes/turkiye,swift-codes/turkiye,Turkey SWIFT/BIC Codes (2026),1,230,"1,826","04:53, 16 Sep, 2026",280,15%,8,"1,093",60%,8,0,86,10,,
https://sendmoneycompare.com/swift-codes/united-arab-emirates,swift-codes/united-arab-emirates,United Arab Emirates SWIFT/BIC Codes (2026),1,205,"1,670","04:53, 16 Sep, 2026",337,20%,6,"1,020",61%,8,0,84,8,,
https://sendmoneycompare.com/swift-codes/united-states,swift-codes/united-states,United States SWIFT/BIC Codes (2026),1,219,"1,687","04:53, 16 Sep, 2026",361,21%,11,"1,120",66%,18,0,86,7,,
https://sendmoneycompare.com/swift-codes/bosnia-and-herzegovina,swift-codes/bosnia-and-herzegovina,,1,237,"1,183","04:53, 16 Sep, 2026",0,0%,0,0,0%,0,0,76,4,Robots meta tag contains noindex instruction,
https://sendmoneycompare.com/swift-codes/virgin-islands-uk,swift-codes/virgin-islands-uk,,1,268,"1,351","04:53, 16 Sep, 2026",0,0%,0,0,0%,0,0,83,5,Robots meta tag contains noindex instruction,
https://sendmoneycompare.com/swift-codes/bulgaria,swift-codes/bulgaria,,1,539,"2,371","04:53, 16 Sep, 2026",0,0%,0,0,0%,0,0,83,5,Robots meta tag contains noindex instruction,
https://sendmoneycompare.com/swift-codes/china,swift-codes/china,,1,222,"1,764","04:53, 16 Sep, 2026",0,0%,0,0,0%,0,0,84,9,Robots meta tag contains noindex instruction,
https://sendmoneycompare.com/swift-codes/colombia,swift-codes/colombia,,1,228,"1,757","04:53, 16 Sep, 2026",0,0%,0,0,0%,0,0,86,10,Robots meta tag contains noindex instruction,
https://sendmoneycompare.com/swift-codes/croatia,swift-codes/croatia,,1,414,"1,880","04:53, 16 Sep, 2026",0,0%,0,0,0%,0,0,84,5,Robots meta tag contains noindex instruction,
https://sendmoneycompare.com/swift-codes/czech-republic,swift-codes/czech-republic,,1,546,"2,572","04:53, 16 Sep, 2026",0,0%,0,0,0%,0,0,82,5,Robots meta tag contains noindex instruction,
https://sendmoneycompare.com/swift-codes/estonia,swift-codes/estonia,,1,311,"1,499","04:53, 16 Sep, 2026",0,0%,0,0,0%,0,0,83,5,Robots meta tag contains noindex instruction,
https://sendmoneycompare.com/swift-codes/france,swift-codes/france,,1,209,"1,613","04:53, 16 Sep, 2026",0,0%,0,0,0%,0,0,84,8,Robots meta tag contains noindex instruction,
https://sendmoneycompare.com/swift-codes/germany,swift-codes/germany,,1,230,"1,695","04:53, 16 Sep, 2026",0,0%,0,0,0%,0,0,84,8,Robots meta tag contains noindex instruction,
https://sendmoneycompare.com/swift-codes/liechtenstein,swift-codes/liechtenstein,,1,247,"1,222","04:53, 16 Sep, 2026",0,0%,0,0,0%,0,0,78,4,Robots meta tag contains noindex instruction,
https://sendmoneycompare.com/swift-codes/moldova,swift-codes/moldova,,1,205,991,"04:54, 16 Sep, 2026",0,0%,0,0,0%,0,0,76,3,Robots meta tag contains noindex instruction,
https://sendmoneycompare.com/swift-codes/monaco,swift-codes/monaco,,1,411,"1,956","04:53, 16 Sep, 2026",0,0%,0,0,0%,0,0,82,5,Robots meta tag contains noindex instruction,
https://sendmoneycompare.com/swift-codes/nepal,swift-codes/nepal,,1,201,"1,658","04:53, 16 Sep, 2026",0,0%,0,0,0%,0,0,84,5,Robots meta tag contains noindex instruction,
https://sendmoneycompare.com/swift-codes/paraguay,swift-codes/paraguay,,1,274,"1,396","04:53, 16 Sep, 2026",0,0%,0,0,0%,0,0,79,4,Robots meta tag contains noindex instruction,
https://sendmoneycompare.com/swift-codes/peru,swift-codes/peru,,1,200,"1,627","04:53, 16 Sep, 2026",0,0%,0,0,0%,0,0,85,11,Robots meta tag contains noindex instruction,
https://sendmoneycompare.com/swift-codes/slovenia,swift-codes/slovenia,,1,417,"1,928","04:53, 16 Sep, 2026",0,0%,0,0,0%,0,0,82,4,Robots meta tag contains noindex instruction,
https://sendmoneycompare.com/guides/iban-numbers-explained,guides/iban-numbers-explained,"IBAN Format by Country: Length, Example& Structure | SendMoneyCompare",4,254,"2,303","04:52, 16 Sep, 2026",417,18%,6,765,33%,12,0,133,304,,
https://sendmoneycompare.com/guides/wire-transfer-guide,guides/wire-transfer-guide,Wire Transfer Fees 2026 and Three Cheaper Alternatives,2,312,"4,927","04:52, 16 Sep, 2026",646,13%,12,971,20%,14,0,93,24,,
https://sendmoneycompare.com/iban/latvia,iban/latvia,,2,198,"1,382","04:52, 16 Sep, 2026",0,0%,0,0,0%,0,0,82,10,Robots meta tag contains noindex instruction,
https://sendmoneycompare.com/iban/hungary,iban/hungary,Hungarian IBAN: 28-Char Format + Example (2026),2,222,"2,045","04:52, 16 Sep, 2026",265,13%,8,"1,116",55%,10,0,85,8,,
https://sendmoneycompare.com/iban/monaco,iban/monaco,Monaco IBAN: 27-Char Format + Example (2026),2,199,"1,430","04:52, 16 Sep, 2026",357,25%,27,"1,349",94%,39,0,83,8,,
https://sendmoneycompare.com/iban/montenegro,iban/montenegro,,2,199,"1,398","04:52, 16 Sep, 2026",0,0%,0,0,0%,0,0,82,15,Robots meta tag contains noindex instruction,
https://sendmoneycompare.com/iban/estonia,iban/estonia,,1,202,"1,435","04:52, 16 Sep, 2026",0,0%,0,0,0%,0,0,82,6,Robots meta tag contains noindex instruction,
https://sendmoneycompare.com/send-money?from=USD&to=CHF&amount=1000,send-money?from=USD&to=CHF&amount=1000,https://sendmoneycompare.com/send-money,1,0,0,"00:00, 1 Jan, 1970",0,0%,0,0,0%,0,0,0,3,Canonical ,https://sendmoneycompare.com/send-money
https://sendmoneycompare.com/exchange-rates/eur-to-gbp,exchange-rates/eur-to-gbp,Live EUR to GBP Exchange Rate Today (2026),1,179,"1,382","04:53, 16 Sep, 2026",250,18%,10,"1,085",79%,12,0,80,4,,
https://sendmoneycompare.com/guides/multi-currency-accounts-exchange-rates,guides/multi-currency-accounts-exchange-rates,Multi-Currency Accounts: Xe vs Wise vs Revolut | SendMoneyCompare,2,264,"3,552","04:53, 16 Sep, 2026",416,12%,6,"1,003",28%,7,0,93,24,,
https://sendmoneycompare.com/iban/lithuania,iban/lithuania,Lithuania IBAN: 20-Char Format + Example (2026),1,199,"1,380","04:53, 16 Sep, 2026",58,4%,3,"1,275",92%,7,0,81,7,,
https://sendmoneycompare.com/iban/croatia,iban/croatia,Croatia IBAN: 21-Char Format + Example (2026),1,212,"1,827","04:53, 16 Sep, 2026",262,14%,24,"1,333",73%,32,0,83,12,,
https://sendmoneycompare.com/send-money/usa-to-nigeria,send-money/usa-to-nigeria,Cheapest Way to Send Money USA to Nigeria— USD→NGN Rates (2026),2,"1,059","6,429","04:52, 16 Sep, 2026","4,784",74%,28,"5,868",91%,28,0,131,51,,
https://sendmoneycompare.com/send-money/canada-to-india,send-money/canada-to-india,Cheapest Way to Send Money Canada to India— CAD→INR Rates (2026),2,"1,149","6,842","04:52, 16 Sep, 2026","1,347",20%,31,"2,762",40%,36,0,146,48,,
https://sendmoneycompare.com/exchange-rates/usd-to-inr,exchange-rates/usd-to-inr,Live USD to INR Exchange Rate Today (2026),1,218,"1,784","04:53, 16 Sep, 2026",480,27%,8,"1,350",76%,12,0,90,12,,
https://sendmoneycompare.com/exchange-rates/gbp-to-eur,exchange-rates/gbp-to-eur,"GBP to EUR Today— How Much Is £1,000 in Euros?",1,211,"1,653","04:53, 16 Sep, 2026",166,10%,4,"1,024",62%,7,0,88,6,,
https://sendmoneycompare.com/exchange-rates/usd-to-php,exchange-rates/usd-to-php,Live USD to PHP Exchange Rate Today (2026),1,215,"1,658","04:53, 16 Sep, 2026",245,15%,4,"1,179",71%,7,0,91,8,,
https://sendmoneycompare.com/exchange-rates/usd-to-eur,exchange-rates/usd-to-eur,Live USD to EUR Exchange Rate Today (2026),1,186,"1,372","04:53, 16 Sep, 2026",266,19%,8,"1,122",82%,8,0,84,11,,
https://sendmoneycompare.com/exchange-rates/gbp-to-inr,exchange-rates/gbp-to-inr,Live GBP to INR Exchange Rate Today (2026),1,219,"1,753","04:53, 16 Sep, 2026",378,22%,10,"1,260",72%,15,0,90,10,,
https://sendmoneycompare.com/exchange-rates/usd-to-gbp,exchange-rates/usd-to-gbp,Live USD to GBP Exchange Rate Today (2026),1,186,"1,350","04:53, 16 Sep, 2026",157,12%,6,"1,040",77%,8,0,84,10,,
https://sendmoneycompare.com/about/ahsan-mukhtar,about/ahsan-mukhtar,"Ahsan Mukhtar— Co-founder, Marketing& Partnerships",1,105,444,"04:54, 16 Sep, 2026",25,6%,1,269,61%,33,0,68,3,,
https://sendmoneycompare.com/compare/wise-vs-xe,compare/wise-vs-xe,Wise vs XE Money Transfer— Fees& Rates (2026),1,217,"1,898","04:53, 16 Sep, 2026",836,44%,14,"1,860",98%,16,0,83,9,,
https://sendmoneycompare.com/news/wise-nasdaq-dual-listing-may-2026,news/wise-nasdaq-dual-listing-may-2026,Wise Nasdaq Dual-Listing (May 2026): What It Means | SendMoneyCompare,2,234,"2,126","04:52, 16 Sep, 2026",175,8%,5,"1,129",53%,10,0,107,36,,
https://sendmoneycompare.com/news/pakistan-record-41-billion-remittance-2026,news/pakistan-record-41-billion-remittance-2026,,2,238,"2,180","04:52, 16 Sep, 2026",0,0%,0,0,0%,0,0,105,41,Robots meta tag contains noindex instruction,
https://sendmoneycompare.com/cash-out/india,cash-out/india,,1,121,917,"04:53, 16 Sep, 2026",0,0%,0,0,0%,0,0,73,10,Robots meta tag contains noindex instruction,
https://sendmoneycompare.com/cash-out/philippines,cash-out/philippines,,1,120,856,"04:53, 16 Sep, 2026",0,0%,0,0,0%,0,0,73,9,Robots meta tag contains noindex instruction,
https://sendmoneycompare.com/cash-out/nigeria,cash-out/nigeria,,1,120,893,"04:53, 16 Sep, 2026",0,0%,0,0,0%,0,0,72,7,Robots meta tag contains noindex instruction,
https://sendmoneycompare.com/cash-out/mexico,cash-out/mexico,,1,120,882,"04:53, 16 Sep, 2026",0,0%,0,0,0%,0,0,70,8,Robots meta tag contains noindex instruction,
https://sendmoneycompare.com/cash-out/kenya,cash-out/kenya,,1,119,875,"04:53, 16 Sep, 2026",0,0%,0,0,0%,0,0,71,7,Robots meta tag contains noindex instruction,
https://sendmoneycompare.com/cash-out/brazil,cash-out/brazil,,1,119,854,"04:54, 16 Sep, 2026",0,0%,0,0,0%,0,0,71,8,Robots meta tag contains noindex instruction,
https://sendmoneycompare.com/companies/ria,companies/ria,,2,153,967,"04:52, 16 Sep, 2026",0,0%,0,0,0%,0,0,85,111,Robots meta tag contains noindex instruction,
https://sendmoneycompare.com/companies/lemfi,companies/lemfi,LemFi Review 2026— Cheaper Options on Your Route?,2,154,930,"04:52, 16 Sep, 2026",75,8%,4,762,82%,7,0,84,110,,
https://sendmoneycompare.com/companies/instarem,companies/instarem,InstaReM Review 2026:★4.1 — Cheaper Options on Your Route?,3,166,"1,419","04:52, 16 Sep, 2026",194,14%,9,879,62%,12,0,85,201,,
https://sendmoneycompare.com/companies/paysend,companies/paysend,,2,149,861,"04:52, 16 Sep, 2026",0,0%,0,0,0%,0,0,82,80,Robots meta tag contains noindex instruction,
https://sendmoneycompare.com/companies/skrill,companies/skrill,,2,151,860,"04:53, 16 Sep, 2026",0,0%,0,0,0%,0,0,82,41,Robots meta tag contains noindex instruction,
https://sendmoneycompare.com/companies/dahabshiil,companies/dahabshiil,,1,150,884,"04:53, 16 Sep, 2026",0,0%,0,0,0%,0,0,82,22,Robots meta tag contains noindex instruction,
https://sendmoneycompare.com/companies/transfergo,companies/transfergo,,1,149,845,"04:53, 16 Sep, 2026",0,0%,0,0,0%,0,0,82,13,Robots meta tag contains noindex instruction,
https://sendmoneycompare.com/companies/paypal,companies/paypal,PayPal Review 2026:★1.4 — Cheaper Options on Your Route?,3,164,995,"04:52, 16 Sep, 2026",530,53%,10,909,91%,15,0,90,109,,
https://sendmoneycompare.com/companies/xe,companies/xe,XE Money Transfer Review 2026:★4.4 — Cheaper Options on Your Route?,4,173,"1,524","04:52, 16 Sep, 2026",361,24%,11,992,65%,12,0,91,189,,
https://sendmoneycompare.com/business/small-business,business/small-business,,1,215,"3,460","04:54, 16 Sep, 2026",0,0%,0,0,0%,0,0,91,5,Robots meta tag contains noindex instruction,
https://sendmoneycompare.com/business/bulk-payments,business/bulk-payments,,1,207,"3,096","04:54, 16 Sep, 2026",0,0%,0,0,0%,0,0,91,5,Robots meta tag contains noindex instruction,
https://sendmoneycompare.com/business/vendor-payments,business/vendor-payments,International Vendor Payments— Cheapest Way to Pay Suppliers (2026),1,209,"3,235","04:54, 16 Sep, 2026",230,7%,3,518,16%,6,0,92,4,,
https://sendmoneycompare.com/business/b2b-transfers,business/b2b-transfers,,1,250,"5,365","04:53, 16 Sep, 2026",0,0%,0,0,0%,0,0,93,6,Robots meta tag contains noindex instruction,
https://sendmoneycompare.com/guides/business-payments-usa-to-uk,guides/business-payments-usa-to-uk,,1,228,"2,272","04:54, 16 Sep, 2026",0,0%,0,0,0%,0,0,97,5,Robots meta tag contains noindex instruction,
https://sendmoneycompare.com/guides/business-payments-usa-to-india,guides/business-payments-usa-to-india,USA to India Business Payments | SendMoneyCompare,1,242,"2,765","04:54, 16 Sep, 2026",682,25%,5,"1,248",45%,8,0,99,6,,
https://sendmoneycompare.com/guides/business-payments-usa-to-europe,guides/business-payments-usa-to-europe,,1,230,"2,280","04:54, 16 Sep, 2026",0,0%,0,0,0%,0,0,96,5,Robots meta tag contains noindex instruction,
https://sendmoneycompare.com/guides/business-payments-usa-to-mexico,guides/business-payments-usa-to-mexico,,1,228,"2,188","04:55, 16 Sep, 2026",0,0%,0,0,0%,0,0,94,1,Robots meta tag contains noindex instruction,
https://sendmoneycompare.com/guides/business-payments-usa-to-canada,guides/business-payments-usa-to-canada,,1,235,"2,486","04:55, 16 Sep, 2026",0,0%,0,0,0%,0,0,94,1,Robots meta tag contains noindex instruction,
https://sendmoneycompare.com/guides/business-payments-uk-to-europe,guides/business-payments-uk-to-europe,,1,229,"2,234","04:54, 16 Sep, 2026",0,0%,0,0,0%,0,0,98,2,Robots meta tag contains noindex instruction,
https://sendmoneycompare.com/guides/business-payments-uk-to-india,guides/business-payments-uk-to-india,,1,229,"2,201","04:54, 16 Sep, 2026",0,0%,0,0,0%,0,0,97,2,Robots meta tag contains noindex instruction,
https://sendmoneycompare.com/guides/business-payments-usa-to-philippines,guides/business-payments-usa-to-philippines,,1,228,"2,195","04:55, 16 Sep, 2026",0,0%,0,0,0%,0,0,94,1,Robots meta tag contains noindex instruction,
https://sendmoneycompare.com/guides/business-payments-usa-to-china,guides/business-payments-usa-to-china,USA to China Business Payments | SendMoneyCompare,1,224,"2,686","04:54, 16 Sep, 2026",805,30%,9,"1,257",47%,13,0,89,4,,
https://sendmoneycompare.com/guides/business-international-payments-guide,guides/business-international-payments-guide,International Business Payments: Wise vs OFX vs Revolut (2026),1,271,"3,543","04:53, 16 Sep, 2026",597,17%,13,"1,032",29%,14,0,92,33,,
https://sendmoneycompare.com/guides/lowest-fx-fees-business-payments-2026,guides/lowest-fx-fees-business-payments-2026,Lowest Business FX Fees 2026 | SendMoneyCompare,1,290,"4,540","04:54, 16 Sep, 2026",341,8%,4,942,21%,8,0,86,4,,
https://sendmoneycompare.com/guides/how-to-pay-international-suppliers,guides/how-to-pay-international-suppliers,How to Pay International Suppliers in 2026 | SendMoneyCompare,1,227,"2,216","04:53, 16 Sep, 2026",400,18%,6,930,42%,13,0,88,16,,
https://sendmoneycompare.com/guides/international-payroll-pay-remote-teams,guides/international-payroll-pay-remote-teams,,1,225,"2,111","04:55, 16 Sep, 2026",0,0%,0,0,0%,0,0,87,1,Robots meta tag contains noindex instruction,
https://sendmoneycompare.com/iban/norway,iban/norway,Norway IBAN: 15-Char Format + Example (2026),2,188,"1,794","04:52, 16 Sep, 2026",337,19%,6,"1,206",67%,12,0,76,13,,
https://sendmoneycompare.com/compare/wise-vs-taptap-send,compare/wise-vs-taptap-send,Wise vs TapTap Send— Fees& Rates (2026),1,221,"1,972","04:53, 16 Sep, 2026",927,47%,12,"1,937",98%,17,0,81,4,,
https://sendmoneycompare.com/compare/remitly-vs-taptap-send,compare/remitly-vs-taptap-send,Remitly vs TapTap Send— Fees& Rates (2026),1,222,"1,968","04:53, 16 Sep, 2026",828,42%,14,"1,929",98%,17,0,82,8,,
https://sendmoneycompare.com/compare/moneygram-vs-taptap-send,compare/moneygram-vs-taptap-send,MoneyGram vs TapTap Send— Fees& Rates (2026),1,221,"1,958","04:54, 16 Sep, 2026",926,47%,30,"1,909",97%,32,0,83,5,,
https://sendmoneycompare.com/news/mexico-62b-remittance-corridor-goes-digital-2026,news/mexico-62b-remittance-corridor-goes-digital-2026,,1,229,"1,712","04:54, 16 Sep, 2026",0,0%,0,0,0%,0,0,98,2,Robots meta tag contains noindex instruction,
https://sendmoneycompare.com/news/rwanda-launches-national-fintech-centre-2026,news/rwanda-launches-national-fintech-centre-2026,,1,225,"1,493","04:55, 16 Sep, 2026",0,0%,0,0,0%,0,0,94,1,Robots meta tag contains noindex instruction,
https://sendmoneycompare.com/iban/albania,iban/albania,,1,154,"1,156","04:53, 16 Sep, 2026",0,0%,0,0,0%,0,0,75,7,Robots meta tag contains noindex instruction,
https://sendmoneycompare.com/iban/andorra,iban/andorra,Andorra IBAN: 24-Char Format + Example (2026),1,196,"1,379","04:53, 16 Sep, 2026",235,17%,4,"1,275",92%,5,0,83,12,,
https://sendmoneycompare.com/iban/austria,iban/austria,Austria IBAN: 20-Char Format + Example (2026),2,218,"1,941","04:52, 16 Sep, 2026",263,14%,4,"1,287",66%,8,0,84,9,,
https://sendmoneycompare.com/iban/azerbaijan,iban/azerbaijan,,1,147,"1,063","04:53, 16 Sep, 2026",0,0%,0,0,0%,0,0,76,8,Robots meta tag contains noindex instruction,
https://sendmoneycompare.com/iban/bahrain,iban/bahrain,,1,185,"1,687","04:53, 16 Sep, 2026",0,0%,0,0,0%,0,0,78,6,Robots meta tag contains noindex instruction,
https://sendmoneycompare.com/iban/bosnia-and-herzegovina,iban/bosnia-and-herzegovina,,1,155,"1,191","04:53, 16 Sep, 2026",0,0%,0,0,0%,0,0,76,7,Robots meta tag contains noindex instruction,
https://sendmoneycompare.com/iban/brazil,iban/brazil,Brazil IBAN: 29-Char Format + Example (2026),1,230,"2,130","04:53, 16 Sep, 2026",633,30%,4,"1,166",55%,7,0,88,17,,
https://sendmoneycompare.com/iban/costa-rica,iban/costa-rica,Costa Rica IBAN: 22-Char Format + Example (2026),1,183,"1,355","04:53, 16 Sep, 2026",285,21%,17,"1,177",87%,31,0,80,7,,
https://sendmoneycompare.com/iban/cyprus,iban/cyprus,Cyprus IBAN: 28-Char Format + Example (2026),2,215,"1,903","04:52, 16 Sep, 2026",238,13%,13,"1,367",72%,18,0,82,9,,
https://sendmoneycompare.com/iban/czechia,iban/czechia,Czechia IBAN: 24-Char Format + Example (2026),1,212,"1,766","04:52, 16 Sep, 2026",452,26%,6,947,54%,11,0,81,8,,
https://sendmoneycompare.com/iban/denmark,iban/denmark,Danish IBAN: 18-Char Format + Example (2026),1,187,"1,696","04:53, 16 Sep, 2026",290,17%,5,"1,172",69%,8,0,78,6,,
https://sendmoneycompare.com/iban/dominican-republic,iban/dominican-republic,,1,200,"1,431","04:53, 16 Sep, 2026",0,0%,0,0,0%,0,0,84,8,Robots meta tag contains noindex instruction,
https://sendmoneycompare.com/iban/el-salvador,iban/el-salvador,El Salvador IBAN: 28-Char Format + Example (2026),1,150,"1,113","04:53, 16 Sep, 2026",235,21%,2,949,85%,6,0,77,8,,
https://sendmoneycompare.com/iban/faroe-islands,iban/faroe-islands,,1,165,"1,223","04:53, 16 Sep, 2026",0,0%,0,0,0%,0,0,79,7,Robots meta tag contains noindex instruction,
https://sendmoneycompare.com/iban/georgia,iban/georgia,Georgia IBAN: 22-Char Format + Example (2026),1,167,"1,657","04:53, 16 Sep, 2026",117,7%,4,"1,003",61%,7,0,78,9,,
https://sendmoneycompare.com/iban/gibraltar,iban/gibraltar,,1,147,"1,068","04:53, 16 Sep, 2026",0,0%,0,0,0%,0,0,75,6,Robots meta tag contains noindex instruction,
https://sendmoneycompare.com/iban/greece,iban/greece,Greece IBAN: 27-Char Format + Example (2026),2,218,"1,969","04:52, 16 Sep, 2026",285,14%,7,"1,434",73%,11,0,84,7,,
https://sendmoneycompare.com/iban/greenland,iban/greenland,,1,163,"1,162","04:53, 16 Sep, 2026",0,0%,0,0,0%,0,0,79,10,Robots meta tag contains noindex instruction,
https://sendmoneycompare.com/iban/guatemala,iban/guatemala,,1,199,"1,392","04:53, 16 Sep, 2026",0,0%,0,0,0%,0,0,82,9,Robots meta tag contains noindex instruction,
https://sendmoneycompare.com/iban/vatican-city,iban/vatican-city,,1,195,"1,376","04:52, 16 Sep, 2026",0,0%,0,0,0%,0,0,83,6,Robots meta tag contains noindex instruction,
https://sendmoneycompare.com/iban/iceland,iban/iceland,,1,151,"1,125","04:53, 16 Sep, 2026",0,0%,0,0,0%,0,0,75,8,Robots meta tag contains noindex instruction,
https://sendmoneycompare.com/iban/israel,iban/israel,Israel IBAN: 23-Char Format + Example (2026),1,221,"2,003","04:53, 16 Sep, 2026",749,37%,9,"1,188",59%,14,0,85,10,,
https://sendmoneycompare.com/iban/jordan,iban/jordan,Jordan IBAN: 30-Char Format + Example (2026),1,199,"1,865","04:53, 16 Sep, 2026",216,12%,4,"1,108",59%,6,0,81,7,,
https://sendmoneycompare.com/iban/kazakhstan,iban/kazakhstan,,1,168,"1,223","04:53, 16 Sep, 2026",0,0%,0,0,0%,0,0,78,6,Robots meta tag contains noindex instruction,
https://sendmoneycompare.com/iban/kosovo,iban/kosovo,,1,204,"1,446","04:52, 16 Sep, 2026",0,0%,0,0,0%,0,0,81,11,Robots meta tag contains noindex instruction,
https://sendmoneycompare.com/iban/kuwait,iban/kuwait,Kuwait IBAN: 30-Char Format + Example (2026),1,185,"1,747","04:53, 16 Sep, 2026",210,12%,3,"1,082",62%,6,0,78,9,,
https://sendmoneycompare.com/iban/lebanon,iban/lebanon,,1,151,"1,101","04:53, 16 Sep, 2026",0,0%,0,0,0%,0,0,76,5,Robots meta tag contains noindex instruction,
https://sendmoneycompare.com/iban/liechtenstein,iban/liechtenstein,,1,164,"1,172","04:53, 16 Sep, 2026",0,0%,0,0,0%,0,0,76,8,Robots meta tag contains noindex instruction,
https://sendmoneycompare.com/iban/malta,iban/malta,,1,200,"1,426","04:53, 16 Sep, 2026",0,0%,0,0,0%,0,0,82,5,Robots meta tag contains noindex instruction,
https://sendmoneycompare.com/iban/mauritania,iban/mauritania,,1,155,"1,155","04:53, 16 Sep, 2026",0,0%,0,0,0%,0,0,76,7,Robots meta tag contains noindex instruction,
https://sendmoneycompare.com/iban/moldova,iban/moldova,,1,147,"1,077","04:53, 16 Sep, 2026",0,0%,0,0,0%,0,0,77,9,Robots meta tag contains noindex instruction,
https://sendmoneycompare.com/iban/qatar,iban/qatar,Qatar IBAN: 29-Char Format + Example (2026),1,185,"1,778","04:53, 16 Sep, 2026",244,14%,7,"1,123",63%,10,0,79,9,,
https://sendmoneycompare.com/iban/north-macedonia,iban/north-macedonia,,1,151,"1,152","04:53, 16 Sep, 2026",0,0%,0,0,0%,0,0,77,11,Robots meta tag contains noindex instruction,
https://sendmoneycompare.com/iban/san-marino,iban/san-marino,,1,199,"1,449","04:53, 16 Sep, 2026",0,0%,0,0,0%,0,0,81,5,Robots meta tag contains noindex instruction,
https://sendmoneycompare.com/iban/serbia,iban/serbia,,1,154,"1,132","04:53, 16 Sep, 2026",0,0%,0,0,0%,0,0,75,7,Robots meta tag contains noindex instruction,
https://sendmoneycompare.com/iban/slovakia,iban/slovakia,Slovakia IBAN: 24-Char Format + Example (2026),1,200,"1,391","04:53, 16 Sep, 2026",280,20%,5,"1,287",93%,6,0,81,5,,
https://sendmoneycompare.com/iban/timor-leste,iban/timor-leste,,1,150,"1,117","04:53, 16 Sep, 2026",0,0%,0,0,0%,0,0,77,6,Robots meta tag contains noindex instruction,
https://sendmoneycompare.com/iban/turkey,iban/turkey,Turkey IBAN: 26-Char Format + Example (2026),1,213,"1,911","04:53, 16 Sep, 2026",280,15%,10,"1,219",64%,11,0,85,15,,
https://sendmoneycompare.com/iban/ukraine,iban/ukraine,Ukraine IBAN: 29-Char Format + Example (2026),1,218,"1,909","04:53, 16 Sep, 2026",645,34%,6,"1,152",60%,10,0,85,11,,
https://sendmoneycompare.com/iban/british-virgin-islands,iban/british-virgin-islands,,1,148,"1,091","04:53, 16 Sep, 2026",0,0%,0,0,0%,0,0,76,6,Robots meta tag contains noindex instruction,
https://sendmoneycompare.com/exchange-rates/usd-to-mxn,exchange-rates/usd-to-mxn,Live USD to MXN Exchange Rate Today (2026),1,216,"1,676","04:53, 16 Sep, 2026",859,51%,9,"1,160",69%,12,0,90,6,,
https://sendmoneycompare.com/exchange-rates/usd-to-pkr,exchange-rates/usd-to-pkr,Live USD to PKR Exchange Rate Today (2026),1,219,"1,754","04:53, 16 Sep, 2026",508,29%,15,"1,340",76%,16,0,90,6,,
https://sendmoneycompare.com/exchange-rates/usd-to-brl,exchange-rates/usd-to-brl,USD to BRL Today: Live Dollar to Real Rate (2026),1,217,"1,773","04:53, 16 Sep, 2026",162,9%,6,"1,124",63%,9,0,88,10,,
https://sendmoneycompare.com/exchange-rates/eur-to-usd,exchange-rates/eur-to-usd,Live EUR to USD Exchange Rate Today (2026),1,179,"1,371","04:53, 16 Sep, 2026",846,62%,24,"1,081",79%,28,0,80,6,,
https://sendmoneycompare.com/exchange-rates/usd-to-cad,exchange-rates/usd-to-cad,Live USD to CAD Exchange Rate Today (2026),1,187,"1,438","04:53, 16 Sep, 2026",200,14%,15,"1,102",77%,19,0,84,8,,
https://sendmoneycompare.com/exchange-rates/usd-to-jpy,exchange-rates/usd-to-jpy,Live USD to JPY Exchange Rate Today (2026),1,187,"1,427","04:53, 16 Sep, 2026",577,40%,6,"1,113",78%,10,0,84,7,,
https://sendmoneycompare.com/exchange-rates/cad-to-inr,exchange-rates/cad-to-inr,Live CAD to INR Exchange Rate Today (2026),1,213,"1,702","04:53, 16 Sep, 2026",706,41%,8,"1,218",72%,19,0,86,4,,
https://sendmoneycompare.com/exchange-rates/usd-to-ngn,exchange-rates/usd-to-ngn,Live USD to NGN Exchange Rate Today (2026),1,218,"1,757","04:53, 16 Sep, 2026",358,20%,7,"1,186",68%,10,0,90,8,,
https://sendmoneycompare.com/exchange-rates/gbp-to-usd,exchange-rates/gbp-to-usd,Live GBP to USD Exchange Rate Today (2026),1,184,"1,394","04:53, 16 Sep, 2026",181,13%,8,"1,060",76%,9,0,82,5,,
https://sendmoneycompare.com/exchange-rates/gbp-to-pkr,exchange-rates/gbp-to-pkr,Live GBP to PKR Exchange Rate Today (2026),1,215,"1,717","04:53, 16 Sep, 2026",345,20%,5,"1,168",68%,6,0,88,5,,
https://sendmoneycompare.com/exchange-rates/aud-to-inr,exchange-rates/aud-to-inr,Live AUD to INR Exchange Rate Today (2026),1,213,"1,709","04:53, 16 Sep, 2026",754,44%,9,"1,254",73%,12,0,86,3,,
https://sendmoneycompare.com/exchange-rates/usd-to-aud,exchange-rates/usd-to-aud,Live USD to AUD Exchange Rate Today (2026),1,187,"1,414","04:53, 16 Sep, 2026",123,9%,3,996,70%,5,0,84,8,,
https://sendmoneycompare.com/exchange-rates/usd-to-cny,exchange-rates/usd-to-cny,Live USD to CNY Exchange Rate Today (2026),1,189,"1,482","04:53, 16 Sep, 2026",150,10%,13,"1,078",73%,20,0,84,4,,
https://sendmoneycompare.com/send-money?from=USD&to=KES&amount=1000,send-money?from=USD&to=KES&amount=1000,https://sendmoneycompare.com/send-money,1,0,0,"00:00, 1 Jan, 1970",0,0%,0,0,0%,0,0,0,2,Canonical ,https://sendmoneycompare.com/send-money
https://sendmoneycompare.com/news/absa-thunes-global-pay-africa-remittances,news/absa-thunes-global-pay-africa-remittances,,1,223,"1,452","04:54, 16 Sep, 2026",0,0%,0,0,0%,0,0,96,2,Robots meta tag contains noindex instruction,
https://sendmoneycompare.com/send-money/send-money-to-kenya,send-money/send-money-to-kenya,Cheapest Way to Send Money to Kenya (2026)— M-Pesa& Bank,1,"1,115","6,686","04:53, 16 Sep, 2026","4,427",66%,28,"5,750",86%,28,0,130,5,,
https://sendmoneycompare.com/send-money/usa-to-kenya,send-money/usa-to-kenya,Cheapest Way to Send Money USA to Kenya— USD→KES Rates (2026),2,"1,121","7,057","04:52, 16 Sep, 2026","4,807",68%,30,"5,728",81%,35,0,136,35,,
https://sendmoneycompare.com/companies/ace-money-transfer,companies/ace-money-transfer,ACE Money Transfer Review 2026— Cheaper Options on Your Route?,1,166,"1,448","04:53, 16 Sep, 2026",714,49%,2,714,49%,2,0,84,8,,
https://sendmoneycompare.com/companies/sendwave,companies/sendwave,,2,150,862,"04:52, 16 Sep, 2026",0,0%,0,0,0%,0,0,82,46,Robots meta tag contains noindex instruction,
https://sendmoneycompare.com/companies/profee,companies/profee,,1,149,832,"04:53, 16 Sep, 2026",0,0%,0,0,0%,0,0,82,9,Robots meta tag contains noindex instruction,
https://sendmoneycompare.com/companies/skyremit,companies/skyremit,,1,149,849,"04:54, 16 Sep, 2026",0,0%,0,0,0%,0,0,82,8,Robots meta tag contains noindex instruction,
https://sendmoneycompare.com/companies/panda-remit,companies/panda-remit,,1,150,865,"04:53, 16 Sep, 2026",0,0%,0,0,0%,0,0,82,14,Robots meta tag contains noindex instruction,
https://sendmoneycompare.com/companies/gme-remit,companies/gme-remit,,1,155,968,"04:54, 16 Sep, 2026",0,0%,0,0,0%,0,0,82,2,Robots meta tag contains noindex instruction,
https://sendmoneycompare.com/companies/monese,companies/monese,,1,151,845,"04:53, 16 Sep, 2026",0,0%,0,0,0%,0,0,82,24,Robots meta tag contains noindex instruction,
https://sendmoneycompare.com/companies/mukuru,companies/mukuru,,1,150,873,"04:53, 16 Sep, 2026",0,0%,0,0,0%,0,0,82,11,Robots meta tag contains noindex instruction,
https://sendmoneycompare.com/companies/koho,companies/koho,,1,149,824,"04:53, 16 Sep, 2026",0,0%,0,0,0%,0,0,82,5,Robots meta tag contains noindex instruction,
https://sendmoneycompare.com/companies/fairfx,companies/fairfx,,1,149,847,"04:54, 16 Sep, 2026",0,0%,0,0,0%,0,0,82,4,Robots meta tag contains noindex instruction,
https://sendmoneycompare.com/companies/boss-money,companies/boss-money,,1,151,886,"04:52, 16 Sep, 2026",0,0%,0,0,0%,0,0,83,39,Robots meta tag contains noindex instruction,
https://sendmoneycompare.com/companies/pnb-europe,companies/pnb-europe,,1,149,847,"04:54, 16 Sep, 2026",0,0%,0,0,0%,0,0,82,3,Robots meta tag contains noindex instruction,
https://sendmoneycompare.com/companies/regencyfx,companies/regencyfx,Regency FX Review 2026:★4.8 — Cheaper Options on Your Route?,3,155,899,"04:52, 16 Sep, 2026",236,26%,7,772,86%,10,0,85,192,,
https://sendmoneycompare.com/companies/currencyfair,companies/currencyfair,,2,152,857,"04:52, 16 Sep, 2026",0,0%,0,0,0%,0,0,82,85,Robots meta tag contains noindex instruction,
https://sendmoneycompare.com/companies/singx,companies/singx,,1,149,827,"04:53, 16 Sep, 2026",0,0%,0,0,0%,0,0,82,4,Robots meta tag contains noindex instruction,
https://sendmoneycompare.com/companies/moneycorp,companies/moneycorp,,1,150,831,"04:53, 16 Sep, 2026",0,0%,0,0,0%,0,0,85,19,Robots meta tag contains noindex instruction,
https://sendmoneycompare.com/companies/hsbc,companies/hsbc,,1,154,870,"04:53, 16 Sep, 2026",0,0%,0,0,0%,0,0,85,34,Robots meta tag contains noindex instruction,
https://sendmoneycompare.com/companies/nationwide,companies/nationwide,,1,149,829,"04:53, 16 Sep, 2026",0,0%,0,0,0%,0,0,83,22,Robots meta tag contains noindex instruction,
https://sendmoneycompare.com/companies/chase,companies/chase,,1,154,862,"04:52, 16 Sep, 2026",0,0%,0,0,0%,0,0,85,24,Robots meta tag contains noindex instruction,
https://sendmoneycompare.com/companies/barclays,companies/barclays,,1,149,836,"04:53, 16 Sep, 2026",0,0%,0,0,0%,0,0,82,22,Robots meta tag contains noindex instruction,
https://sendmoneycompare.com/companies/commonwealth-bank,companies/commonwealth-bank,,1,150,833,"04:53, 16 Sep, 2026",0,0%,0,0,0%,0,0,82,17,Robots meta tag contains noindex instruction,
https://sendmoneycompare.com/companies/santander,companies/santander,,1,148,811,"04:53, 16 Sep, 2026",0,0%,0,0,0%,0,0,82,15,Robots meta tag contains noindex instruction,
https://sendmoneycompare.com/companies/natwest,companies/natwest,,1,148,819,"04:53, 16 Sep, 2026",0,0%,0,0,0%,0,0,82,21,Robots meta tag contains noindex instruction,
https://sendmoneycompare.com/companies/united-overseas-bank,companies/united-overseas-bank,,1,150,866,"04:54, 16 Sep, 2026",0,0%,0,0,0%,0,0,82,4,Robots meta tag contains noindex instruction,
https://sendmoneycompare.com/companies/lloyds,companies/lloyds,,1,148,839,"04:53, 16 Sep, 2026",0,0%,0,0,0%,0,0,83,15,Robots meta tag contains noindex instruction,
https://sendmoneycompare.com/companies/anz,companies/anz,,1,147,819,"04:53, 16 Sep, 2026",0,0%,0,0,0%,0,0,82,18,Robots meta tag contains noindex instruction,
https://sendmoneycompare.com/companies/westpac,companies/westpac,,1,148,823,"04:54, 16 Sep, 2026",0,0%,0,0,0%,0,0,83,17,Robots meta tag contains noindex instruction,
https://sendmoneycompare.com/companies/td-bank,companies/td-bank,,1,149,846,"04:53, 16 Sep, 2026",0,0%,0,0,0%,0,0,82,12,Robots meta tag contains noindex instruction,
https://sendmoneycompare.com/companies/scotiabank,companies/scotiabank,,1,150,844,"04:54, 16 Sep, 2026",0,0%,0,0,0%,0,0,82,3,Robots meta tag contains noindex instruction,
https://sendmoneycompare.com/companies/bank-of-america,companies/bank-of-america,,1,152,871,"04:54, 16 Sep, 2026",0,0%,0,0,0%,0,0,83,3,Robots meta tag contains noindex instruction,
https://sendmoneycompare.com/companies/rbs,companies/rbs,,1,150,870,"04:53, 16 Sep, 2026",0,0%,0,0,0%,0,0,82,21,Robots meta tag contains noindex instruction,
https://sendmoneycompare.com/companies/wells-fargo,companies/wells-fargo,,1,152,865,"04:52, 16 Sep, 2026",0,0%,0,0,0%,0,0,83,24,Robots meta tag contains noindex instruction,
https://sendmoneycompare.com/companies/deutsche-bank,companies/deutsche-bank,,1,150,840,"04:54, 16 Sep, 2026",0,0%,0,0,0%,0,0,82,19,Robots meta tag contains noindex instruction,
https://sendmoneycompare.com/compare/paypal-vs-worldremit,compare/paypal-vs-worldremit,,1,218,"1,799","04:54, 16 Sep, 2026",0,0%,0,0,0%,0,0,83,5,Robots meta tag contains noindex instruction,
https://sendmoneycompare.com/compare/wise-vs-moneygram,compare/wise-vs-moneygram,,1,217,"1,775","04:53, 16 Sep, 2026",0,0%,0,0,0%,0,0,83,4,Robots meta tag contains noindex instruction,
https://sendmoneycompare.com/compare/wise-vs-xoom,compare/wise-vs-xoom,,1,217,"1,813","04:53, 16 Sep, 2026",0,0%,0,0,0%,0,0,82,9,Robots meta tag contains noindex instruction,
https://sendmoneycompare.com/guides/best-apps-to-send-money-from-us-2026,guides/best-apps-to-send-money-from-us-2026,Best Apps to Send Money Abroad from the US (2026) | SendMoneyCompare,1,264,"2,816","04:55, 16 Sep, 2026",144,5%,7,545,19%,17,0,92,1,,
https://sendmoneycompare.com/guides/gbp-forecast-2026,guides/gbp-forecast-2026,GBP Forecast 2026: How Far Can the Pound Move?,1,160,"1,886","04:54, 16 Sep, 2026",312,17%,2,312,17%,2,0,71,2,,
https://sendmoneycompare.com/guides/receive-international-payments-freelancer,guides/receive-international-payments-freelancer,Receiving International Payments as a Freelancer: What to Use,1,235,"3,100","04:55, 16 Sep, 2026",348,11%,5,843,27%,6,0,84,2,,
https://sendmoneycompare.com/guides/wise-vs-remitly-vs-xoom-vs-xe,guides/wise-vs-remitly-vs-xoom-vs-xe,Wise vs Remitly vs Xoom vs XE— Measured Cost Comparison,1,233,"2,758","04:55, 16 Sep, 2026",234,8%,3,846,31%,5,0,91,2,,
https://sendmoneycompare.com/guides/sent-money-to-the-wrong-person,guides/sent-money-to-the-wrong-person,Sent Money to the Wrong Person? Your Rights and Next Steps,1,249,"3,357","04:55, 16 Sep, 2026",382,11%,3,816,24%,3,0,83,2,,
https://sendmoneycompare.com/guides/best-apps-send-money-uk-to-nigeria-2026,guides/best-apps-send-money-uk-to-nigeria-2026,Best Apps to Send Money UK to Nigeria July 2026 | SendMoneyCompare,1,271,"3,103","04:55, 16 Sep, 2026",585,19%,9,"1,189",38%,11,0,123,2,,
https://sendmoneycompare.com/guides/b2b-international-payments-guide,guides/b2b-international-payments-guide,B2B International Payments 2026 | SendMoneyCompare,1,231,"2,706","04:55, 16 Sep, 2026",108,4%,4,779,29%,4,0,85,2,,
https://sendmoneycompare.com/guides/send-money-australia-to-india,guides/send-money-australia-to-india,Send Money from Australia to India | SendMoneyCompare,1,261,"2,776","04:55, 16 Sep, 2026",688,25%,9,"1,029",37%,22,0,134,2,,
https://sendmoneycompare.com/guides/send-money-to-india-from-usa-guide,guides/send-money-to-india-from-usa-guide,Send Money from USA to India | SendMoneyCompare,1,348,"5,874","04:54, 16 Sep, 2026",556,9%,9,"1,059",18%,9,0,136,3,,
https://sendmoneycompare.com/guides/best-money-transfer-apps,guides/best-money-transfer-apps,Best Send Money Apps 2026— Ranked on Measured Cost | SendMoneyCompare,2,270,"3,886","04:52, 16 Sep, 2026",620,16%,14,"1,216",31%,19,0,112,60,,
https://sendmoneycompare.com/guides/send-money-to-nigeria-from-usa-uk-canada-australia,guides/send-money-to-nigeria-from-usa-uk-canada-australia,Send Money to Nigeria 2026 | SendMoneyCompare,1,244,"2,491","04:55, 16 Sep, 2026",409,16%,6,"1,090",44%,7,0,91,2,,
https://sendmoneycompare.com/guides/fastest-way-to-send-money-internationally,guides/fastest-way-to-send-money-internationally,Fastest Way to Send Money Internationally | SendMoneyCompare,1,251,"2,706","04:54, 16 Sep, 2026",218,8%,7,824,30%,7,0,97,3,,
https://sendmoneycompare.com/guides/multi-currency-account-wars-2026,guides/multi-currency-account-wars-2026,Multi-Currency Account Wars | SendMoneyCompare,1,249,"2,596","04:54, 16 Sep, 2026",309,12%,3,813,31%,3,0,91,2,,
https://sendmoneycompare.com/guides/best-money-transfer-apps-large-transfers,guides/best-money-transfer-apps-large-transfers,Best Apps for Large International Transfers ($10k+) 2026,1,290,"4,152","04:54, 16 Sep, 2026",410,10%,5,944,23%,5,0,92,2,,
https://sendmoneycompare.com/guides/xe-tax-season-cross-border-money-2026,guides/xe-tax-season-cross-border-money-2026,Moving Money for Tax Season 2026 | SendMoneyCompare,1,284,"4,395","04:54, 16 Sep, 2026",290,7%,4,806,18%,7,0,92,2,,
https://sendmoneycompare.com/guides/how-to-buy-spacex-nvidia-stock-using-revolut,guides/how-to-buy-spacex-nvidia-stock-using-revolut,How to Buy SpaceX& Nvidia Stock using Revolut | SendMoneyCompare,1,260,"3,803","04:54, 16 Sep, 2026",407,11%,3,649,17%,4,0,85,2,,
https://sendmoneycompare.com/guides/top-money-transfer-apps-usa-to-india-2026,guides/top-money-transfer-apps-usa-to-india-2026,Top Money Transfer Apps: USA to India 2026 | SendMoneyCompare,1,272,"3,757","04:55, 16 Sep, 2026",337,9%,4,"1,012",27%,5,0,96,2,,
https://sendmoneycompare.com/guides/are-wire-transfers-safe,guides/are-wire-transfers-safe,Are Wire Transfers Safe? | SendMoneyCompare,1,239,"2,829","04:54, 16 Sep, 2026",255,9%,5,879,31%,8,0,84,4,,
https://sendmoneycompare.com/guides/us-remittance-tax-2026,guides/us-remittance-tax-2026,US Remittance Tax 2026 | SendMoneyCompare,1,267,"3,051","04:53, 16 Sep, 2026",313,10%,6,974,32%,6,0,106,22,,
https://sendmoneycompare.com/guides/crypto-banking-licenses-2026,guides/crypto-banking-licenses-2026,Crypto Banking Licenses 2026 | SendMoneyCompare,1,264,"3,151","04:54, 16 Sep, 2026",342,11%,7,995,32%,8,0,94,6,,
https://sendmoneycompare.com/guides/revolut-us-banking-license-2026,guides/revolut-us-banking-license-2026,Revolut US Banking License 2026: What It Means | SendMoneyCompare,1,237,"2,376","04:54, 16 Sep, 2026",318,13%,4,895,38%,5,0,86,3,,
https://sendmoneycompare.com/guides/eu-instant-payments-2026,guides/eu-instant-payments-2026,EU Instant Payments 2026 | SendMoneyCompare,1,236,"2,371","04:54, 16 Sep, 2026",173,7%,4,810,34%,7,0,91,3,,
https://sendmoneycompare.com/guides/hidden-fees-international-transfers,guides/hidden-fees-international-transfers,Hidden International Transfer Fees: What Banks Don't Show,1,242,"2,679","04:54, 16 Sep, 2026",528,20%,9,896,33%,12,0,90,5,,
https://sendmoneycompare.com/guides/stablecoin-international-transfers-guide,guides/stablecoin-international-transfers-guide,Sending Money Abroad with Stablecoins in 2026 | SendMoneyCompare,1,241,"2,638","04:54, 16 Sep, 2026",321,12%,5,820,31%,5,0,89,2,,
https://sendmoneycompare.com/guides/how-to-send-large-amounts-internationally,guides/how-to-send-large-amounts-internationally,How to Send Large Amounts Internationally | SendMoneyCompare,1,249,"3,094","04:54, 16 Sep, 2026",390,13%,6,947,31%,7,0,91,3,,
https://sendmoneycompare.com/guides/authorization-vs-settlement-stablecoins,guides/authorization-vs-settlement-stablecoins,Why“Payment Approved” Isn’t Real Money | SendMoneyCompare,1,259,"2,788","04:54, 16 Sep, 2026",369,13%,5,890,32%,7,0,86,2,,
https://sendmoneycompare.com/guides/stablecoin-vs-wire-transfer-comparison,guides/stablecoin-vs-wire-transfer-comparison,Stablecoin vs Wire Transfer vs Wise | SendMoneyCompare,1,234,"2,098","04:54, 16 Sep, 2026",337,16%,13,967,46%,14,0,89,4,,
https://sendmoneycompare.com/guides/money-transfer-limits-by-provider-country,guides/money-transfer-limits-by-provider-country,International Transfer Limits by Provider (2026) | SendMoneyCompare,1,239,"2,285","04:54, 16 Sep, 2026",274,12%,7,901,39%,8,0,94,3,,
https://sendmoneycompare.com/guides/ofx-review-2026,guides/ofx-review-2026,OFX Review 2026 | SendMoneyCompare,1,248,"2,950","04:55, 16 Sep, 2026",347,12%,10,854,29%,12,0,86,2,,
https://sendmoneycompare.com/guides/wise-vs-remitly-comparison,guides/wise-vs-remitly-comparison,Wise vs Remitly 2026: Which Is Cheaper? | SendMoneyCompare,1,218,"1,948","04:53, 16 Sep, 2026",214,11%,6,978,50%,9,0,88,7,,
https://sendmoneycompare.com/guides/send-money-to-india-cash-pickup-ria,guides/send-money-to-india-cash-pickup-ria,Send Money to India via Ria Cash Pickup | SendMoneyCompare,1,274,"3,767","04:54, 16 Sep, 2026",172,5%,5,"1,015",27%,6,0,93,2,,
https://sendmoneycompare.com/guides/taptap-send-vs-wise-remitly-usd-to-pkr,guides/taptap-send-vs-wise-remitly-usd-to-pkr,TapTap Send vs Wise vs Remitly vs XE: USD to PKR | SendMoneyCompare,1,268,"3,201","04:54, 16 Sep, 2026",637,20%,15,964,30%,22,0,125,2,,
https://sendmoneycompare.com/guides/how-to-send-money-to-india-2026,guides/how-to-send-money-to-india-2026,How to Send Money to India Internationally | SendMoneyCompare,1,354,"6,342","04:54, 16 Sep, 2026",523,8%,5,"1,085",17%,7,0,103,2,,
https://sendmoneycompare.com/guides/send-money-uae-to-pakistan-guide,guides/send-money-uae-to-pakistan-guide,Send Money from UAE to Pakistan 2026 | SendMoneyCompare,1,339,"5,831","04:54, 16 Sep, 2026",639,11%,8,"1,003",17%,9,0,99,4,,
https://sendmoneycompare.com/guides/send-money-to-kenya-from-usa-guide,guides/send-money-to-kenya-from-usa-guide,Send Money to Kenya from USA | SendMoneyCompare,1,238,"2,208","04:54, 16 Sep, 2026",445,20%,14,"1,210",55%,15,0,91,2,,
https://sendmoneycompare.com/guides/send-money-to-egypt-guide,guides/send-money-to-egypt-guide,Send Money to Egypt 2026 | SendMoneyCompare,1,308,"4,635","04:53, 16 Sep, 2026",464,10%,12,"1,164",25%,12,0,102,10,,
https://sendmoneycompare.com/guides/send-money-to-jamaica-guide,guides/send-money-to-jamaica-guide,Send Money to Jamaica | SendMoneyCompare,1,222,"1,687","04:55, 16 Sep, 2026",425,25%,21,"1,062",63%,35,0,89,2,,
https://sendmoneycompare.com/guides/send-money-to-sri-lanka-guide,guides/send-money-to-sri-lanka-guide,Send Money to Sri Lanka | SendMoneyCompare,1,225,"1,828","04:54, 16 Sep, 2026",500,27%,24,"1,136",62%,37,0,90,4,,
https://sendmoneycompare.com/guides/send-money-to-india-guide,guides/send-money-to-india-guide,Best Ways to Send Money to India (2026) | SendMoneyCompare,1,241,"2,224","04:53, 16 Sep, 2026",752,34%,20,"1,475",66%,23,0,96,37,,
https://sendmoneycompare.com/guides/send-money-to-pakistan-guide,guides/send-money-to-pakistan-guide,Best Way to Send Money to Pakistan 2026 | SendMoneyCompare,1,267,"3,045","04:53, 16 Sep, 2026","1,093",36%,21,"1,704",56%,27,0,93,22,,
https://sendmoneycompare.com/guides/send-money-to-philippines-guide,guides/send-money-to-philippines-guide,Send Money to the Philippines: Cheapest Ways 2026 | SendMoneyCompare,1,259,"3,189","04:53, 16 Sep, 2026",904,28%,10,"1,527",48%,17,0,92,23,,
https://sendmoneycompare.com/guides/send-money-to-brazil-guide,guides/send-money-to-brazil-guide,Send Money to Brazil 2026 | SendMoneyCompare,1,301,"5,577","04:54, 16 Sep, 2026",267,5%,5,936,17%,7,0,93,9,,
https://sendmoneycompare.com/guides/send-money-to-mexico-guide,guides/send-money-to-mexico-guide,Cheapest Way to Send Money to Mexico (2026) | SendMoneyCompare,1,246,"2,510","04:53, 16 Sep, 2026",855,34%,18,"1,481",59%,24,0,94,17,,
https://sendmoneycompare.com/guides/send-money-usa-to-mexico-cost-guide,guides/send-money-usa-to-mexico-cost-guide,USA to Mexico Money Transfer | SendMoneyCompare,1,289,"4,709","04:55, 16 Sep, 2026",388,8%,7,930,20%,10,0,94,2,,
https://sendmoneycompare.com/guides/send-money-to-nigeria-guide,guides/send-money-to-nigeria-guide,Cheapest Way to Send Money to Nigeria (2026) | SendMoneyCompare,1,247,"2,437","04:53, 16 Sep, 2026",931,38%,23,"1,563",64%,26,0,93,20,,
https://sendmoneycompare.com/guides/send-money-to-bangladesh-guide,guides/send-money-to-bangladesh-guide,Send Money to Bangladesh | SendMoneyCompare,1,245,"2,416","04:53, 16 Sep, 2026","1,098",45%,19,"1,709",71%,20,0,93,14,,
https://sendmoneycompare.com/guides/send-money-uk-to-india-guide,guides/send-money-uk-to-india-guide,Send Money from UK to India: Best Ways 2026 | SendMoneyCompare,1,252,"2,790","04:54, 16 Sep, 2026","1,892",68%,15,"2,534",91%,19,0,93,6,,
https://sendmoneycompare.com/guides/send-money-canada-to-india-guide,guides/send-money-canada-to-india-guide,Send Money from Canada to India: Best Ways in 2026 | SendMoneyCompare,1,253,"2,834","04:54, 16 Sep, 2026","1,289",45%,4,"2,231",79%,7,0,94,3,,
https://sendmoneycompare.com/guides/send-money-to-nepal-guide,guides/send-money-to-nepal-guide,Best Way to Send Money to Nepal 2026 | SendMoneyCompare,1,265,"3,400","04:54, 16 Sep, 2026",650,19%,13,"1,223",36%,17,0,94,2,,
https://sendmoneycompare.com/guides/send-money-to-morocco-guide,guides/send-money-to-morocco-guide,Cheapest Way to Send Money to Morocco | SendMoneyCompare,1,278,"3,170","04:54, 16 Sep, 2026",329,10%,6,"1,020",32%,9,0,132,5,,
https://sendmoneycompare.com/guides/send-money-uk-to-bangladesh-guide,guides/send-money-uk-to-bangladesh-guide,Send Money from UK to Bangladesh: Best Ways in 2026 | SendMoneyCompare,1,268,"3,366","04:54, 16 Sep, 2026","1,109",33%,4,"2,013",60%,6,0,94,2,,
https://sendmoneycompare.com/guides/send-money-to-kenya-guide,guides/send-money-to-kenya-guide,Cheapest Way to Send Money to Kenya | SendMoneyCompare,1,264,"3,059","04:53, 16 Sep, 2026",973,32%,15,"1,802",59%,16,0,96,12,,
https://sendmoneycompare.com/guides/send-money-uk-to-nigeria-guide,guides/send-money-uk-to-nigeria-guide,Send Money from UK to Nigeria | SendMoneyCompare,1,262,"3,023","04:54, 16 Sep, 2026",692,23%,4,"1,499",50%,4,0,97,4,,
https://sendmoneycompare.com/guides/send-money-to-south-africa-guide,guides/send-money-to-south-africa-guide,Cheapest Way to Send Money to South Africa | SendMoneyCompare,1,269,"3,238","04:53, 16 Sep, 2026",945,29%,12,"1,649",51%,15,0,95,15,,
https://sendmoneycompare.com/guides/send-money-to-colombia-guide,guides/send-money-to-colombia-guide,Cheapest Way to Send Money to Colombia 2026 | SendMoneyCompare,1,252,"2,854","04:54, 16 Sep, 2026",604,21%,7,"1,157",41%,8,0,93,8,,
https://sendmoneycompare.com/guides/send-money-to-poland-guide,guides/send-money-to-poland-guide,Cheapest Way to Send Money to Poland | SendMoneyCompare,1,253,"3,033","04:54, 16 Sep, 2026",601,20%,5,"1,183",39%,6,0,93,10,,
https://sendmoneycompare.com/guides/send-money-uae-to-india-guide,guides/send-money-uae-to-india-guide,Send Money from UAE to India 2026 (AED to INR) | SendMoneyCompare,1,255,"2,931","04:54, 16 Sep, 2026",569,19%,11,"1,157",39%,12,0,93,4,,
https://sendmoneycompare.com/guides/send-money-to-china-guide,guides/send-money-to-china-guide,How to Send Money to China from the USA (2026) | SendMoneyCompare,1,257,"3,233","04:54, 16 Sep, 2026",687,21%,21,"1,189",37%,22,0,92,9,,
https://sendmoneycompare.com/guides/send-money-to-vietnam-guide,guides/send-money-to-vietnam-guide,Send Money to Vietnam | SendMoneyCompare,1,225,"1,910","04:53, 16 Sep, 2026",630,33%,11,"1,285",67%,13,0,90,9,,
https://sendmoneycompare.com/guides/send-money-to-turkey-guide,guides/send-money-to-turkey-guide,Send Money to Turkey | SendMoneyCompare,1,225,"1,988","04:54, 16 Sep, 2026",674,34%,25,"1,269",64%,28,0,93,8,,
https://sendmoneycompare.com/guides/send-money-to-spain-guide,guides/send-money-to-spain-guide,Cheapest Way to Send Money to Spain 2026 | SendMoneyCompare,1,218,"1,666","04:54, 16 Sep, 2026",734,44%,24,"1,153",69%,38,0,89,5,,
https://sendmoneycompare.com/guides/send-money-to-uk-guide,guides/send-money-to-uk-guide,Cheapest Way to Send Money to the UK 2026 | SendMoneyCompare,1,262,"3,598","04:54, 16 Sep, 2026","1,004",28%,13,"1,643",46%,14,0,94,9,,
https://sendmoneycompare.com/guides/send-money-to-south-korea-guide,guides/send-money-to-south-korea-guide,Cheapest Way to Send Money to South Korea | SendMoneyCompare,1,267,"3,590","04:54, 16 Sep, 2026",346,10%,5,"1,014",28%,7,0,96,9,,
https://sendmoneycompare.com/guides/send-money-to-australia-guide,guides/send-money-to-australia-guide,Cheapest Way to Send Money to Australia | SendMoneyCompare,1,277,"3,872","04:54, 16 Sep, 2026",882,23%,9,"1,552",40%,9,0,94,5,,
https://sendmoneycompare.com/guides/send-money-to-ethiopia-guide,guides/send-money-to-ethiopia-guide,Cheapest Way to Send Money to Ethiopia 2026 | SendMoneyCompare,1,224,"1,783","04:54, 16 Sep, 2026",413,23%,17,"1,103",62%,17,0,90,4,,
https://sendmoneycompare.com/guides/how-to-send-money-from-china,guides/how-to-send-money-from-china,How to Send Money from China (CNY) Abroad 2026 | SendMoneyCompare,1,269,"4,007","04:54, 16 Sep, 2026",383,10%,7,814,20%,8,0,89,3,,
https://sendmoneycompare.com/guides/how-to-pay-international-freelancers-contractors,guides/how-to-pay-international-freelancers-contractors,How to Pay International Freelancers in 2026 | SendMoneyCompare,1,287,"4,694","04:55, 16 Sep, 2026",152,3%,4,831,18%,7,0,87,3,,
https://sendmoneycompare.com/guides/business-money-transfers-provider-review,guides/business-money-transfers-provider-review,Best International Money Transfer for Business 2026 | SendMoneyCompare,1,267,"3,624","04:54, 16 Sep, 2026",299,8%,4,880,24%,7,0,90,12,,
https://sendmoneycompare.com/guides/invoicing-international-clients-multiple-currencies,guides/invoicing-international-clients-multiple-currencies,Invoicing International Clients: Multi-Currency Guide,1,225,"2,164","04:55, 16 Sep, 2026",370,17%,3,906,42%,5,0,84,2,,
https://sendmoneycompare.com/guides/bulk-international-payments-guide,guides/bulk-international-payments-guide,Bulk International Payments | SendMoneyCompare,1,318,"5,827","04:54, 16 Sep, 2026",470,8%,3,786,13%,3,0,86,2,,
https://sendmoneycompare.com/guides/xe-business-payments-review,guides/xe-business-payments-review,Xe Business Payments Review 2026 | SendMoneyCompare,1,268,"3,642","04:54, 16 Sep, 2026",231,6%,3,816,22%,6,0,85,2,,
https://sendmoneycompare.com/guides/bank-wire-transfer-fees-2026,guides/bank-wire-transfer-fees-2026,Bank Wire Transfer Fees 2026 | SendMoneyCompare,1,267,"3,427","04:54, 16 Sep, 2026",247,7%,16,875,26%,17,0,92,4,,
https://sendmoneycompare.com/guides/average-remittance-fees-2026,guides/average-remittance-fees-2026,Average Remittance Fees 2026 | SendMoneyCompare,1,237,"2,511","04:55, 16 Sep, 2026",447,18%,3,769,31%,3,0,87,3,,
https://sendmoneycompare.com/guides/global-remittance-trends-2026,guides/global-remittance-trends-2026,International Money Transfer Statistics 2026 | SendMoneyCompare,1,253,"2,697","04:53, 16 Sep, 2026",564,21%,13,"1,057",39%,19,0,90,22,,
https://sendmoneycompare.com/guides/cost-of-sending-1000-abroad,guides/cost-of-sending-1000-abroad,"Cost of Sending $1,000 Abroad | SendMoneyCompare",1,300,"3,140","04:54, 16 Sep, 2026",397,13%,7,926,29%,10,0,206,5,,
https://sendmoneycompare.com/guides/us-dollar-forecast-2026,guides/us-dollar-forecast-2026,USD Dollar Index Forecast 2026: 6 Bank DXY Targets | SendMoneyCompare,1,262,"2,786","04:54, 16 Sep, 2026",437,16%,32,"1,076",39%,36,0,89,7,,
https://sendmoneycompare.com/guides/pakistan-rupee-forecast-2026,guides/pakistan-rupee-forecast-2026,Pakistan Rupee Forecast 2026 | SendMoneyCompare,1,306,"5,913","04:54, 16 Sep, 2026",370,6%,4,677,11%,4,0,88,2,,
https://sendmoneycompare.com/guides/euro-forecast-2026,guides/euro-forecast-2026,Euro Forecast 2026–2027: EUR vs US Dollar | SendMoneyCompare,1,243,"2,646","04:54, 16 Sep, 2026",566,21%,19,872,33%,31,0,89,4,,
https://sendmoneycompare.com/guides/pakistan-remittance-loss-2026,guides/pakistan-remittance-loss-2026,Pakistan Remittance Losses 2026: The Real Cost,1,287,"3,985","04:54, 16 Sep, 2026",514,13%,4,871,22%,4,0,94,2,,
https://sendmoneycompare.com/send-money?from=USD&to=EGP&amount=1000,send-money?from=USD&to=EGP&amount=1000,https://sendmoneycompare.com/send-money,1,0,0,"00:00, 1 Jan, 1970",0,0%,0,0,0%,0,0,0,3,Canonical ,https://sendmoneycompare.com/send-money
https://sendmoneycompare.com/send-money/send-money-to-egypt,send-money/send-money-to-egypt,Cheapest Way to Send Money to Egypt— Compare EGP Rates (2026),1,896,"6,566","04:53, 16 Sep, 2026","3,980",61%,20,"5,316",81%,22,0,109,8,,
https://sendmoneycompare.com/send-money/saudi-arabia-to-egypt,send-money/saudi-arabia-to-egypt,Cheapest Way to Send Money Saudi Arabia to Egypt— SAR→EGP (2026),2,593,"5,132","04:53, 16 Sep, 2026","1,144",22%,9,"2,077",40%,16,0,98,15,,
https://sendmoneycompare.com/compare/remitly-vs-paypal,compare/remitly-vs-paypal,Remitly vs PayPal— Fees& Rates (2026),2,218,"1,808","04:53, 16 Sep, 2026",690,38%,17,"1,767",98%,17,0,84,10,,
https://sendmoneycompare.com/compare/remitly-vs-moneygram,compare/remitly-vs-moneygram,Remitly vs MoneyGram— Fees& Rates (2026),2,217,"1,793","04:53, 16 Sep, 2026",694,39%,13,"1,753",98%,15,0,84,12,,
https://sendmoneycompare.com/compare/remitly-vs-xoom,compare/remitly-vs-xoom,Remitly vs Xoom (PayPal)— Fees& Rates (2026),2,217,"1,824","04:53, 16 Sep, 2026",694,38%,14,"1,777",97%,14,0,82,13,,
https://sendmoneycompare.com/compare/western-union-vs-xoom,compare/western-union-vs-xoom,,1,217,"1,843","04:54, 16 Sep, 2026",0,0%,0,0,0%,0,0,83,5,Robots meta tag contains noindex instruction,
https://sendmoneycompare.com/compare/xe-vs-xoom,compare/xe-vs-xoom,,1,218,"1,896","04:54, 16 Sep, 2026",0,0%,0,0,0%,0,0,84,6,Robots meta tag contains noindex instruction,
https://sendmoneycompare.com/news/paypal-venmo-goes-global-remittances-2026,news/paypal-venmo-goes-global-remittances-2026,,1,238,"2,192","04:53, 16 Sep, 2026",0,0%,0,0,0%,0,0,98,4,Robots meta tag contains noindex instruction,
https://sendmoneycompare.com/news/stripe-paypal-acquisition-talks-2026,news/stripe-paypal-acquisition-talks-2026,,1,223,"1,437","04:54, 16 Sep, 2026",0,0%,0,0,0%,0,0,94,2,Robots meta tag contains noindex instruction,
https://sendmoneycompare.com/send-money?from=USD&to=LKR&amount=1000,send-money?from=USD&to=LKR&amount=1000,https://sendmoneycompare.com/send-money,1,0,0,"00:00, 1 Jan, 1970",0,0%,0,0,0%,0,0,0,2,Canonical ,https://sendmoneycompare.com/send-money
https://sendmoneycompare.com/send-money/send-money-to-sri-lanka,send-money/send-money-to-sri-lanka,Cheapest Way to Send Money to Sri Lanka— Compare LKR Rates (2026),1,971,"6,100","04:54, 16 Sep, 2026","3,786",62%,14,"5,330",87%,14,0,118,5,,
https://sendmoneycompare.com/send-money?from=USD&to=PHP&amount=1000,send-money?from=USD&to=PHP&amount=1000,https://sendmoneycompare.com/send-money,1,0,0,"00:00, 1 Jan, 1970",0,0%,0,0,0%,0,0,0,4,Canonical ,https://sendmoneycompare.com/send-money
https://sendmoneycompare.com/news/gcash-free-middle-east-transfers-philippines-ofw-2026,news/gcash-free-middle-east-transfers-philippines-ofw-2026,,1,232,"1,731","04:53, 16 Sep, 2026",0,0%,0,0,0%,0,0,99,3,Robots meta tag contains noindex instruction,
https://sendmoneycompare.com/send-money/send-money-to-philippines,send-money/send-money-to-philippines,Cheapest Way to Send Money to the Philippines (2026)— GCash& Bank,1,"1,198","7,262","04:53, 16 Sep, 2026","5,337",73%,21,"6,532",90%,23,0,147,13,,
https://sendmoneycompare.com/compare/paypal-vs-xoom,compare/paypal-vs-xoom,PayPal vs Xoom (PayPal)— Fees& Rates (2026),1,211,"1,587","04:53, 16 Sep, 2026",626,39%,11,"1,550",98%,12,0,83,5,,
https://sendmoneycompare.com/compare/lloyds-vs-nationwide,compare/lloyds-vs-nationwide,Lloyds Bank vs Nationwide— Fees& Rates (2026),1,203,"1,597","04:53, 16 Sep, 2026",335,21%,11,"1,213",76%,12,0,79,3,,
https://sendmoneycompare.com/compare/moneygram-vs-xoom,compare/moneygram-vs-xoom,MoneyGram vs Xoom (PayPal)— Fees& Rates (2026),1,192,"1,916","04:53, 16 Sep, 2026",736,38%,23,"1,567",82%,25,0,83,11,,
https://sendmoneycompare.com/compare/western-union-vs-bank-of-america,compare/western-union-vs-bank-of-america,Western Union vs Bank of America— Fees& Rates (2026),1,213,"1,675","04:54, 16 Sep, 2026",410,24%,7,"1,270",76%,7,0,82,3,,
https://sendmoneycompare.com/compare/revolut-vs-hsbc,compare/revolut-vs-hsbc,Revolut vs HSBC— Fees& Rates (2026),1,212,"1,730","04:53, 16 Sep, 2026",593,34%,9,"1,591",92%,9,0,85,9,,
https://sendmoneycompare.com/compare/hsbc-vs-paypal,compare/hsbc-vs-paypal,HSBC vs PayPal— Fees& Rates (2026),1,214,"1,749","04:53, 16 Sep, 2026","1,258",72%,17,"1,590",91%,38,0,84,6,,
https://sendmoneycompare.com/compare/chase-vs-wells-fargo,compare/chase-vs-wells-fargo,Chase vs Wells Fargo— Fees& Rates (2026),1,209,"1,693","04:53, 16 Sep, 2026",526,31%,13,"1,459",86%,14,0,81,5,,
https://sendmoneycompare.com/compare/wise-vs-westpac,compare/wise-vs-westpac,Wise vs Westpac— Fees& Rates (2026),1,208,"1,507","04:54, 16 Sep, 2026",558,37%,28,"1,398",93%,32,0,81,3,,
https://sendmoneycompare.com/compare/chase-vs-hsbc,compare/chase-vs-hsbc,Chase vs HSBC— Fees& Rates (2026),1,204,"1,491","04:53, 16 Sep, 2026",590,40%,9,"1,396",94%,9,0,83,6,,
https://sendmoneycompare.com/compare/moneygram-vs-wise,compare/moneygram-vs-wise,MoneyGram vs Wise— Fees& Rates (2026),1,217,"1,780","04:54, 16 Sep, 2026",590,33%,4,"1,568",88%,4,0,83,5,,
https://sendmoneycompare.com/tools,tools,Free Money Transfer Tools— Tax& FX Markup Calculators,1,104,479,"04:53, 16 Sep, 2026",0,0%,0,369,77%,32,0,71,3,,
https://sendmoneycompare.com/send-money?from=USD&to=INR&amount=1000,send-money?from=USD&to=INR&amount=1000,https://sendmoneycompare.com/send-money,2,0,0,"00:00, 1 Jan, 1970",0,0%,0,0,0%,0,0,0,75,Canonical ,https://sendmoneycompare.com/send-money
https://sendmoneycompare.com/send-money?from=USD&to=SEK&amount=1000,send-money?from=USD&to=SEK&amount=1000,https://sendmoneycompare.com/send-money,1,0,0,"00:00, 1 Jan, 1970",0,0%,0,0,0%,0,0,0,1,Canonical ,https://sendmoneycompare.com/send-money
https://sendmoneycompare.com/compare/xe-vs-worldremit,compare/xe-vs-worldremit,,1,219,"1,875","04:54, 16 Sep, 2026",0,0%,0,0,0%,0,0,84,6,Robots meta tag contains noindex instruction,
https://sendmoneycompare.com/news/revolut-africa-14-corridors-airtel-mtn-orange-money-2026,news/revolut-africa-14-corridors-airtel-mtn-orange-money-2026,Revolut Adds 14 Africa Corridors (April 2026) | SendMoneyCompare,1,238,"1,965","04:52, 16 Sep, 2026",169,9%,5,"1,133",58%,8,0,110,9,,
https://sendmoneycompare.com/news/fca-safeguarding-rules-money-transfer-2026,news/fca-safeguarding-rules-money-transfer-2026,Is Your Money Safe with Wise and Revolut? | SendMoneyCompare,1,227,"1,592","04:52, 16 Sep, 2026",687,43%,6,"1,126",71%,11,0,95,6,,
https://sendmoneycompare.com/api/ai,api/ai,,1,34,"4,509","04:55, 16 Sep, 2026",0,0%,0,0,0%,0,0,0,1,,
https://sendmoneycompare.com/openapi.json,openapi.json,,0,0,0,"00:00, 1 Jan, 1970",0,0%,0,0,0%,0,0,0,1,Non-HTML - Siteliner can only analyze HTML web pages.,
https://sendmoneycompare.com/.well-known/ai-plugin.json,.well-known/ai-plugin.json,,0,0,0,"00:00, 1 Jan, 1970",0,0%,0,0,0%,0,0,0,1,Non-HTML - Siteliner can only analyze HTML web pages.,
https://sendmoneycompare.com/llms.txt,llms.txt,,0,0,0,"00:00, 1 Jan, 1970",0,0%,0,0,0%,0,0,0,1,Non-HTML - Siteliner can only analyze HTML web pages.,
https://sendmoneycompare.com/gpt-instructions.md,gpt-instructions.md,,0,0,0,"00:00, 1 Jan, 1970",0,0%,0,0,0%,0,0,0,1,Non-HTML - Siteliner can only analyze HTML web pages.,
https://sendmoneycompare.com/send-money?from=USD&to=GHS&amount=1000,send-money?from=USD&to=GHS&amount=1000,https://sendmoneycompare.com/send-money,1,0,0,"00:00, 1 Jan, 1970",0,0%,0,0,0%,0,0,0,1,Canonical ,https://sendmoneycompare.com/send-money
https://sendmoneycompare.com/send-money/send-money-to-ghana,send-money/send-money-to-ghana,Cheapest Way to Send Money to Ghana— Compare GHS Rates (2026),1,"1,136","6,798","04:54, 16 Sep, 2026","3,914",58%,19,"5,537",81%,19,0,127,4,,
https://sendmoneycompare.com/send-money/usa-to-ghana,send-money/usa-to-ghana,Cheapest Way to Send Money USA to Ghana— USD→GHS Rates (2026),2,"1,134","7,103","04:52, 16 Sep, 2026","4,496",63%,21,"5,407",76%,25,0,132,29,,
https://sendmoneycompare.com/compare/remitly-vs-revolut,compare/remitly-vs-revolut,,1,219,"1,865","04:53, 16 Sep, 2026",0,0%,0,0,0%,0,0,83,9,Robots meta tag contains noindex instruction,
https://sendmoneycompare.com/compare/xe-vs-paypal,compare/xe-vs-paypal,,1,216,"1,867","04:53, 16 Sep, 2026",0,0%,0,0,0%,0,0,84,9,Robots meta tag contains noindex instruction,
https://sendmoneycompare.com/compare/xe-vs-revolut,compare/xe-vs-revolut,,1,218,"1,923","04:53, 16 Sep, 2026",0,0%,0,0,0%,0,0,85,8,Robots meta tag contains noindex instruction,
https://sendmoneycompare.com/send-money?from=USD&to=AED&amount=1000,send-money?from=USD&to=AED&amount=1000,https://sendmoneycompare.com/send-money,1,0,0,"00:00, 1 Jan, 1970",0,0%,0,0,0%,0,0,0,3,Canonical ,https://sendmoneycompare.com/send-money
https://sendmoneycompare.com/send-money/usa-to-uae,send-money/usa-to-uae,Cheapest Way to Send Money United States to UAE— USD→AED (2026),1,639,"4,309","04:54, 16 Sep, 2026",943,22%,30,"2,215",51%,30,0,102,4,,
https://sendmoneycompare.com/send-money/uae-to-philippines,send-money/uae-to-philippines,Cheapest Way to Send Money UAE to Philippines— AED→PHP Rates (2026),1,902,"7,021","04:53, 16 Sep, 2026","1,340",19%,15,"2,502",36%,16,0,109,16,,
https://sendmoneycompare.com/send-money/uae-to-bangladesh,send-money/uae-to-bangladesh,Cheapest Way to Send Money UAE to Bangladesh— AED→BDT Rates (2026),1,876,"7,301","04:53, 16 Sep, 2026","1,989",27%,19,"2,507",34%,22,0,102,11,,
https://sendmoneycompare.com/send-money?from=USD&to=RON&amount=1000,send-money?from=USD&to=RON&amount=1000,https://sendmoneycompare.com/send-money,1,0,0,"00:00, 1 Jan, 1970",0,0%,0,0,0%,0,0,0,1,Canonical ,https://sendmoneycompare.com/send-money
https://sendmoneycompare.com/send-money/send-money-to-romania,send-money/send-money-to-romania,"Cheapest Way to Send Money to Romania (2026)— SEPA, EUR& RON Rates",1,832,"5,832","04:54, 16 Sep, 2026","1,111",19%,13,"2,201",38%,17,0,100,4,,
https://sendmoneycompare.com/guides/send-money-to-romania-guide,guides/send-money-to-romania-guide,,1,259,"2,983","04:54, 16 Sep, 2026",0,0%,0,0,0%,0,0,93,6,Robots meta tag contains noindex instruction,
https://sendmoneycompare.com/news/eu-instant-payments-mandate-2026,news/eu-instant-payments-mandate-2026,SEPA Instant Payments 2026: Free 10-Second Transfers Now Mandatory,2,225,"1,539","04:52, 16 Sep, 2026",603,39%,23,"1,086",71%,38,0,97,8,,
https://sendmoneycompare.com/send-money?from=USD&to=PKR&amount=1000,send-money?from=USD&to=PKR&amount=1000,https://sendmoneycompare.com/send-money,1,0,0,"00:00, 1 Jan, 1970",0,0%,0,0,0%,0,0,0,7,Canonical ,https://sendmoneycompare.com/send-money
https://sendmoneycompare.com/send-money/send-money-to-pakistan,send-money/send-money-to-pakistan,Cheapest Way to Send Money to Pakistan (2026)— Compare 15+ Providers,1,"1,144","7,147","04:52, 16 Sep, 2026","4,977",70%,29,"6,306",88%,31,0,140,13,,
https://sendmoneycompare.com/send-money?from=USD&to=PLN&amount=1000,send-money?from=USD&to=PLN&amount=1000,https://sendmoneycompare.com/send-money,1,0,0,"00:00, 1 Jan, 1970",0,0%,0,0,0%,0,0,0,1,Canonical ,https://sendmoneycompare.com/send-money
https://sendmoneycompare.com/send-money/send-money-to-poland,send-money/send-money-to-poland,Cheapest Way to Send Money to Poland (2026)— SEPA& PLN Rates,1,898,"6,270","04:54, 16 Sep, 2026","4,317",69%,23,"5,667",90%,24,0,113,5,,
https://sendmoneycompare.com/guides/best-money-transfer-apps-expats-2026,guides/best-money-transfer-apps-expats-2026,,1,232,"2,358","04:54, 16 Sep, 2026",0,0%,0,0,0%,0,0,88,3,Robots meta tag contains noindex instruction,
https://sendmoneycompare.com/send-money?from=USD&to=SAR&amount=1000,send-money?from=USD&to=SAR&amount=1000,https://sendmoneycompare.com/send-money,1,0,0,"00:00, 1 Jan, 1970",0,0%,0,0,0%,0,0,0,2,Canonical ,https://sendmoneycompare.com/send-money
https://sendmoneycompare.com/send-money/saudi-arabia-to-pakistan,send-money/saudi-arabia-to-pakistan,Cheapest Way to Send Money Saudi Arabia to Pakistan— SAR→PKR (2026),1,621,"4,348","04:53, 16 Sep, 2026","1,456",33%,33,"2,581",59%,36,0,100,15,,
https://sendmoneycompare.com/send-money/saudi-arabia-to-philippines,send-money/saudi-arabia-to-philippines,Cheapest Way to Send Money Saudi Arabia to Philippines (2026),1,635,"4,942","04:53, 16 Sep, 2026","1,663",34%,7,"2,378",48%,15,0,99,9,,
https://sendmoneycompare.com/exchange-rates/history/usd-to-eur,exchange-rates/history/usd-to-eur,,1,770,"3,051","04:53, 16 Sep, 2026",0,0%,0,0,0%,0,0,77,13,Robots meta tag contains noindex instruction,
https://sendmoneycompare.com/send-money/send-money-to-europe,send-money/send-money-to-europe,Cheapest Way to Send Money to Europe— Compare EUR Rates (2026),1,"1,206","7,054","04:55, 16 Sep, 2026","4,792",68%,6,"6,578",93%,12,0,142,2,,
https://sendmoneycompare.com/send-money/usa-to-vietnam,send-money/usa-to-vietnam,Cheapest Way to Send Money United States to Vietnam— USD→VND (2026),1,960,"6,776","04:52, 16 Sep, 2026","4,154",61%,20,"5,319",78%,23,0,120,33,,
https://sendmoneycompare.com/send-money/usa-to-ethiopia,send-money/usa-to-ethiopia,Cheapest Way to Send Money United States to Ethiopia— USD→ETB (2026),1,951,"6,492","04:53, 16 Sep, 2026","4,166",64%,13,"5,412",83%,16,0,115,8,,
https://sendmoneycompare.com/send-money?from=GBP&to=EUR&amount=1000,send-money?from=GBP&to=EUR&amount=1000,https://sendmoneycompare.com/send-money,3,0,0,"00:00, 1 Jan, 1970",0,0%,0,0,0%,0,0,0,282,Canonical ,https://sendmoneycompare.com/send-money
https://sendmoneycompare.com/banks/wells-fargo,banks/wells-fargo,,2,204,"1,679","04:52, 16 Sep, 2026",0,0%,0,0,0%,0,0,92,97,Robots meta tag contains noindex instruction,
https://sendmoneycompare.com/banks/chase,banks/chase,Chase International Wire Transfer Fees | SendMoneyCompare,2,203,"1,904","04:52, 16 Sep, 2026",932,49%,4,"1,421",75%,11,0,91,97,,
https://sendmoneycompare.com/banks,banks,Bank International Transfer Fees Compared (2026) | SendMoneyCompare,3,119,630,"04:52, 16 Sep, 2026",0,0%,0,374,59%,5,0,75,285,,
https://sendmoneycompare.com/send-money/france-to-pakistan,send-money/france-to-pakistan,Cheapest Way to Send Money France to Pakistan— EUR→PKR (2026),1,"1,118","6,507","04:53, 16 Sep, 2026","1,327",20%,21,"2,785",43%,21,0,142,10,,
https://sendmoneycompare.com/send-money/canada-to-pakistan,send-money/canada-to-pakistan,,1,897,"6,524","04:53, 16 Sep, 2026",0,0%,0,0,0%,0,0,113,28,Robots meta tag contains noindex instruction,
https://sendmoneycompare.com/send-money/send-money-to-india,send-money/send-money-to-india,Cheapest Way to Send Money to India (2026)— Compare INR Rates,1,"1,202","7,571","04:53, 16 Sep, 2026","5,334",70%,25,"6,618",87%,29,0,150,13,,
https://sendmoneycompare.com/send-money/send-money-to-mexico,send-money/send-money-to-mexico,Cheapest Way to Send Money to Mexico (2026)— SPEI& Cash Pickup,1,"1,215","7,302","04:53, 16 Sep, 2026","2,588",35%,43,"3,721",51%,44,0,145,5,,
https://sendmoneycompare.com/send-money/send-money-to-nigeria,send-money/send-money-to-nigeria,Cheapest Way to Send Money to Nigeria (2026)— NGN Rates Compared,1,"1,064","6,374","04:53, 16 Sep, 2026","4,490",70%,18,"5,888",92%,20,0,125,9,,
https://sendmoneycompare.com/send-money/send-money-to-bangladesh,send-money/send-money-to-bangladesh,Cheapest Way to Send Money to Bangladesh (2026)— bKash& Bank,1,"1,104","6,641","04:53, 16 Sep, 2026","4,856",73%,28,"6,137",92%,30,0,130,11,,
https://sendmoneycompare.com/send-money/send-money-to-china,send-money/send-money-to-china,Cheapest Way to Send Money to China— Compare CNY Rates (2026),1,904,"6,053","04:54, 16 Sep, 2026","4,322",71%,14,"5,514",91%,14,0,112,6,,
https://sendmoneycompare.com/send-money/send-money-to-uk,send-money/send-money-to-uk,Cheapest Way to Send Money to United Kingdom (2026),1,"1,168","6,880","04:54, 16 Sep, 2026","5,064",74%,15,"5,879",85%,16,0,144,2,,
https://sendmoneycompare.com/send-money/send-money-to-vietnam,send-money/send-money-to-vietnam,Cheapest Way to Send Money to Vietnam (2026)— VND Rates Compared,1,955,"6,347","04:53, 16 Sep, 2026","3,621",57%,16,"5,317",84%,17,0,115,6,,
https://sendmoneycompare.com/send-money/australia-to-china,send-money/australia-to-china,Cheapest Way to Send Money Australia to China— AUD→CNY (2026),1,885,"5,823","04:53, 16 Sep, 2026","1,502",26%,16,"2,703",46%,17,0,117,29,,
https://sendmoneycompare.com/send-money/australia-to-france,send-money/australia-to-france,Cheapest Way to Send Money Australia to France— AUD→EUR (2026),1,"1,052","6,405","04:53, 16 Sep, 2026","2,815",44%,18,"3,811",60%,19,0,136,28,,
https://sendmoneycompare.com/send-money/australia-to-india,send-money/australia-to-india,Cheapest Way to Send Money Australia to India— AUD→INR Rates (2026),1,"1,213","7,134","04:53, 16 Sep, 2026","1,936",27%,24,"2,740",38%,27,0,153,41,,
https://sendmoneycompare.com/send-money/australia-to-uk,send-money/australia-to-uk,Cheapest Way to Send Money Australia to UK— AUD→GBP Rates (2026),1,"1,036","6,832","04:53, 16 Sep, 2026","2,189",32%,23,"2,585",38%,24,0,130,32,,
https://sendmoneycompare.com/send-money/australia-to-zimbabwe,send-money/australia-to-zimbabwe,Cheapest Way to Send Money Australia to Zimbabwe— AUD→ZAR (2026),1,649,"4,382","04:53, 16 Sep, 2026","2,897",66%,32,"3,826",87%,36,0,124,27,,
https://sendmoneycompare.com/send-money/bahrain-to-india,send-money/bahrain-to-india,Cheapest Way to Send Money Bahrain to India— BHD→INR (2026),1,673,"4,323","04:53, 16 Sep, 2026",968,22%,17,"2,316",54%,17,0,98,13,,
https://sendmoneycompare.com/send-money/belgium-to-mexico,send-money/belgium-to-mexico,Cheapest Way to Send Money Belgium to Mexico— EUR→MXN (2026),1,"1,208","7,103","04:54, 16 Sep, 2026","1,691",24%,19,"3,142",44%,20,0,154,7,,
https://sendmoneycompare.com/send-money/canada-to-germany,send-money/canada-to-germany,Cheapest Way to Send Money Canada to Germany— CAD→EUR (2026),1,974,"6,075","04:53, 16 Sep, 2026","4,492",74%,17,"6,024",99%,20,0,119,25,,
https://sendmoneycompare.com/send-money/canada-to-philippines,send-money/canada-to-philippines,Cheapest Way to Send Money Canada to Philippines— CAD→PHP (2026),1,"1,188","7,351","04:53, 16 Sep, 2026","1,721",23%,28,"2,613",36%,31,0,143,34,,
https://sendmoneycompare.com/send-money/canada-to-spain,send-money/canada-to-spain,Cheapest Way to Send Money Canada to Spain— CAD→EUR (2026),1,973,"6,080","04:53, 16 Sep, 2026","4,413",73%,13,"6,018",99%,15,0,118,24,,
https://sendmoneycompare.com/send-money/china-to-australia,send-money/china-to-australia,Cheapest Way to Send Money China to Australia— CNY→AUD (2026),1,554,"4,514","04:54, 16 Sep, 2026","1,732",38%,11,"2,371",53%,13,0,100,7,,
https://sendmoneycompare.com/send-money/china-to-canada,send-money/china-to-canada,Cheapest Way to Send Money China to Canada— CNY→CAD (2026),1,556,"4,539","04:54, 16 Sep, 2026","1,491",33%,6,"2,386",53%,9,0,100,9,,
https://sendmoneycompare.com/send-money/china-to-uk,send-money/china-to-uk,Cheapest Way to Send Money China to United Kingdom— CNY→GBP (2026),1,574,"4,885","04:54, 16 Sep, 2026","1,563",32%,40,"2,560",52%,42,0,103,10,,
https://sendmoneycompare.com/send-money/china-to-usa,send-money/china-to-usa,Cheapest Way to Send Money China to United States— CNY→USD (2026),1,558,"4,692","04:54, 16 Sep, 2026","1,870",40%,13,"2,426",52%,22,0,98,5,,
https://sendmoneycompare.com/send-money/denmark-to-brazil,send-money/denmark-to-brazil,Cheapest Way to Send Money Denmark to Brazil— DKK→BRL (2026),1,485,"3,505","04:54, 16 Sep, 2026","1,918",55%,6,"2,836",81%,10,0,96,12,,
https://sendmoneycompare.com/send-money/denmark-to-colombia,send-money/denmark-to-colombia,Cheapest Way to Send Money Denmark to Colombia— DKK→COP (2026),1,511,"4,398","04:54, 16 Sep, 2026","1,562",36%,9,"2,016",46%,12,0,91,9,,
https://sendmoneycompare.com/send-money/denmark-to-france,send-money/denmark-to-france,Cheapest Way to Send Money Denmark to France— DKK→EUR (2026),1,523,"4,976","04:54, 16 Sep, 2026","1,457",29%,14,"2,581",52%,17,0,95,8,,
https://sendmoneycompare.com/send-money/denmark-to-malaysia,send-money/denmark-to-malaysia,Cheapest Way to Send Money Denmark to Malaysia— DKK→MYR (2026),1,515,"4,397","04:54, 16 Sep, 2026","1,563",36%,9,"2,652",60%,13,0,94,12,,
https://sendmoneycompare.com/send-money/france-to-uk,send-money/france-to-uk,Cheapest Way to Send Money France to United Kingdom— EUR→GBP (2026),1,"1,017","6,235","04:54, 16 Sep, 2026","4,751",76%,16,"6,212",100%,17,0,126,8,,
https://sendmoneycompare.com/send-money/germany-to-china,send-money/germany-to-china,Cheapest Way to Send Money Germany to China— EUR→CNY (2026),1,564,"4,039","04:54, 16 Sep, 2026",978,24%,6,"2,597",64%,8,0,101,10,,
https://sendmoneycompare.com/send-money/germany-to-india,send-money/germany-to-india,Cheapest Way to Send Money Germany to India— EUR→INR (2026),1,"1,262","7,178","04:54, 16 Sep, 2026","1,518",21%,10,"2,667",37%,13,0,163,7,,
https://sendmoneycompare.com/send-money/germany-to-malaysia,send-money/germany-to-malaysia,Cheapest Way to Send Money Germany to Malaysia— EUR→MYR (2026),1,629,"4,376","04:54, 16 Sep, 2026","1,272",29%,13,"2,417",55%,15,0,113,13,,
https://sendmoneycompare.com/send-money/germany-to-nigeria,send-money/germany-to-nigeria,Cheapest Way to Send Money Germany to Nigeria— EUR→NGN (2026),1,"1,057","6,204","04:54, 16 Sep, 2026","1,463",24%,23,"2,751",44%,27,0,131,12,,
https://sendmoneycompare.com/send-money/germany-to-turkey,send-money/germany-to-turkey,Cheapest Way to Send Money Germany to Turkey— EUR→TRY (2026),1,"1,168","6,887","04:54, 16 Sep, 2026","4,921",71%,15,"6,689",97%,15,0,151,12,,
https://sendmoneycompare.com/send-money/germany-to-ukraine,send-money/germany-to-ukraine,Cheapest Way to Send Money Germany to Ukraine— EUR→UAH (2026),1,753,"4,914","04:54, 16 Sep, 2026","1,023",21%,27,"2,520",51%,28,0,107,7,,
https://sendmoneycompare.com/send-money/india-to-canada,send-money/india-to-canada,Cheapest Way to Send Money India to Canada— INR→CAD (2026),1,528,"3,988","04:54, 16 Sep, 2026","1,911",48%,8,"2,725",68%,12,0,98,11,,
https://sendmoneycompare.com/send-money/india-to-uk,send-money/india-to-uk,Cheapest Way to Send Money India to United Kingdom— INR→GBP (2026),1,538,"4,247","04:54, 16 Sep, 2026","1,803",42%,6,"3,070",72%,9,0,101,12,,
https://sendmoneycompare.com/send-money/india-to-usa,send-money/india-to-usa,Cheapest Way to Send Money India to United States— INR→USD (2026),1,527,"3,950","04:54, 16 Sep, 2026","1,072",27%,3,"2,631",67%,6,0,96,7,,
https://sendmoneycompare.com/send-money/ireland-to-bangladesh,send-money/ireland-to-bangladesh,Cheapest Way to Send Money Ireland to Bangladesh— EUR→BDT (2026),1,"1,076","7,757","04:53, 16 Sep, 2026","4,529",58%,14,"5,501",71%,16,0,130,9,,
https://sendmoneycompare.com/send-money/italy-to-brazil,send-money/italy-to-brazil,Cheapest Way to Send Money Italy to Brazil— EUR→BRL (2026),1,"1,119","6,728","04:54, 16 Sep, 2026","1,691",25%,10,"3,140",47%,12,0,139,8,,
https://sendmoneycompare.com/send-money/new-zealand-to-australia,send-money/new-zealand-to-australia,Cheapest Way to Send Money New Zealand to Australia— NZD→AUD (2026),1,855,"5,397","04:54, 16 Sep, 2026","1,433",27%,4,"2,799",52%,6,0,102,5,,
https://sendmoneycompare.com/send-money/new-zealand-to-uk,send-money/new-zealand-to-uk,Cheapest Way to Send Money New Zealand to United Kingdom (2026),1,862,"5,585","04:54, 16 Sep, 2026","2,227",40%,12,"3,208",57%,14,0,105,8,,
https://sendmoneycompare.com/send-money/portugal-to-bangladesh,send-money/portugal-to-bangladesh,Cheapest Way to Send Money Portugal to Bangladesh— EUR→BDT (2026),1,"1,034","6,308","04:53, 16 Sep, 2026","4,418",70%,21,"5,845",93%,23,0,130,9,,
https://sendmoneycompare.com/send-money/saudi-arabia-to-bangladesh,send-money/saudi-arabia-to-bangladesh,Cheapest Way to Send Money Saudi Arabia to Bangladesh— SAR→BDT (2026),1,595,"4,098","04:53, 16 Sep, 2026","1,284",31%,11,"2,155",53%,18,0,97,14,,
https://sendmoneycompare.com/send-money/saudi-arabia-to-vietnam,send-money/saudi-arabia-to-vietnam,Cheapest Way to Send Money Saudi Arabia to Vietnam— SAR→VND (2026),1,289,"2,327","04:53, 16 Sep, 2026","1,084",47%,43,"2,178",94%,47,0,93,13,,
https://sendmoneycompare.com/send-money/singapore-to-india,send-money/singapore-to-india,Cheapest Way to Send Money Singapore to India— SGD→INR Rates (2026),1,"1,053","7,536","04:54, 16 Sep, 2026","1,395",19%,12,"2,692",36%,15,0,125,17,,
https://sendmoneycompare.com/send-money/singapore-to-philippines,send-money/singapore-to-philippines,Cheapest Way to Send Money Singapore to Philippines— SGD→PHP (2026),1,"1,089","7,672","04:53, 16 Sep, 2026","1,359",18%,12,"2,680",35%,16,0,132,24,,
https://sendmoneycompare.com/send-money/south-africa-to-nigeria,send-money/south-africa-to-nigeria,Cheapest Way to Send Money South Africa to Nigeria— ZAR→NGN (2026),1,539,"4,169","04:54, 16 Sep, 2026",382,9%,14,"1,792",43%,19,0,94,7,,
https://sendmoneycompare.com/send-money/south-korea-to-south-africa,send-money/south-korea-to-south-africa,Cheapest Way to Send Money South Korea to South Africa (2026),1,217,"1,754","04:55, 16 Sep, 2026",646,37%,26,"1,637",93%,35,0,82,9,,
https://sendmoneycompare.com/send-money/sweden-to-vietnam,send-money/sweden-to-vietnam,Cheapest Way to Send Money Sweden to Vietnam— SEK→VND (2026),1,473,"3,308","04:53, 16 Sep, 2026","1,390",42%,15,"2,482",75%,20,0,89,8,,
https://sendmoneycompare.com/send-money/switzerland-to-egypt,send-money/switzerland-to-egypt,Cheapest Way to Send Money Switzerland to Egypt— CHF→EGP (2026),1,252,"1,855","04:53, 16 Sep, 2026",815,44%,38,"1,773",96%,43,0,87,13,,
https://sendmoneycompare.com/send-money/uk-to-bangladesh,send-money/uk-to-bangladesh,Cheapest Way to Send Money UK to Bangladesh— GBP→BDT Rates (2026),1,953,"6,642","04:53, 16 Sep, 2026","1,648",25%,24,"2,543",38%,25,0,121,27,,
https://sendmoneycompare.com/send-money/uk-to-china,send-money/uk-to-china,Cheapest Way to Send Money United Kingdom to China— GBP→CNY (2026),1,744,"4,834","04:53, 16 Sep, 2026","1,774",37%,16,"2,874",59%,18,0,111,17,,
https://sendmoneycompare.com/send-money/uk-to-egypt,send-money/uk-to-egypt,Cheapest Way to Send Money United Kingdom to Egypt— GBP→EGP (2026),1,680,"4,297","04:53, 16 Sep, 2026","1,415",33%,49,"2,525",59%,50,0,104,19,,
https://sendmoneycompare.com/send-money/uk-to-france,send-money/uk-to-france,Cheapest Way to Send Money United Kingdom to France— GBP→EUR (2026),1,"1,472","7,660","04:53, 16 Sep, 2026","1,970",26%,17,"2,997",39%,21,0,182,9,,
https://sendmoneycompare.com/send-money/uk-to-guatemala,send-money/uk-to-guatemala,Cheapest Way to Send Money United Kingdom to Guatemala (2026),1,480,"3,418","04:55, 16 Sep, 2026","2,096",61%,9,"3,383",99%,12,0,93,3,,
https://sendmoneycompare.com/send-money/uk-to-kenya,send-money/uk-to-kenya,Cheapest Way to Send Money United Kingdom to Kenya— GBP→KES (2026),1,"1,024","6,366","04:53, 16 Sep, 2026","1,815",29%,21,"2,938",46%,24,0,132,10,,
https://sendmoneycompare.com/send-money/uk-to-mexico,send-money/uk-to-mexico,Cheapest Way to Send Money United Kingdom to Mexico— GBP→MXN (2026),1,843,"5,400","04:53, 16 Sep, 2026","2,000",37%,59,"3,094",57%,61,0,148,18,,
https://sendmoneycompare.com/send-money/uk-to-philippines,send-money/uk-to-philippines,Cheapest Way to Send Money UK to Philippines— GBP→PHP Rates (2026),1,"1,373","8,259","04:53, 16 Sep, 2026","1,608",19%,34,"2,796",34%,43,0,169,10,,
https://sendmoneycompare.com/send-money/uk-to-vietnam,send-money/uk-to-vietnam,Cheapest Way to Send Money United Kingdom to Vietnam— GBP→VND (2026),1,728,"5,076","04:53, 16 Sep, 2026","2,136",42%,51,"3,300",65%,52,0,113,20,,
https://sendmoneycompare.com/send-money/uk-to-zimbabwe,send-money/uk-to-zimbabwe,Cheapest Way to Send Money United Kingdom to Zimbabwe— GBP→ZAR (2026),1,"1,043","6,448","04:55, 16 Sep, 2026","1,241",19%,37,"2,616",41%,37,0,140,3,,
https://sendmoneycompare.com/send-money/usa-to-argentina,send-money/usa-to-argentina,Cheapest Way to Send Money United States to Argentina— USD→ARS (2026),1,553,"3,884","04:55, 16 Sep, 2026","2,743",71%,10,"3,822",98%,10,0,101,6,,
https://sendmoneycompare.com/send-money/usa-to-bangladesh,send-money/usa-to-bangladesh,Cheapest Way to Send Money USA to Bangladesh— USD→BDT Rates (2026),1,"1,103","7,019","04:53, 16 Sep, 2026","5,224",74%,28,"6,245",89%,30,0,133,12,,
https://sendmoneycompare.com/send-money/usa-to-canada,send-money/usa-to-canada,Cheapest Way to Send Money United States to Canada— USD→CAD (2026),1,633,"3,984","04:54, 16 Sep, 2026","2,741",69%,40,"3,934",99%,41,0,117,7,,
https://sendmoneycompare.com/send-money/usa-to-china,send-money/usa-to-china,Cheapest Way to Send Money United States to China— USD→CNY (2026),1,891,"5,819","04:54, 16 Sep, 2026","4,209",72%,9,"5,813",100%,10,0,117,6,,
https://sendmoneycompare.com/send-money/usa-to-egypt,send-money/usa-to-egypt,Cheapest Way to Send Money United States to Egypt— USD→EGP (2026),1,852,"5,565","04:53, 16 Sep, 2026","4,325",78%,46,"5,542",100%,47,0,114,8,,
https://sendmoneycompare.com/send-money/usa-to-israel,send-money/usa-to-israel,Cheapest Way to Send Money United States to Israel— USD→ILS (2026),1,739,"4,459","04:56, 16 Sep, 2026","3,403",76%,3,"4,420",99%,6,0,109,2,,
https://sendmoneycompare.com/send-money/usa-to-peru,send-money/usa-to-peru,Cheapest Way to Send Money United States to Peru— USD→PEN (2026),1,849,"5,667","04:54, 16 Sep, 2026","4,321",76%,9,"5,649",100%,13,0,110,7,,
https://sendmoneycompare.com/send-money/usa-to-poland,send-money/usa-to-poland,Cheapest Way to Send Money USA to Poland (2026)— USD→PLN Rates,1,878,"5,851","04:55, 16 Sep, 2026","4,721",81%,5,"5,833",100%,10,0,118,7,,
https://sendmoneycompare.com/send-money/usa-to-south-africa,send-money/usa-to-south-africa,Cheapest Way to Send Money United States to South Africa (2026),1,941,"6,239","04:54, 16 Sep, 2026","5,216",84%,14,"6,185",99%,14,0,122,11,,
https://sendmoneycompare.com/send-money/usa-to-south-korea,send-money/usa-to-south-korea,Cheapest Way to Send Money United States to South Korea (2026),1,585,"4,125","04:54, 16 Sep, 2026","3,232",78%,12,"4,083",99%,16,0,108,8,,
https://sendmoneycompare.com/send-money/usa-to-sri-lanka,send-money/usa-to-sri-lanka,Cheapest Way to Send Money United States to Sri Lanka— USD→LKR (2026),1,976,"6,477","04:54, 16 Sep, 2026","3,779",58%,8,"5,240",81%,9,0,123,3,,
https://sendmoneycompare.com/send-money/usa-to-tanzania,send-money/usa-to-tanzania,Cheapest Way to Send Money United States to Tanzania— USD→TZS (2026),1,872,"5,750","04:55, 16 Sep, 2026","4,001",70%,6,"5,703",99%,7,0,110,3,,
https://sendmoneycompare.com/send-money/usa-to-thailand,send-money/usa-to-thailand,Cheapest Way to Send Money United States to Thailand— USD→THB (2026),1,999,"6,341","04:54, 16 Sep, 2026","3,004",47%,35,"4,515",71%,35,0,126,11,,
https://sendmoneycompare.com/send-money/usa-to-uk,send-money/usa-to-uk,Cheapest Way to Send Money USA to UK— USD→GBP Rates (2026),1,"1,156","6,974","04:53, 16 Sep, 2026","4,800",69%,37,"5,988",86%,38,0,148,14,,
https://sendmoneycompare.com/send-money/send-money-to-algeria,send-money/send-money-to-algeria,Cheapest Way to Send Money to Algeria— Compare DZD Rates (2026),1,156,"1,065","04:56, 16 Sep, 2026","1,031",97%,2,"1,031",97%,2,0,80,1,,
https://sendmoneycompare.com/send-money/send-money-to-argentina,send-money/send-money-to-argentina,Cheapest Way to Send Money to Argentina— Compare ARS Rates (2026),1,572,"4,646","04:55, 16 Sep, 2026","2,618",56%,14,"3,591",77%,14,0,96,2,,
https://sendmoneycompare.com/send-money/send-money-to-australia,send-money/send-money-to-australia,Cheapest Way to Send Money to Australia— Compare AUD Rates (2026),1,588,"4,180","04:54, 16 Sep, 2026","1,344",32%,21,"2,671",64%,21,0,109,5,,
https://sendmoneycompare.com/send-money/send-money-to-brazil,send-money/send-money-to-brazil,Cheapest Way to Send Money to Brazil— Compare BRL Rates (2026),1,"1,143","6,965","04:54, 16 Sep, 2026","1,620",23%,20,"3,049",44%,20,0,137,6,,
https://sendmoneycompare.com/send-money/send-money-to-cameroon,send-money/send-money-to-cameroon,Cheapest Way to Send Money to Cameroon— Compare XAF Rates (2026),1,724,"5,233","04:55, 16 Sep, 2026","1,827",35%,10,"2,653",51%,13,0,95,3,,
https://sendmoneycompare.com/send-money/send-money-to-canada,send-money/send-money-to-canada,Cheapest Way to Send Money to Canada— Compare CAD Rates (2026),1,641,"4,167","04:54, 16 Sep, 2026","2,264",54%,42,"3,640",87%,43,0,112,5,,
https://sendmoneycompare.com/send-money/send-money-to-colombia,send-money/send-money-to-colombia,Cheapest Way to Send Money to Colombia (2026)— COP Rates Compared,1,"1,042","6,422","04:54, 16 Sep, 2026","1,085",17%,15,"2,432",38%,16,0,116,5,,
https://sendmoneycompare.com/send-money/send-money-to-croatia,send-money/send-money-to-croatia,Cheapest Way to Send Money to Croatia— Compare EUR Rates (2026),1,"1,200","6,782","04:54, 16 Sep, 2026","5,114",75%,15,"6,744",99%,16,0,143,2,,
https://sendmoneycompare.com/send-money/send-money-to-czech-republic,send-money/send-money-to-czech-republic,Cheapest Way to Send Money to Czech Republic (2026),1,854,"5,801","04:56, 16 Sep, 2026",548,9%,4,"2,331",40%,4,0,107,1,,
https://sendmoneycompare.com/send-money/send-money-to-dominican-republic,send-money/send-money-to-dominican-republic,Cheapest Way to Send Money to Dominican Republic (2026),1,923,"5,900","04:55, 16 Sep, 2026",637,11%,11,"2,070",35%,11,0,107,2,,
https://sendmoneycompare.com/send-money/send-money-to-ethiopia,send-money/send-money-to-ethiopia,Cheapest Way to Send Money to Ethiopia— Compare ETB Rates (2026),1,952,"6,371","04:54, 16 Sep, 2026","3,959",62%,9,"5,473",86%,14,0,110,5,,
https://sendmoneycompare.com/send-money/send-money-to-fiji,send-money/send-money-to-fiji,Cheapest Way to Send Money to Fiji— Compare FJD Rates (2026),1,664,"4,507","04:55, 16 Sep, 2026",708,16%,10,"1,758",39%,10,0,88,2,,
https://sendmoneycompare.com/send-money/send-money-to-france,send-money/send-money-to-france,Cheapest Way to Send Money to France— Compare EUR Rates (2026),1,"1,210","7,013","04:54, 16 Sep, 2026","4,970",71%,18,"6,639",95%,20,0,145,4,,
https://sendmoneycompare.com/send-money/send-money-to-germany,send-money/send-money-to-germany,Cheapest Way to Send Money to Germany— Compare EUR Rates (2026),1,"1,208","6,977","04:55, 16 Sep, 2026",117,2%,3,"6,595",95%,9,0,144,3,,
https://sendmoneycompare.com/send-money/send-money-to-guatemala,send-money/send-money-to-guatemala,Cheapest Way to Send Money to Guatemala— Compare GTQ Rates (2026),1,"1,000","6,192","04:55, 16 Sep, 2026",720,12%,5,"2,312",37%,9,0,116,3,,
https://sendmoneycompare.com/send-money/send-money-to-haiti,send-money/send-money-to-haiti,Cheapest Way to Send Money to Haiti— Compare HTG Rates (2026),1,783,"5,134","04:56, 16 Sep, 2026",404,8%,5,"1,944",38%,7,0,107,1,,
https://sendmoneycompare.com/send-money/send-money-to-honduras,send-money/send-money-to-honduras,Cheapest Way to Send Money to Honduras— Compare HNL Rates (2026),1,916,"5,850","04:55, 16 Sep, 2026","2,932",50%,11,"4,263",73%,12,0,108,2,,
https://sendmoneycompare.com/send-money/send-money-to-hong-kong,send-money/send-money-to-hong-kong,Cheapest Way to Send Money to Hong Kong— Compare HKD Rates (2026),1,408,"2,915","04:55, 16 Sep, 2026","1,199",41%,7,"2,033",70%,8,0,110,1,,
https://sendmoneycompare.com/send-money/send-money-to-hungary,send-money/send-money-to-hungary,Cheapest Way to Send Money to Hungary— Compare HUF Rates (2026),1,846,"5,747","04:54, 16 Sep, 2026","1,316",23%,10,"2,388",42%,12,0,105,2,,
https://sendmoneycompare.com/send-money/send-money-to-indonesia,send-money/send-money-to-indonesia,Cheapest Way to Send Money to Indonesia— Compare IDR Rates (2026),1,960,"6,291","04:54, 16 Sep, 2026","1,066",17%,16,"2,415",38%,17,0,114,3,,
https://sendmoneycompare.com/send-money/send-money-to-israel,send-money/send-money-to-israel,Cheapest Way to Send Money to Israel— Compare ILS Rates (2026),1,755,"4,836","04:56, 16 Sep, 2026","3,011",62%,4,"4,173",86%,5,0,104,2,,
https://sendmoneycompare.com/send-money/send-money-to-jamaica,send-money/send-money-to-jamaica,Cheapest Way to Send Money to Jamaica— Compare JMD Rates (2026),1,911,"5,809","04:56, 16 Sep, 2026",785,14%,32,"2,154",37%,34,0,108,1,,
https://sendmoneycompare.com/send-money/send-money-to-japan,send-money/send-money-to-japan,Cheapest Way to Send Money to Japan— Compare JPY Rates (2026),1,892,"6,005","04:54, 16 Sep, 2026","1,068",18%,20,"2,287",38%,23,0,108,2,,
https://sendmoneycompare.com/send-money/send-money-to-kazakhstan,send-money/send-money-to-kazakhstan,Cheapest Way to Send Money to Kazakhstan— Compare KZT Rates (2026),1,413,"2,653","04:56, 16 Sep, 2026","1,087",41%,2,"1,576",59%,4,0,86,1,,
https://sendmoneycompare.com/send-money/send-money-to-malaysia,send-money/send-money-to-malaysia,Cheapest Way to Send Money to Malaysia— Compare MYR Rates (2026),1,836,"5,331","04:54, 16 Sep, 2026","1,734",33%,19,"2,589",49%,20,0,108,5,,
https://sendmoneycompare.com/send-money/send-money-to-morocco,send-money/send-money-to-morocco,"Best Way to Send Money to Morocco (2026)— Fees, Rates& Cash Pickup",1,899,"6,508","04:54, 16 Sep, 2026",760,12%,15,"2,306",35%,15,0,106,5,,
https://sendmoneycompare.com/send-money/send-money-to-nepal,send-money/send-money-to-nepal,Cheapest Way to Send Money to Nepal— Compare NPR Rates (2026),1,944,"6,037","04:54, 16 Sep, 2026","1,244",21%,43,"2,275",38%,44,0,111,4,,
https://sendmoneycompare.com/send-money/send-money-to-new-zealand,send-money/send-money-to-new-zealand,Cheapest Way to Send Money to New Zealand— Compare NZD Rates (2026),1,358,"2,711","04:56, 16 Sep, 2026",636,23%,29,"1,866",69%,32,0,100,1,,
https://sendmoneycompare.com/send-money/send-money-to-paraguay,send-money/send-money-to-paraguay,Cheapest Way to Send Money to Paraguay— Compare PYG Rates (2026),1,285,"1,956","04:56, 16 Sep, 2026",601,31%,29,"1,614",83%,34,0,86,1,,
https://sendmoneycompare.com/send-money/send-money-to-peru,send-money/send-money-to-peru,Cheapest Way to Send Money to Peru (2026)— PEN Rates Compared,1,854,"5,798","04:54, 16 Sep, 2026","4,509",78%,18,"5,371",93%,18,0,105,3,,
https://sendmoneycompare.com/send-money/send-money-to-rwanda,send-money/send-money-to-rwanda,Cheapest Way to Send Money to Rwanda— Compare RWF Rates (2026),1,806,"5,250","04:55, 16 Sep, 2026","1,058",20%,11,"2,100",40%,12,0,97,3,,
https://sendmoneycompare.com/send-money/send-money-to-senegal,send-money/send-money-to-senegal,Cheapest Way to Send Money to Senegal— Compare XOF Rates (2026),1,843,"5,832","04:54, 16 Sep, 2026","1,857",32%,10,"2,789",48%,12,0,102,3,,
https://sendmoneycompare.com/send-money/send-money-to-serbia,send-money/send-money-to-serbia,Cheapest Way to Send Money to Serbia— Compare RSD Rates (2026),1,156,"1,064","04:56, 16 Sep, 2026",545,51%,3,"1,031",97%,6,0,80,1,,
https://sendmoneycompare.com/send-money/send-money-to-singapore,send-money/send-money-to-singapore,Cheapest Way to Send Money to Singapore— Compare SGD Rates (2026),1,412,"2,884","04:54, 16 Sep, 2026",967,34%,13,"2,266",79%,19,0,111,2,,
https://sendmoneycompare.com/send-money/send-money-to-south-africa,send-money/send-money-to-south-africa,Cheapest Way to Send Money to South Africa (2026)— ZAR Rates Compared,1,960,"6,571","04:54, 16 Sep, 2026","4,418",67%,14,"5,946",90%,15,0,117,4,,
https://sendmoneycompare.com/send-money/send-money-to-south-korea,send-money/send-money-to-south-korea,Cheapest Way to Send Money to South Korea— Compare KRW Rates (2026),1,586,"4,178","04:54, 16 Sep, 2026","2,389",57%,21,"3,831",92%,22,0,103,4,,
https://sendmoneycompare.com/send-money/send-money-to-spain,send-money/send-money-to-spain,Cheapest Way to Send Money to Spain— Compare EUR Rates (2026),1,"1,206","6,969","04:54, 16 Sep, 2026","4,789",69%,12,"6,594",95%,15,0,143,3,,
https://sendmoneycompare.com/send-money/send-money-to-taiwan,send-money/send-money-to-taiwan,Cheapest Way to Send Money to Taiwan— Compare TWD Rates (2026),1,595,"4,363","04:54, 16 Sep, 2026",727,17%,40,"1,893",43%,41,0,89,2,,
https://sendmoneycompare.com/send-money/send-money-to-tanzania,send-money/send-money-to-tanzania,Cheapest Way to Send Money to Tanzania— Compare TZS Rates (2026),1,888,"6,035","04:55, 16 Sep, 2026","3,704",61%,5,"5,453",90%,7,0,105,4,,
https://sendmoneycompare.com/send-money/send-money-to-thailand,send-money/send-money-to-thailand,Cheapest Way to Send Money to Thailand— Compare THB Rates (2026),1,"1,004","6,506","04:54, 16 Sep, 2026","2,673",41%,12,"4,265",66%,13,0,121,4,,
https://sendmoneycompare.com/send-money/send-money-to-turkey,send-money/send-money-to-turkey,Cheapest Way to Send Money to Turkey— Compare TRY Rates (2026),1,886,"6,055","04:54, 16 Sep, 2026",996,16%,13,"2,425",40%,14,0,107,5,,
https://sendmoneycompare.com/send-money/send-money-to-uganda,send-money/send-money-to-uganda,Cheapest Way to Send Money to Uganda— Compare UGX Rates (2026),1,917,"6,175","04:54, 16 Sep, 2026",825,13%,12,"2,179",35%,12,0,108,3,,
https://sendmoneycompare.com/send-money/send-money-to-ukraine,send-money/send-money-to-ukraine,Cheapest Way to Send Money to Ukraine— Compare UAH Rates (2026),1,757,"5,347","04:54, 16 Sep, 2026",972,18%,14,"2,429",45%,16,0,100,3,,
https://sendmoneycompare.com/send-money/send-money-to-uzbekistan,send-money/send-money-to-uzbekistan,Cheapest Way to Send Money to Uzbekistan— Compare UZS Rates (2026),1,414,"2,671","04:55, 16 Sep, 2026",826,31%,33,"1,624",61%,36,0,86,1,,
https://sendmoneycompare.com/send-money/send-money-to-zimbabwe,send-money/send-money-to-zimbabwe,Cheapest Way to Send Money to Zimbabwe— Compare ZAR Rates (2026),1,919,"5,876","04:54, 16 Sep, 2026","4,542",77%,12,"5,835",99%,15,0,115,4,,
https://sendmoneycompare.com/send-money/aud-to-ars,send-money/aud-to-ars,Cheapest AUD to ARS Rates— Compare 15+ Providers (2026),1,500,"3,315","04:55, 16 Sep, 2026","1,014",31%,14,"2,484",75%,17,0,99,1,,
https://sendmoneycompare.com/send-money/aud-to-brl,send-money/aud-to-brl,Cheapest AUD to BRL Rates— Compare 15+ Providers (2026),1,616,"4,072","04:55, 16 Sep, 2026","1,267",31%,13,"2,728",67%,14,0,117,1,,
https://sendmoneycompare.com/send-money/aud-to-ghs,send-money/aud-to-ghs,Cheapest AUD to GHS Rates— Compare 15+ Providers (2026),1,587,"3,846","04:55, 16 Sep, 2026",739,19%,11,"1,996",52%,14,0,107,1,,
https://sendmoneycompare.com/send-money/aud-to-hkd,send-money/aud-to-hkd,Cheapest AUD to HKD Rates— Compare 15+ Providers (2026),1,399,"2,682","04:55, 16 Sep, 2026","1,244",46%,31,"1,970",73%,38,0,124,1,,
https://sendmoneycompare.com/send-money/aud-to-jpy,send-money/aud-to-jpy,Cheapest AUD to JPY Rates— Compare 15+ Providers (2026),1,430,"2,957","04:55, 16 Sep, 2026",957,32%,16,"2,249",76%,18,0,124,1,,
https://sendmoneycompare.com/send-money/aud-to-kes,send-money/aud-to-kes,Cheapest AUD to KES Rates— Compare 15+ Providers (2026),1,602,"4,040","04:55, 16 Sep, 2026",640,16%,7,"2,306",57%,8,0,116,1,,
https://sendmoneycompare.com/send-money/aud-to-krw,send-money/aud-to-krw,Cheapest AUD to KRW Rates— Compare 15+ Providers (2026),1,545,"3,638","04:55, 16 Sep, 2026",945,26%,16,"2,267",62%,20,0,109,1,,
https://sendmoneycompare.com/send-money/aud-to-mxn,send-money/aud-to-mxn,Cheapest AUD to MXN Rates— Compare 15+ Providers (2026),1,561,"3,735","04:55, 16 Sep, 2026",989,26%,15,"2,317",62%,17,0,115,1,,
https://sendmoneycompare.com/send-money/aud-to-myr,send-money/aud-to-myr,Cheapest AUD to MYR Rates— Compare 15+ Providers (2026),1,547,"3,636","04:55, 16 Sep, 2026","1,475",41%,38,"2,520",69%,39,0,111,1,,
https://sendmoneycompare.com/send-money/aud-to-ngn,send-money/aud-to-ngn,Cheapest AUD to NGN Rates— Compare 15+ Providers (2026),1,556,"3,735","04:56, 16 Sep, 2026","1,050",28%,5,"1,870",50%,8,0,109,1,,
https://sendmoneycompare.com/send-money/aud-to-nzd,send-money/aud-to-nzd,Cheapest AUD to NZD Rates— Compare 15+ Providers (2026),1,875,"5,273","04:55, 16 Sep, 2026",355,7%,5,"1,607",30%,9,0,123,1,,
https://sendmoneycompare.com/send-money/aud-to-pen,send-money/aud-to-pen,Cheapest AUD to PEN Rates— Compare 15+ Providers (2026),1,510,"3,476","04:55, 16 Sep, 2026",856,25%,6,"2,477",71%,8,0,102,1,,
https://sendmoneycompare.com/send-money/aud-to-pln,send-money/aud-to-pln,Cheapest AUD to PLN Rates— Compare 15+ Providers (2026),1,361,"2,488","04:56, 16 Sep, 2026",326,13%,3,"1,695",68%,3,0,114,1,,
https://sendmoneycompare.com/send-money/aud-to-sgd,send-money/aud-to-sgd,Cheapest AUD to SGD Rates— Compare 15+ Providers (2026),1,398,"2,624","04:55, 16 Sep, 2026","1,206",46%,31,"2,023",77%,39,0,125,1,,
https://sendmoneycompare.com/send-money/aud-to-thb,send-money/aud-to-thb,Cheapest AUD to THB Rates— Compare 15+ Providers (2026),1,952,"5,633","04:55, 16 Sep, 2026",744,13%,10,"2,025",36%,12,0,133,1,,
https://sendmoneycompare.com/send-money/aud-to-try,send-money/aud-to-try,Cheapest AUD to TRY Rates— Compare 15+ Providers (2026),1,561,"3,715","04:55, 16 Sep, 2026",982,26%,14,"2,401",65%,18,0,116,1,,
https://sendmoneycompare.com/send-money/aud-to-zar,send-money/aud-to-zar,Cheapest AUD to ZAR Rates— Compare 15+ Providers (2026),1,594,"3,860","04:55, 16 Sep, 2026","1,588",41%,13,"3,368",87%,14,0,126,1,,
https://sendmoneycompare.com/send-money/cad-to-ars,send-money/cad-to-ars,Cheapest CAD to ARS Rates— Compare 15+ Providers (2026),1,491,"3,320","04:55, 16 Sep, 2026",966,29%,10,"2,458",74%,12,0,99,1,,
https://sendmoneycompare.com/send-money/cad-to-brl,send-money/cad-to-brl,Cheapest CAD to BRL Rates— Compare 15+ Providers (2026),1,613,"4,066","04:55, 16 Sep, 2026","1,088",27%,11,"2,714",67%,13,0,117,1,,
https://sendmoneycompare.com/send-money/cad-to-clp,send-money/cad-to-clp,Cheapest CAD to CLP Rates— Compare 15+ Providers (2026),1,374,"2,638","04:55, 16 Sep, 2026","1,000",38%,32,"1,974",75%,37,0,98,1,,
https://sendmoneycompare.com/send-money/cad-to-cop,send-money/cad-to-cop,Cheapest CAD to COP Rates— Compare 15+ Providers (2026),1,531,"3,574","04:56, 16 Sep, 2026","1,426",40%,13,"2,207",62%,18,0,105,1,,
https://sendmoneycompare.com/send-money/cad-to-idr,send-money/cad-to-idr,Cheapest CAD to IDR Rates— Compare 15+ Providers (2026),1,540,"3,663","04:56, 16 Sep, 2026","1,044",29%,5,"2,500",68%,5,0,106,1,,
https://sendmoneycompare.com/send-money/cad-to-jpy,send-money/cad-to-jpy,Cheapest CAD to JPY Rates— Compare 15+ Providers (2026),1,400,"2,813","04:56, 16 Sep, 2026",555,20%,8,"2,178",77%,10,0,113,1,,
https://sendmoneycompare.com/send-money/cad-to-kes,send-money/cad-to-kes,Cheapest CAD to KES Rates— Compare 15+ Providers (2026),1,593,"3,950","04:55, 16 Sep, 2026","1,277",32%,42,"2,413",61%,42,0,110,1,,
https://sendmoneycompare.com/send-money/cad-to-krw,send-money/cad-to-krw,,1,443,"3,002","04:55, 16 Sep, 2026",0,0%,0,0,0%,0,0,94,1,Robots meta tag contains noindex instruction,
https://sendmoneycompare.com/send-money/cad-to-myr,send-money/cad-to-myr,Cheapest CAD to MYR Rates— Compare 15+ Providers (2026),1,537,"3,550","04:55, 16 Sep, 2026","1,108",31%,15,"2,486",70%,20,0,108,1,,
https://sendmoneycompare.com/send-money/cad-to-pen,send-money/cad-to-pen,Cheapest CAD to PEN Rates— Compare 15+ Providers (2026),1,519,"3,467","04:55, 16 Sep, 2026",875,25%,6,"2,488",72%,8,0,102,1,,
https://sendmoneycompare.com/send-money/cad-to-pln,send-money/cad-to-pln,Cheapest CAD to PLN Rates— Compare 15+ Providers (2026),1,351,"2,444","04:55, 16 Sep, 2026","1,109",45%,28,"1,833",75%,34,0,110,1,,
https://sendmoneycompare.com/send-money/cad-to-sgd,send-money/cad-to-sgd,Cheapest CAD to SGD Rates— Compare 15+ Providers (2026),1,361,"2,463","04:55, 16 Sep, 2026",905,37%,21,"1,910",78%,28,0,112,1,,
https://sendmoneycompare.com/send-money/cad-to-thb,send-money/cad-to-thb,Cheapest CAD to THB Rates— Compare 15+ Providers (2026),1,567,"3,750","04:55, 16 Sep, 2026",650,17%,7,"2,235",60%,8,0,115,1,,
https://sendmoneycompare.com/send-money/cad-to-try,send-money/cad-to-try,Cheapest CAD to TRY Rates— Compare 15+ Providers (2026),1,541,"3,618","04:55, 16 Sep, 2026","1,307",36%,34,"2,465",68%,35,0,110,1,,
https://sendmoneycompare.com/send-money/cad-to-usd,send-money/cad-to-usd,Cheapest CAD to USD Rates— Compare 15+ Providers (2026),1,919,"5,293","04:56, 16 Sep, 2026",474,9%,4,"1,898",36%,5,0,119,1,,
https://sendmoneycompare.com/send-money/cad-to-vnd,send-money/cad-to-vnd,Cheapest CAD to VND Rates— Compare 15+ Providers (2026),1,542,"3,689","04:56, 16 Sep, 2026",633,17%,5,"2,311",63%,7,0,109,1,,
https://sendmoneycompare.com/send-money/cad-to-zar,send-money/cad-to-zar,Cheapest CAD to ZAR Rates— Compare 15+ Providers (2026),1,557,"3,723","04:56, 16 Sep, 2026",812,22%,4,"2,489",67%,6,0,113,1,,
https://sendmoneycompare.com/send-money/chf-to-eur,send-money/chf-to-eur,Cheapest CHF to EUR Rates— Compare 15+ Providers (2026),1,800,"4,945","04:56, 16 Sep, 2026",343,7%,4,"1,637",33%,5,0,102,1,,
https://sendmoneycompare.com/send-money/chf-to-hkd,send-money/chf-to-hkd,Cheapest CHF to HKD Rates— Compare 15+ Providers (2026),1,319,"2,249","04:56, 16 Sep, 2026",324,14%,5,"1,772",79%,8,0,97,1,,
https://sendmoneycompare.com/send-money/chf-to-jpy,send-money/chf-to-jpy,Cheapest CHF to JPY Rates— Compare 15+ Providers (2026),1,320,"2,223","04:56, 16 Sep, 2026","1,066",48%,22,"1,792",81%,35,0,97,1,,
https://sendmoneycompare.com/send-money/chf-to-sgd,send-money/chf-to-sgd,Cheapest CHF to SGD Rates— Compare 15+ Providers (2026),1,319,"2,236","04:56, 16 Sep, 2026",468,21%,3,"1,744",78%,3,0,98,1,,
https://sendmoneycompare.com/send-money/chf-to-thb,send-money/chf-to-thb,Cheapest CHF to THB Rates— Compare 15+ Providers (2026),1,329,"2,271","04:55, 16 Sep, 2026",271,12%,6,"1,731",76%,7,0,100,1,,
https://sendmoneycompare.com/send-money/chf-to-zar,send-money/chf-to-zar,Cheapest CHF to ZAR Rates— Compare 15+ Providers (2026),1,320,"2,244","04:55, 16 Sep, 2026","1,042",46%,24,"1,795",80%,36,0,99,1,,
https://sendmoneycompare.com/send-money/eur-to-ars,send-money/eur-to-ars,Cheapest EUR to ARS Rates— Compare 15+ Providers (2026),1,517,"3,410","04:55, 16 Sep, 2026",792,23%,4,"2,378",70%,5,0,96,1,,
https://sendmoneycompare.com/send-money/eur-to-cad,send-money/eur-to-cad,Cheapest EUR to CAD Rates— Compare 15+ Providers (2026),1,298,"2,081","04:56, 16 Sep, 2026",646,31%,29,"1,720",83%,35,0,91,1,,
https://sendmoneycompare.com/send-money/eur-to-clp,send-money/eur-to-clp,Cheapest EUR to CLP Rates— Compare 15+ Providers (2026),1,369,"2,588","04:56, 16 Sep, 2026",276,11%,6,"1,844",71%,8,0,92,1,,
https://sendmoneycompare.com/send-money/eur-to-cop,send-money/eur-to-cop,Cheapest EUR to COP Rates— Compare 15+ Providers (2026),1,932,"5,554","04:56, 16 Sep, 2026",337,6%,5,"2,008",36%,6,0,118,1,,
https://sendmoneycompare.com/send-money/eur-to-dop,send-money/eur-to-dop,Cheapest EUR to DOP Rates— Compare 15+ Providers (2026),1,506,"3,280","04:56, 16 Sep, 2026",439,13%,6,"1,917",58%,7,0,95,1,,
https://sendmoneycompare.com/send-money/eur-to-egp,send-money/eur-to-egp,Cheapest EUR to EGP Rates— Compare 15+ Providers (2026),1,575,"3,676","04:56, 16 Sep, 2026",759,21%,7,"1,864",51%,9,0,106,1,,
https://sendmoneycompare.com/send-money/eur-to-gbp,send-money/eur-to-gbp,Cheapest EUR to GBP Rates— Compare 15+ Providers (2026),1,946,"5,447","04:56, 16 Sep, 2026","4,001",73%,5,"5,423",100%,9,0,118,1,,
https://sendmoneycompare.com/send-money/eur-to-ghs,send-money/eur-to-ghs,Cheapest EUR to GHS Rates— Compare 15+ Providers (2026),1,"1,016","5,648","04:56, 16 Sep, 2026","1,203",21%,7,"2,006",36%,10,0,131,1,,
https://sendmoneycompare.com/send-money/eur-to-hkd,send-money/eur-to-hkd,Cheapest EUR to HKD Rates— Compare 15+ Providers (2026),1,404,"2,591","04:56, 16 Sep, 2026",205,8%,5,"1,596",62%,6,0,117,1,,
https://sendmoneycompare.com/send-money/eur-to-idr,send-money/eur-to-idr,Cheapest EUR to IDR Rates— Compare 15+ Providers (2026),1,595,"3,849","04:56, 16 Sep, 2026","1,028",27%,8,"2,469",64%,11,0,115,1,,
https://sendmoneycompare.com/send-money/eur-to-jpy,send-money/eur-to-jpy,Cheapest EUR to JPY Rates— Compare 15+ Providers (2026),1,456,"3,009","04:56, 16 Sep, 2026",670,22%,10,"2,180",72%,10,0,121,1,,
https://sendmoneycompare.com/send-money/eur-to-kes,send-money/eur-to-kes,Cheapest EUR to KES Rates— Compare 15+ Providers (2026),1,"1,056","5,940","04:56, 16 Sep, 2026","1,369",23%,10,"2,166",36%,12,0,141,1,,
https://sendmoneycompare.com/send-money/eur-to-krw,send-money/eur-to-krw,Cheapest EUR to KRW Rates— Compare 15+ Providers (2026),1,500,"3,398","04:56, 16 Sep, 2026",387,11%,4,"1,867",55%,4,0,94,1,,
https://sendmoneycompare.com/send-money/eur-to-nok,send-money/eur-to-nok,Cheapest EUR to NOK Rates— Compare 15+ Providers (2026),1,194,"1,262","04:56, 16 Sep, 2026",211,17%,14,"1,179",93%,34,0,82,1,,
https://sendmoneycompare.com/send-money/eur-to-pen,send-money/eur-to-pen,Cheapest EUR to PEN Rates— Compare 15+ Providers (2026),1,522,"3,471","04:56, 16 Sep, 2026",634,18%,3,"2,273",65%,5,0,99,1,,
https://sendmoneycompare.com/send-money/eur-to-sgd,send-money/eur-to-sgd,Cheapest EUR to SGD Rates— Compare 15+ Providers (2026),1,408,"2,599","04:56, 16 Sep, 2026",421,16%,5,"1,860",72%,5,0,118,1,,
https://sendmoneycompare.com/send-money/eur-to-thb,send-money/eur-to-thb,Cheapest EUR to THB Rates— Compare 15+ Providers (2026),1,667,"4,173","04:56, 16 Sep, 2026","1,339",32%,3,"2,225",53%,3,0,134,1,,
https://sendmoneycompare.com/send-money/eur-to-try,send-money/eur-to-try,Cheapest EUR to TRY Rates— Compare 15+ Providers (2026),1,"1,104","6,219","04:54, 16 Sep, 2026","5,471",88%,12,"6,194",100%,19,0,146,2,,
https://sendmoneycompare.com/send-money/eur-to-usd,send-money/eur-to-usd,Cheapest EUR to USD Rates— Compare 15+ Providers (2026),1,940,"5,423","04:56, 16 Sep, 2026",851,16%,3,"2,113",39%,3,0,119,1,,
https://sendmoneycompare.com/send-money/eur-to-vnd,send-money/eur-to-vnd,Cheapest EUR to VND Rates— Compare 15+ Providers (2026),1,551,"3,680","04:56, 16 Sep, 2026","2,065",56%,2,"2,065",56%,2,0,107,1,,
https://sendmoneycompare.com/send-money/eur-to-zar,send-money/eur-to-zar,Cheapest EUR to ZAR Rates— Compare 15+ Providers (2026),1,606,"3,850","04:56, 16 Sep, 2026",927,24%,4,"2,102",55%,4,0,119,1,,
https://sendmoneycompare.com/send-money/gbp-to-aed,send-money/gbp-to-aed,Cheapest GBP to AED Rates— Compare 15+ Providers (2026),1,856,"5,274","04:56, 16 Sep, 2026",488,9%,4,"1,859",35%,4,0,115,1,,
https://sendmoneycompare.com/send-money/gbp-to-ars,send-money/gbp-to-ars,Cheapest GBP to ARS Rates— Compare 15+ Providers (2026),1,492,"3,287","04:56, 16 Sep, 2026","2,361",72%,2,"2,361",72%,2,0,97,1,,
https://sendmoneycompare.com/send-money/gbp-to-aud,send-money/gbp-to-aud,Cheapest GBP to AUD Rates— Compare 15+ Providers (2026),1,"1,086","5,953","04:56, 16 Sep, 2026",656,11%,5,"2,092",35%,6,0,149,1,,
https://sendmoneycompare.com/send-money/gbp-to-brl,send-money/gbp-to-brl,Cheapest GBP to BRL Rates— Compare 15+ Providers (2026),1,757,"4,511","04:56, 16 Sep, 2026",800,18%,4,"2,277",50%,4,0,121,1,,
https://sendmoneycompare.com/send-money/gbp-to-cad,send-money/gbp-to-cad,Cheapest GBP to CAD Rates— Compare 15+ Providers (2026),1,"1,071","6,013","04:56, 16 Sep, 2026","1,129",19%,4,"1,910",32%,7,0,151,1,,
https://sendmoneycompare.com/send-money/gbp-to-cop,send-money/gbp-to-cop,Cheapest GBP to COP Rates— Compare 15+ Providers (2026),1,627,"3,848","04:56, 16 Sep, 2026",726,19%,5,"2,445",64%,5,0,101,1,,
https://sendmoneycompare.com/send-money/gbp-to-gtq,send-money/gbp-to-gtq,Cheapest GBP to GTQ Rates— Compare 15+ Providers (2026),1,409,"2,661","04:56, 16 Sep, 2026","1,662",62%,9,"2,582",97%,12,0,88,1,,
https://sendmoneycompare.com/send-money/gbp-to-hkd,send-money/gbp-to-hkd,Cheapest GBP to HKD Rates— Compare 15+ Providers (2026),1,388,"2,574","04:56, 16 Sep, 2026",894,35%,3,"1,725",67%,3,0,120,1,,
https://sendmoneycompare.com/send-money/gbp-to-idr,send-money/gbp-to-idr,Cheapest GBP to IDR Rates— Compare 15+ Providers (2026),1,658,"4,068","04:56, 16 Sep, 2026","1,656",41%,19,"2,763",68%,21,0,107,1,,
https://sendmoneycompare.com/send-money/gbp-to-jpy,send-money/gbp-to-jpy,Cheapest GBP to JPY Rates— Compare 15+ Providers (2026),1,428,"2,922","04:56, 16 Sep, 2026",822,28%,29,"2,188",75%,31,0,123,1,,
https://sendmoneycompare.com/send-money/gbp-to-krw,send-money/gbp-to-krw,,1,484,"3,243","04:55, 16 Sep, 2026",0,0%,0,0,0%,0,0,96,1,Robots meta tag contains noindex instruction,
https://sendmoneycompare.com/send-money/gbp-to-mad,send-money/gbp-to-mad,Cheapest GBP to MAD Rates— Compare 15+ Providers (2026),1,732,"4,403","04:55, 16 Sep, 2026",688,16%,15,"2,186",50%,16,0,116,1,,
https://sendmoneycompare.com/send-money/gbp-to-myr,send-money/gbp-to-myr,Cheapest GBP to MYR Rates— Compare 15+ Providers (2026),1,550,"3,612","04:56, 16 Sep, 2026","1,200",33%,3,"2,419",67%,3,0,109,1,,
https://sendmoneycompare.com/send-money/gbp-to-nzd,send-money/gbp-to-nzd,Cheapest GBP to NZD Rates— Compare 15+ Providers (2026),1,994,"5,658","04:56, 16 Sep, 2026","1,014",18%,3,"1,816",32%,6,0,136,1,,
https://sendmoneycompare.com/send-money/gbp-to-pen,send-money/gbp-to-pen,Cheapest GBP to PEN Rates— Compare 15+ Providers (2026),1,518,"3,421","04:56, 16 Sep, 2026",689,20%,7,"2,297",67%,9,0,100,1,,
https://sendmoneycompare.com/send-money/gbp-to-pln,send-money/gbp-to-pln,Cheapest GBP to PLN Rates— Compare 15+ Providers (2026),1,"1,067","6,038","04:56, 16 Sep, 2026",615,10%,5,"1,956",32%,6,0,147,1,,
https://sendmoneycompare.com/send-money/gbp-to-sgd,send-money/gbp-to-sgd,Cheapest GBP to SGD Rates— Compare 15+ Providers (2026),1,391,"2,587","04:56, 16 Sep, 2026",678,26%,4,"1,923",74%,4,0,121,1,,
https://sendmoneycompare.com/send-money/gbp-to-thb,send-money/gbp-to-thb,Cheapest GBP to THB Rates— Compare 15+ Providers (2026),1,747,"4,477","04:55, 16 Sep, 2026","1,500",34%,26,"2,443",55%,30,0,135,1,,
https://sendmoneycompare.com/send-money/gbp-to-try,send-money/gbp-to-try,Cheapest GBP to TRY Rates— Compare 15+ Providers (2026),1,964,"5,617","04:55, 16 Sep, 2026","1,195",21%,34,"2,304",41%,36,0,129,1,,
https://sendmoneycompare.com/send-money/gbp-to-ugx,send-money/gbp-to-ugx,Cheapest GBP to UGX Rates— Compare 15+ Providers (2026),1,685,"4,142","04:55, 16 Sep, 2026",593,14%,8,"2,035",49%,8,0,101,1,,
https://sendmoneycompare.com/send-money/gbp-to-usd,send-money/gbp-to-usd,Cheapest GBP to USD Rates— Compare 15+ Providers (2026),1,"1,112","5,902","04:55, 16 Sep, 2026",524,9%,6,"1,959",33%,7,0,140,1,,
https://sendmoneycompare.com/send-money/hkd-to-brl,send-money/hkd-to-brl,Cheapest HKD to BRL Rates— Compare 15+ Providers (2026),1,321,"2,269","04:55, 16 Sep, 2026","1,214",54%,27,"1,810",80%,38,0,102,1,,
https://sendmoneycompare.com/send-money/hkd-to-eur,send-money/hkd-to-eur,Cheapest HKD to EUR Rates— Compare 15+ Providers (2026),1,368,"2,521","04:56, 16 Sep, 2026",708,28%,4,"2,022",80%,4,0,107,1,,
https://sendmoneycompare.com/send-money/hkd-to-jpy,send-money/hkd-to-jpy,Cheapest HKD to JPY Rates— Compare 15+ Providers (2026),1,358,"2,545","04:56, 16 Sep, 2026",478,19%,4,"1,954",77%,5,0,104,1,,
https://sendmoneycompare.com/send-money/hkd-to-myr,send-money/hkd-to-myr,Cheapest HKD to MYR Rates— Compare 15+ Providers (2026),1,318,"2,224","04:56, 16 Sep, 2026",424,19%,3,"1,718",77%,4,0,98,1,,
https://sendmoneycompare.com/send-money/hkd-to-sgd,send-money/hkd-to-sgd,Cheapest HKD to SGD Rates— Compare 15+ Providers (2026),1,366,"2,512","04:56, 16 Sep, 2026",290,12%,5,"2,093",83%,5,0,108,1,,
https://sendmoneycompare.com/send-money/hkd-to-thb,send-money/hkd-to-thb,Cheapest HKD to THB Rates— Compare 15+ Providers (2026),1,359,"2,541","04:56, 16 Sep, 2026",593,23%,13,"1,867",73%,15,0,106,1,,
https://sendmoneycompare.com/send-money/hkd-to-zar,send-money/hkd-to-zar,Cheapest HKD to ZAR Rates— Compare 15+ Providers (2026),1,320,"2,323","04:56, 16 Sep, 2026",172,7%,4,"1,720",74%,5,0,98,1,,
https://sendmoneycompare.com/send-money/sgd-to-brl,send-money/sgd-to-brl,Cheapest SGD to BRL Rates— Compare 15+ Providers (2026),1,331,"2,325","04:56, 16 Sep, 2026",135,6%,3,"1,744",75%,7,0,106,1,,
https://sendmoneycompare.com/send-money/sgd-to-hkd,send-money/sgd-to-hkd,Cheapest SGD to HKD Rates— Compare 15+ Providers (2026),1,340,"2,400","04:56, 16 Sep, 2026",167,7%,6,"1,778",74%,7,0,103,1,,
https://sendmoneycompare.com/send-money/sgd-to-jpy,send-money/sgd-to-jpy,Cheapest SGD to JPY Rates— Compare 15+ Providers (2026),1,340,"2,358","04:56, 16 Sep, 2026",256,11%,6,"1,792",76%,8,0,102,1,,
https://sendmoneycompare.com/send-money/sgd-to-krw,send-money/sgd-to-krw,,1,285,"2,044","04:56, 16 Sep, 2026",0,0%,0,0,0%,0,0,95,1,Robots meta tag contains noindex instruction,
https://sendmoneycompare.com/send-money/sgd-to-mxn,send-money/sgd-to-mxn,,1,303,"2,195","04:56, 16 Sep, 2026",0,0%,0,0,0%,0,0,100,1,Robots meta tag contains noindex instruction,
https://sendmoneycompare.com/send-money/sgd-to-myr,send-money/sgd-to-myr,Cheapest SGD to MYR Rates— Compare 15+ Providers (2026),1,759,"4,851","04:55, 16 Sep, 2026",726,15%,8,"1,990",41%,12,0,104,1,,
https://sendmoneycompare.com/send-money/sgd-to-pen,send-money/sgd-to-pen,Cheapest SGD to PEN Rates— Compare 15+ Providers (2026),1,302,"2,124","04:55, 16 Sep, 2026",867,41%,27,"1,668",79%,40,0,96,1,,
https://sendmoneycompare.com/send-money/sgd-to-pln,send-money/sgd-to-pln,Cheapest SGD to PLN Rates— Compare 15+ Providers (2026),1,321,"2,264","04:55, 16 Sep, 2026",432,19%,7,"1,831",81%,10,0,100,1,,
https://sendmoneycompare.com/send-money/sgd-to-thb,send-money/sgd-to-thb,Cheapest SGD to THB Rates— Compare 15+ Providers (2026),1,339,"2,354","04:55, 16 Sep, 2026","1,028",44%,26,"1,801",77%,36,0,104,1,,
https://sendmoneycompare.com/guides/how-euribor-affects-euro-transfers,guides/how-euribor-affects-euro-transfers,,1,245,"2,798","04:53, 16 Sep, 2026",0,0%,0,0,0%,0,0,94,10,Robots meta tag contains noindex instruction,
https://sendmoneycompare.com/send-money/sgd-to-try,send-money/sgd-to-try,Cheapest SGD to TRY Rates— Compare 15+ Providers (2026),1,321,"2,280","04:56, 16 Sep, 2026","1,667",73%,2,"1,667",73%,2,0,101,1,,
https://sendmoneycompare.com/send-money/sgd-to-vnd,send-money/sgd-to-vnd,Cheapest SGD to VND Rates— Compare 15+ Providers (2026),1,322,"2,333","04:55, 16 Sep, 2026",476,20%,12,"1,723",74%,16,0,101,1,,
https://sendmoneycompare.com/send-money/sgd-to-zar,send-money/sgd-to-zar,Cheapest SGD to ZAR Rates— Compare 15+ Providers (2026),1,322,"2,279","04:55, 16 Sep, 2026",288,13%,6,"1,763",77%,6,0,100,1,,
https://sendmoneycompare.com/send-money/usd-to-egp,send-money/usd-to-egp,Cheapest USD to EGP Rates— Compare 15+ Providers (2026),1,791,"4,904","04:55, 16 Sep, 2026","2,927",60%,9,"4,536",92%,11,0,109,2,,
https://sendmoneycompare.com/send-money/usd-to-krw,send-money/usd-to-krw,Cheapest USD to KRW Rates— Compare 15+ Providers (2026),1,531,"3,518","04:54, 16 Sep, 2026","2,791",79%,30,"3,498",99%,41,0,103,2,,
https://sendmoneycompare.com/send-money/australia-to-philippines,send-money/australia-to-philippines,,1,"1,251","7,761","04:53, 16 Sep, 2026",0,0%,0,0,0%,0,0,153,17,Robots meta tag contains noindex instruction,
https://sendmoneycompare.com/guides/traveling-multiple-countries-currency-guide,guides/traveling-multiple-countries-currency-guide,,1,241,"2,801","04:54, 16 Sep, 2026",0,0%,0,0,0%,0,0,89,3,Robots meta tag contains noindex instruction,
https://sendmoneycompare.com/guides/compare-exchange-rates-multiple-currencies,guides/compare-exchange-rates-multiple-currencies,,1,235,"2,604","04:54, 16 Sep, 2026",0,0%,0,0,0%,0,0,85,3,Robots meta tag contains noindex instruction,
https://sendmoneycompare.com/guides/currency-converter-vs-bank-app-travel,guides/currency-converter-vs-bank-app-travel,,1,232,"2,476","04:54, 16 Sep, 2026",0,0%,0,0,0%,0,0,87,3,Robots meta tag contains noindex instruction,
https://sendmoneycompare.com/banks/hsbc,banks/hsbc,HSBC International Transfer Fees | SendMoneyCompare,1,232,"2,165","04:53, 16 Sep, 2026",899,42%,4,"1,377",64%,8,0,92,39,,
https://sendmoneycompare.com/banks/lloyds,banks/lloyds,,1,204,"1,685","04:53, 16 Sep, 2026",0,0%,0,0,0%,0,0,87,39,Robots meta tag contains noindex instruction,
https://sendmoneycompare.com/banks/barclays,banks/barclays,,1,214,"1,742","04:53, 16 Sep, 2026",0,0%,0,0,0%,0,0,89,39,Robots meta tag contains noindex instruction,
https://sendmoneycompare.com/compare/xe-vs-moneygram,compare/xe-vs-moneygram,,1,219,"1,921","04:54, 16 Sep, 2026",0,0%,0,0,0%,0,0,84,7,Robots meta tag contains noindex instruction,
https://sendmoneycompare.com/news/us-remittance-tax-3-months-behavioral-shift-2026,news/us-remittance-tax-3-months-behavioral-shift-2026,,1,237,"2,123","04:54, 16 Sep, 2026",0,0%,0,0,0%,0,0,96,2,Robots meta tag contains noindex instruction,
https://sendmoneycompare.com/news/liberation-day-tariffs-remittance-impact-2026,news/liberation-day-tariffs-remittance-impact-2026,,1,232,"1,719","04:54, 16 Sep, 2026",0,0%,0,0,0%,0,0,101,2,Robots meta tag contains noindex instruction,
https://sendmoneycompare.com/news/april-2026-central-bank-calendar,news/april-2026-central-bank-calendar,April 2026 Central Bank Calendar | SendMoneyCompare,1,229,"1,667","04:53, 16 Sep, 2026",225,13%,10,"1,113",67%,20,0,103,4,,
https://sendmoneycompare.com/compare/revolut-vs-worldremit,compare/revolut-vs-worldremit,,1,218,"1,803","04:54, 16 Sep, 2026",0,0%,0,0,0%,0,0,84,5,Robots meta tag contains noindex instruction,
https://sendmoneycompare.com/news/nigeria-cbn-naira-only-remittance-rule-2026,news/nigeria-cbn-naira-only-remittance-rule-2026,,1,234,"2,077","04:55, 16 Sep, 2026",0,0%,0,0,0%,0,0,97,1,Robots meta tag contains noindex instruction,
https://sendmoneycompare.com/news/fed-holds-rates-march-2026-one-cut-dot-plot,news/fed-holds-rates-march-2026-one-cut-dot-plot,"Fed Holds Rates Steady, Signals Just One Cut in 2026",1,232,"1,767","04:53, 16 Sep, 2026",482,27%,4,"1,140",65%,6,0,100,4,,
https://sendmoneycompare.com/news/swift-75-percent-payments-ten-minutes-fsb-stablecoins-thunes-2026,news/swift-75-percent-payments-ten-minutes-fsb-stablecoins-thunes-2026,75% of Cross-Border Payments Now Arrive in 10 Minutes,1,237,"1,963","04:55, 16 Sep, 2026",837,43%,3,"1,071",55%,3,0,98,1,,
https://sendmoneycompare.com/news/central-bank-super-week-march-2026,news/central-bank-super-week-march-2026,How Central Bank Rate Decisions Affect Your Money Transfers,1,230,"1,730","04:53, 16 Sep, 2026",154,9%,7,"1,121",65%,16,0,97,7,,
https://sendmoneycompare.com/news/us-remittance-excise-tax-takes-effect-2026,news/us-remittance-excise-tax-takes-effect-2026,New 1% US Remittance Tax— What It Means for You | SendMoneyCompare,1,226,"1,560","04:54, 16 Sep, 2026",135,9%,3,"1,088",70%,8,0,97,5,,
https://sendmoneycompare.com/news/revolut-files-us-bank-charter-2026,news/revolut-files-us-bank-charter-2026,Revolut News March 2026 | SendMoneyCompare,1,226,"1,624","04:55, 16 Sep, 2026",0,0%,0,"1,072",66%,4,0,96,1,,
https://sendmoneycompare.com/news/china-digital-yuan-interest-bearing-cbdc,news/china-digital-yuan-interest-bearing-cbdc,Analysis: What Interest-Bearing Digital Yuan Wallets Could Mean for…,1,223,"1,453","04:54, 16 Sep, 2026",452,31%,3,"1,069",74%,6,0,93,2,,
https://sendmoneycompare.com/news/stablecoins-cross-border-payments-2026,news/stablecoins-cross-border-payments-2026,Stablecoins Are Quietly Becoming the Backbone of Cross-Border B2B…,1,224,"1,466","04:53, 16 Sep, 2026",0,0%,0,"1,082",74%,8,0,97,4,,
https://sendmoneycompare.com/news/embedded-finance-regulation-tightening-2026,news/embedded-finance-regulation-tightening-2026,US Regulators Turn Their Attention to Embedded Finance as…,1,224,"1,409","04:55, 16 Sep, 2026",756,54%,3,"1,072",76%,3,0,95,1,,
https://sendmoneycompare.com/companies/sbi,companies/sbi,,1,150,879,"04:55, 16 Sep, 2026",0,0%,0,0,0%,0,0,82,1,Robots meta tag contains noindex instruction,
https://sendmoneycompare.com/send-money?from=USD&to=NOK&amount=1000,send-money?from=USD&to=NOK&amount=1000,https://sendmoneycompare.com/send-money,1,0,0,"00:00, 1 Jan, 1970",0,0%,0,0,0%,0,0,0,1,Canonical ,https://sendmoneycompare.com/send-money
https://sendmoneycompare.com/send-money?from=USD&to=BDT&amount=1000,send-money?from=USD&to=BDT&amount=1000,https://sendmoneycompare.com/send-money,1,0,0,"00:00, 1 Jan, 1970",0,0%,0,0,0%,0,0,0,1,Canonical ,https://sendmoneycompare.com/send-money
https://sendmoneycompare.com/exchange-rates/history/gbp-to-usd,exchange-rates/history/gbp-to-usd,,1,790,"3,039","04:54, 16 Sep, 2026",0,0%,0,0,0%,0,0,75,6,Robots meta tag contains noindex instruction,
https://sendmoneycompare.com/send-money/canada-to-nigeria,send-money/canada-to-nigeria,,1,888,"6,045","04:53, 16 Sep, 2026",0,0%,0,0,0%,0,0,114,12,Robots meta tag contains noindex instruction,
https://sendmoneycompare.com/compare/boss-money-vs-remitly,compare/boss-money-vs-remitly,,1,216,"1,862","04:53, 16 Sep, 2026",0,0%,0,0,0%,0,0,82,4,Robots meta tag contains noindex instruction,
https://sendmoneycompare.com/send-money/australia-to-pakistan,send-money/australia-to-pakistan,,1,813,"5,994","04:55, 16 Sep, 2026",0,0%,0,0,0%,0,0,115,1,Robots meta tag contains noindex instruction,
https://sendmoneycompare.com/send-money/bahrain-to-pakistan,send-money/bahrain-to-pakistan,,1,712,"4,518","04:54, 16 Sep, 2026",0,0%,0,0,0%,0,0,102,4,Robots meta tag contains noindex instruction,
https://sendmoneycompare.com/news/moneyremitter-launches-deals-comparison,news/moneyremitter-launches-deals-comparison,,1,225,"1,418","04:55, 16 Sep, 2026",0,0%,0,0,0%,0,0,95,1,Robots meta tag contains noindex instruction,
https://sendmoneycompare.com/send-money?from=USD&to=HUF&amount=1000,send-money?from=USD&to=HUF&amount=1000,https://sendmoneycompare.com/send-money,1,0,0,"00:00, 1 Jan, 1970",0,0%,0,0,0%,0,0,0,1,Canonical ,https://sendmoneycompare.com/send-money
https://sendmoneycompare.com/compare/chase-vs-revolut,compare/chase-vs-revolut,,1,215,"1,755","04:53, 16 Sep, 2026",0,0%,0,0,0%,0,0,85,5,Robots meta tag contains noindex instruction,
https://sendmoneycompare.com/send-money?from=USD&to=CZK&amount=1000,send-money?from=USD&to=CZK&amount=1000,https://sendmoneycompare.com/send-money,1,0,0,"00:00, 1 Jan, 1970",0,0%,0,0,0%,0,0,0,2,Canonical ,https://sendmoneycompare.com/send-money
https://sendmoneycompare.com/send-money?from=USD&to=DKK&amount=1000,send-money?from=USD&to=DKK&amount=1000,https://sendmoneycompare.com/send-money,1,0,0,"00:00, 1 Jan, 1970",0,0%,0,0,0%,0,0,0,3,Canonical ,https://sendmoneycompare.com/send-money
https://sendmoneycompare.com/compare/worldremit-vs-xoom,compare/worldremit-vs-xoom,,1,216,"1,784","04:55, 16 Sep, 2026",0,0%,0,0,0%,0,0,83,5,Robots meta tag contains noindex instruction,
https://sendmoneycompare.com/send-money?from=GBP&to=INR&amount=1000,send-money?from=GBP&to=INR&amount=1000,https://sendmoneycompare.com/send-money,1,0,0,"00:00, 1 Jan, 1970",0,0%,0,0,0%,0,0,0,4,Canonical ,https://sendmoneycompare.com/send-money
https://sendmoneycompare.com/compare/revolut-vs-xoom,compare/revolut-vs-xoom,,1,217,"1,836","04:56, 16 Sep, 2026",0,0%,0,0,0%,0,0,84,6,Robots meta tag contains noindex instruction,
https://sendmoneycompare.com/guides/money-transfer-promo-codes-referral-programs,guides/money-transfer-promo-codes-referral-programs,,1,289,"4,091","04:54, 16 Sep, 2026",0,0%,0,0,0%,0,0,96,6,Robots meta tag contains noindex instruction,
https://sendmoneycompare.com/send-money?from=AUD&to=THB&amount=1000,send-money?from=AUD&to=THB&amount=1000,https://sendmoneycompare.com/send-money,1,0,0,"00:00, 1 Jan, 1970",0,0%,0,0,0%,0,0,0,1,Canonical ,https://sendmoneycompare.com/send-money
https://sendmoneycompare.com/send-money?from=USD&to=KZT&amount=1000,send-money?from=USD&to=KZT&amount=1000,https://sendmoneycompare.com/send-money,1,0,0,"00:00, 1 Jan, 1970",0,0%,0,0,0%,0,0,0,1,Canonical ,https://sendmoneycompare.com/send-money
https://sendmoneycompare.com/send-money?from=USD&to=QAR&amount=1000,send-money?from=USD&to=QAR&amount=1000,https://sendmoneycompare.com/send-money,1,0,0,"00:00, 1 Jan, 1970",0,0%,0,0,0%,0,0,0,1,Canonical ,https://sendmoneycompare.com/send-money
https://sendmoneycompare.com/send-money?from=USD&to=UAH&amount=1000,send-money?from=USD&to=UAH&amount=1000,https://sendmoneycompare.com/send-money,1,0,0,"00:00, 1 Jan, 1970",0,0%,0,0,0%,0,0,0,1,Canonical ,https://sendmoneycompare.com/send-money
https://sendmoneycompare.com/send-money?from=USD&to=GTQ&amount=1000,send-money?from=USD&to=GTQ&amount=1000,https://sendmoneycompare.com/send-money,1,0,0,"00:00, 1 Jan, 1970",0,0%,0,0,0%,0,0,0,1,Canonical ,https://sendmoneycompare.com/send-money
https://sendmoneycompare.com/send-money?from=USD&to=CRC&amount=1000,send-money?from=USD&to=CRC&amount=1000,https://sendmoneycompare.com/send-money,1,0,0,"00:00, 1 Jan, 1970",0,0%,0,0,0%,0,0,0,1,Canonical ,https://sendmoneycompare.com/send-money
https://sendmoneycompare.com/send-money?from=AED&to=INR&amount=1000,send-money?from=AED&to=INR&amount=1000,https://sendmoneycompare.com/send-money,1,0,0,"00:00, 1 Jan, 1970",0,0%,0,0,0%,0,0,0,1,Canonical ,https://sendmoneycompare.com/send-money
https://sendmoneycompare.com/send-money?from=SGD&to=INR&amount=1000,send-money?from=SGD&to=INR&amount=1000,https://sendmoneycompare.com/send-money,1,0,0,"00:00, 1 Jan, 1970",0,0%,0,0,0%,0,0,0,1,Canonical ,https://sendmoneycompare.com/send-money
https://sendmoneycompare.com/send-money?from=CAD&to=INR&amount=1000,send-money?from=CAD&to=INR&amount=1000,https://sendmoneycompare.com/send-money,1,0,0,"00:00, 1 Jan, 1970",0,0%,0,0,0%,0,0,0,2,Canonical ,https://sendmoneycompare.com/send-money
https://sendmoneycompare.com/send-money?from=USD&to=KWD&amount=1000,send-money?from=USD&to=KWD&amount=1000,https://sendmoneycompare.com/send-money,1,0,0,"00:00, 1 Jan, 1970",0,0%,0,0,0%,0,0,0,1,Canonical ,https://sendmoneycompare.com/send-money
https://sendmoneycompare.com/send-money?from=USD&to=ILS&amount=1000,send-money?from=USD&to=ILS&amount=1000,https://sendmoneycompare.com/send-money,1,0,0,"00:00, 1 Jan, 1970",0,0%,0,0,0%,0,0,0,1,Canonical ,https://sendmoneycompare.com/send-money
https://sendmoneycompare.com/send-money?from=USD&to=DOP&amount=1000,send-money?from=USD&to=DOP&amount=1000,https://sendmoneycompare.com/send-money,1,0,0,"00:00, 1 Jan, 1970",0,0%,0,0,0%,0,0,0,1,Canonical ,https://sendmoneycompare.com/send-money
https://sendmoneycompare.com/send-money?from=AED&to=PHP&amount=1000,send-money?from=AED&to=PHP&amount=1000,https://sendmoneycompare.com/send-money,1,0,0,"00:00, 1 Jan, 1970",0,0%,0,0,0%,0,0,0,1,Canonical ,https://sendmoneycompare.com/send-money
https://sendmoneycompare.com/send-money?from=SGD&to=PHP&amount=1000,send-money?from=SGD&to=PHP&amount=1000,https://sendmoneycompare.com/send-money,1,0,0,"00:00, 1 Jan, 1970",0,0%,0,0,0%,0,0,0,1,Canonical ,https://sendmoneycompare.com/send-money
https://sendmoneycompare.com/send-money?from=GBP&to=PHP&amount=1000,send-money?from=GBP&to=PHP&amount=1000,https://sendmoneycompare.com/send-money,1,0,0,"00:00, 1 Jan, 1970",0,0%,0,0,0%,0,0,0,1,Canonical ,https://sendmoneycompare.com/send-money
https://sendmoneycompare.com/send-money?from=HKD&to=PHP&amount=1000,send-money?from=HKD&to=PHP&amount=1000,https://sendmoneycompare.com/send-money,1,0,0,"00:00, 1 Jan, 1970",0,0%,0,0,0%,0,0,0,1,Canonical ,https://sendmoneycompare.com/send-money
https://sendmoneycompare.com/send-money?from=USD&to=TRY&amount=1000,send-money?from=USD&to=TRY&amount=1000,https://sendmoneycompare.com/send-money,1,0,0,"00:00, 1 Jan, 1970",0,0%,0,0,0%,0,0,0,3,Canonical ,https://sendmoneycompare.com/send-money
https://sendmoneycompare.com/send-money?from=USD&to=BRL&amount=1000,send-money?from=USD&to=BRL&amount=1000,https://sendmoneycompare.com/send-money,1,0,0,"00:00, 1 Jan, 1970",0,0%,0,0,0%,0,0,0,5,Canonical ,https://sendmoneycompare.com/send-money
https://sendmoneycompare.com/send-money/denmark-to-philippines,send-money/denmark-to-philippines,,1,506,"4,060","04:54, 16 Sep, 2026",0,0%,0,0,0%,0,0,97,5,Robots meta tag contains noindex instruction,
https://sendmoneycompare.com/send-money?from=USD&to=BHD&amount=1000,send-money?from=USD&to=BHD&amount=1000,https://sendmoneycompare.com/send-money,1,0,0,"00:00, 1 Jan, 1970",0,0%,0,0,0%,0,0,0,1,Canonical ,https://sendmoneycompare.com/send-money
https://sendmoneycompare.com/send-money?from=USD&to=JOD&amount=1000,send-money?from=USD&to=JOD&amount=1000,https://sendmoneycompare.com/send-money,1,0,0,"00:00, 1 Jan, 1970",0,0%,0,0,0%,0,0,0,1,Canonical ,https://sendmoneycompare.com/send-money
https://sendmoneycompare.com/send-money/send-money-to-jordan,send-money/send-money-to-jordan,,1,468,"3,222","04:54, 16 Sep, 2026",0,0%,0,0,0%,0,0,90,2,Robots meta tag contains noindex instruction,
https://sendmoneycompare.com/send-money?from=USD&to=MXN&amount=1000,send-money?from=USD&to=MXN&amount=1000,https://sendmoneycompare.com/send-money,1,0,0,"00:00, 1 Jan, 1970",0,0%,0,0,0%,0,0,0,6,Canonical ,https://sendmoneycompare.com/send-money
https://sendmoneycompare.com/send-money?from=USD&to=CNY&amount=1000,send-money?from=USD&to=CNY&amount=1000,https://sendmoneycompare.com/send-money,1,0,0,"00:00, 1 Jan, 1970",0,0%,0,0,0%,0,0,0,3,Canonical ,https://sendmoneycompare.com/send-money
https://sendmoneycompare.com/send-money?from=USD&to=COP&amount=1000,send-money?from=USD&to=COP&amount=1000,https://sendmoneycompare.com/send-money,1,0,0,"00:00, 1 Jan, 1970",0,0%,0,0,0%,0,0,0,2,Canonical ,https://sendmoneycompare.com/send-money
https://sendmoneycompare.com/exchange-rates/history/usd-to-gbp,exchange-rates/history/usd-to-gbp,,1,762,"3,061","04:53, 16 Sep, 2026",0,0%,0,0,0%,0,0,77,9,Robots meta tag contains noindex instruction,
https://sendmoneycompare.com/send-money?from=USD&to=NGN&amount=500,send-money?from=USD&to=NGN&amount=500,https://sendmoneycompare.com/send-money,1,0,0,"00:00, 1 Jan, 1970",0,0%,0,0,0%,0,0,0,4,Canonical ,https://sendmoneycompare.com/send-money
https://sendmoneycompare.com/send-money/austria-to-ethiopia,send-money/austria-to-ethiopia,,1,549,"3,896","04:54, 16 Sep, 2026",0,0%,0,0,0%,0,0,95,9,Robots meta tag contains noindex instruction,
https://sendmoneycompare.com/send-money/bahrain-to-bangladesh,send-money/bahrain-to-bangladesh,,1,674,"4,330","04:54, 16 Sep, 2026",0,0%,0,0,0%,0,0,97,4,Robots meta tag contains noindex instruction,
https://sendmoneycompare.com/send-money/bahrain-to-philippines,send-money/bahrain-to-philippines,,1,703,"4,447","04:54, 16 Sep, 2026",0,0%,0,0,0%,0,0,100,3,Robots meta tag contains noindex instruction,
https://sendmoneycompare.com/send-money/aud-to-bdt,send-money/aud-to-bdt,,1,564,"4,439","04:55, 16 Sep, 2026",0,0%,0,0,0%,0,0,100,1,Robots meta tag contains noindex instruction,
https://sendmoneycompare.com/send-money?from=EUR&to=USD&amount=1000,send-money?from=EUR&to=USD&amount=1000,https://sendmoneycompare.com/send-money,1,0,0,"00:00, 1 Jan, 1970",0,0%,0,0,0%,0,0,0,1,Canonical ,https://sendmoneycompare.com/send-money
https://sendmoneycompare.com/exchange-rates/history/eur-to-usd,exchange-rates/history/eur-to-usd,,1,704,"3,043","04:54, 16 Sep, 2026",0,0%,0,0,0%,0,0,76,7,Robots meta tag contains noindex instruction,
https://sendmoneycompare.com/send-money?from=GBP&to=BDT&amount=500,send-money?from=GBP&to=BDT&amount=500,https://sendmoneycompare.com/send-money,1,0,0,"00:00, 1 Jan, 1970",0,0%,0,0,0%,0,0,0,2,Canonical ,https://sendmoneycompare.com/send-money
https://sendmoneycompare.com/send-money?from=CAD&to=MXN&amount=1000,send-money?from=CAD&to=MXN&amount=1000,https://sendmoneycompare.com/send-money,1,0,0,"00:00, 1 Jan, 1970",0,0%,0,0,0%,0,0,0,1,Canonical ,https://sendmoneycompare.com/send-money
https://sendmoneycompare.com/send-money?from=USD&to=NGN&amount=1000,send-money?from=USD&to=NGN&amount=1000,https://sendmoneycompare.com/send-money,1,0,0,"00:00, 1 Jan, 1970",0,0%,0,0,0%,0,0,0,3,Canonical ,https://sendmoneycompare.com/send-money
https://sendmoneycompare.com/send-money?from=GBP&to=NGN&amount=1000,send-money?from=GBP&to=NGN&amount=1000,https://sendmoneycompare.com/send-money,1,0,0,"00:00, 1 Jan, 1970",0,0%,0,0,0%,0,0,0,1,Canonical ,https://sendmoneycompare.com/send-money
https://sendmoneycompare.com/send-money?from=EUR&to=NGN&amount=1000,send-money?from=EUR&to=NGN&amount=1000,https://sendmoneycompare.com/send-money,1,0,0,"00:00, 1 Jan, 1970",0,0%,0,0,0%,0,0,0,1,Canonical ,https://sendmoneycompare.com/send-money
https://sendmoneycompare.com/send-money?from=CAD&to=NGN&amount=1000,send-money?from=CAD&to=NGN&amount=1000,https://sendmoneycompare.com/send-money,1,0,0,"00:00, 1 Jan, 1970",0,0%,0,0,0%,0,0,0,1,Canonical ,https://sendmoneycompare.com/send-money
https://sendmoneycompare.com/send-money?from=GBP&to=USD&amount=1000,send-money?from=GBP&to=USD&amount=1000,https://sendmoneycompare.com/send-money,1,0,0,"00:00, 1 Jan, 1970",0,0%,0,0,0%,0,0,0,3,Canonical ,https://sendmoneycompare.com/send-money
https://sendmoneycompare.com/send-money?from=EUR&to=GBP&amount=1000,send-money?from=EUR&to=GBP&amount=1000,https://sendmoneycompare.com/send-money,1,0,0,"00:00, 1 Jan, 1970",0,0%,0,0,0%,0,0,0,1,Canonical ,https://sendmoneycompare.com/send-money
https://sendmoneycompare.com/exchange-rates/history/eur-to-gbp,exchange-rates/history/eur-to-gbp,,1,713,"3,055","04:54, 16 Sep, 2026",0,0%,0,0,0%,0,0,74,6,Robots meta tag contains noindex instruction,
https://sendmoneycompare.com/send-money/czech-republic-to-germany,send-money/czech-republic-to-germany,,1,450,"3,628","04:55, 16 Sep, 2026",0,0%,0,0,0%,0,0,85,2,Robots meta tag contains noindex instruction,
https://sendmoneycompare.com/send-money?from=USD&to=IDR&amount=1000,send-money?from=USD&to=IDR&amount=1000,https://sendmoneycompare.com/send-money,1,0,0,"00:00, 1 Jan, 1970",0,0%,0,0,0%,0,0,0,1,Canonical ,https://sendmoneycompare.com/send-money
https://sendmoneycompare.com/tools/salary-abroad,tools/salary-abroad,What Is Your Salary Worth Abroad? Including the FX Cost Nobody Counts,1,156,"1,224","04:54, 16 Sep, 2026",359,29%,2,359,29%,2,0,108,2,,
https://sendmoneycompare.com/send-money?from=USD&to=VND&amount=1000,send-money?from=USD&to=VND&amount=1000,https://sendmoneycompare.com/send-money,1,0,0,"00:00, 1 Jan, 1970",0,0%,0,0,0%,0,0,0,1,Canonical ,https://sendmoneycompare.com/send-money
https://sendmoneycompare.com/exchange-rates/history/usd-to-aud,exchange-rates/history/usd-to-aud,,1,325,"1,698","04:54, 16 Sep, 2026",0,0%,0,0,0%,0,0,76,7,Robots meta tag contains noindex instruction,
https://sendmoneycompare.com/exchange-rates/history/usd-to-cad,exchange-rates/history/usd-to-cad,,1,357,"1,511","04:53, 16 Sep, 2026",0,0%,0,0,0%,0,0,76,8,Robots meta tag contains noindex instruction,
https://sendmoneycompare.com/exchange-rates/history/usd-to-hnl,exchange-rates/history/usd-to-hnl,USD to HNL Exchange Rate History— Rate Trends (September 2026),1,640,"2,753","04:53, 16 Sep, 2026","2,204",80%,3,"2,439",89%,4,0,76,6,,
https://sendmoneycompare.com/exchange-rates/history/usd-to-jpy,exchange-rates/history/usd-to-jpy,,1,622,"2,929","04:53, 16 Sep, 2026",0,0%,0,0,0%,0,0,77,8,Robots meta tag contains noindex instruction,
https://sendmoneycompare.com/send-money?from=GBP&to=PKR&amount=1000,send-money?from=GBP&to=PKR&amount=1000,https://sendmoneycompare.com/send-money,1,0,0,"00:00, 1 Jan, 1970",0,0%,0,0,0%,0,0,0,1,Canonical ,https://sendmoneycompare.com/send-money
https://sendmoneycompare.com/send-money?from=USD&to=JPY&amount=1000,send-money?from=USD&to=JPY&amount=1000,https://sendmoneycompare.com/send-money,1,0,0,"00:00, 1 Jan, 1970",0,0%,0,0,0%,0,0,0,3,Canonical ,https://sendmoneycompare.com/send-money
https://sendmoneycompare.com/send-money?from=USD&to=AUD&amount=1000,send-money?from=USD&to=AUD&amount=1000,https://sendmoneycompare.com/send-money,1,0,0,"00:00, 1 Jan, 1970",0,0%,0,0,0%,0,0,0,2,Canonical ,https://sendmoneycompare.com/send-money
https://sendmoneycompare.com/send-money?from=USD&to=CAD&amount=1000,send-money?from=USD&to=CAD&amount=1000,https://sendmoneycompare.com/send-money,1,0,0,"00:00, 1 Jan, 1970",0,0%,0,0,0%,0,0,0,2,Canonical ,https://sendmoneycompare.com/send-money
https://sendmoneycompare.com/send-money?from=USD&to=KES&amount=500,send-money?from=USD&to=KES&amount=500,https://sendmoneycompare.com/send-money,1,0,0,"00:00, 1 Jan, 1970",0,0%,0,0,0%,0,0,0,2,Canonical ,https://sendmoneycompare.com/send-money
https://sendmoneycompare.com/send-money?from=AUD&to=INR&amount=1000,send-money?from=AUD&to=INR&amount=1000,https://sendmoneycompare.com/send-money,1,0,0,"00:00, 1 Jan, 1970",0,0%,0,0,0%,0,0,0,1,Canonical ,https://sendmoneycompare.com/send-money
https://sendmoneycompare.com/send-money?from=USD&to=PYG&amount=1000,send-money?from=USD&to=PYG&amount=1000,https://sendmoneycompare.com/send-money,1,0,0,"00:00, 1 Jan, 1970",0,0%,0,0,0%,0,0,0,1,Canonical ,https://sendmoneycompare.com/send-money
https://sendmoneycompare.com/send-money?from=USD&to=ZAR&amount=1000,send-money?from=USD&to=ZAR&amount=1000,https://sendmoneycompare.com/send-money,1,0,0,"00:00, 1 Jan, 1970",0,0%,0,0,0%,0,0,0,2,Canonical ,https://sendmoneycompare.com/send-money
https://sendmoneycompare.com/send-money?from=USD&to=HKD&amount=1000,send-money?from=USD&to=HKD&amount=1000,https://sendmoneycompare.com/send-money,1,0,0,"00:00, 1 Jan, 1970",0,0%,0,0,0%,0,0,0,1,Canonical ,https://sendmoneycompare.com/send-money
https://sendmoneycompare.com/send-money?from=GBP&to=KES&amount=1000,send-money?from=GBP&to=KES&amount=1000,https://sendmoneycompare.com/send-money,1,0,0,"00:00, 1 Jan, 1970",0,0%,0,0,0%,0,0,0,1,Canonical ,https://sendmoneycompare.com/send-money
https://sendmoneycompare.com/send-money?from=EUR&to=KES&amount=1000,send-money?from=EUR&to=KES&amount=1000,https://sendmoneycompare.com/send-money,1,0,0,"00:00, 1 Jan, 1970",0,0%,0,0,0%,0,0,0,1,Canonical ,https://sendmoneycompare.com/send-money
https://sendmoneycompare.com/send-money?from=USD&to=MAD&amount=1000,send-money?from=USD&to=MAD&amount=1000,https://sendmoneycompare.com/send-money,1,0,0,"00:00, 1 Jan, 1970",0,0%,0,0,0%,0,0,0,1,Canonical ,https://sendmoneycompare.com/send-money
https://sendmoneycompare.com/send-money?from=USD&to=NPR&amount=1000,send-money?from=USD&to=NPR&amount=1000,https://sendmoneycompare.com/send-money,1,0,0,"00:00, 1 Jan, 1970",0,0%,0,0,0%,0,0,0,2,Canonical ,https://sendmoneycompare.com/send-money
https://sendmoneycompare.com/send-money?from=USD&to=PEN&amount=1000,send-money?from=USD&to=PEN&amount=1000,https://sendmoneycompare.com/send-money,1,0,0,"00:00, 1 Jan, 1970",0,0%,0,0,0%,0,0,0,1,Canonical ,https://sendmoneycompare.com/send-money
https://sendmoneycompare.com/send-money?from=USD&to=MYR&amount=1000,send-money?from=USD&to=MYR&amount=1000,https://sendmoneycompare.com/send-money,1,0,0,"00:00, 1 Jan, 1970",0,0%,0,0,0%,0,0,0,1,Canonical ,https://sendmoneycompare.com/send-money
https://sendmoneycompare.com/exchange-rates/history/eur-to-jpy,exchange-rates/history/eur-to-jpy,,1,145,749,"04:54, 16 Sep, 2026",0,0%,0,0,0%,0,0,74,4,Robots meta tag contains noindex instruction,
https://sendmoneycompare.com/send-money?from=USD&to=SGD&amount=1000,send-money?from=USD&to=SGD&amount=1000,https://sendmoneycompare.com/send-money,1,0,0,"00:00, 1 Jan, 1970",0,0%,0,0,0%,0,0,0,1,Canonical ,https://sendmoneycompare.com/send-money
https://sendmoneycompare.com/send-money?from=USD&to=THB&amount=1000,send-money?from=USD&to=THB&amount=1000,https://sendmoneycompare.com/send-money,1,0,0,"00:00, 1 Jan, 1970",0,0%,0,0,0%,0,0,0,2,Canonical ,https://sendmoneycompare.com/send-money
https://sendmoneycompare.com/guides/fx-hedging-strategies-small-business,guides/fx-hedging-strategies-small-business,,1,223,"2,143","04:54, 16 Sep, 2026",0,0%,0,0,0%,0,0,85,12,Robots meta tag contains noindex instruction,
https://sendmoneycompare.com/exchange-rates/history/aud-to-usd,exchange-rates/history/aud-to-usd,,1,694,"2,950","04:54, 16 Sep, 2026",0,0%,0,0,0%,0,0,74,3,Robots meta tag contains noindex instruction,
https://sendmoneycompare.com/exchange-rates/history/cad-to-usd,exchange-rates/history/cad-to-usd,,1,688,"2,979","04:54, 16 Sep, 2026",0,0%,0,0,0%,0,0,74,4,Robots meta tag contains noindex instruction,
https://sendmoneycompare.com/send-money/belgium-to-morocco,send-money/belgium-to-morocco,,1,"1,149","6,806","04:54, 16 Sep, 2026",0,0%,0,0,0%,0,0,145,3,Robots meta tag contains noindex instruction,
https://sendmoneycompare.com/send-money/india-to-uae,send-money/india-to-uae,,1,461,"3,171","04:54, 16 Sep, 2026",0,0%,0,0,0%,0,0,94,7,Robots meta tag contains noindex instruction,
https://sendmoneycompare.com/send-money/india-to-croatia,send-money/india-to-croatia,,1,536,"3,651","04:54, 16 Sep, 2026",0,0%,0,0,0%,0,0,96,6,Robots meta tag contains noindex instruction,
https://sendmoneycompare.com/send-money/india-to-singapore,send-money/india-to-singapore,,1,476,"3,239","04:54, 16 Sep, 2026",0,0%,0,0,0%,0,0,96,12,Robots meta tag contains noindex instruction,
https://sendmoneycompare.com/send-money?from=AED&to=PKR&amount=5000,send-money?from=AED&to=PKR&amount=5000,https://sendmoneycompare.com/send-money,1,0,0,"00:00, 1 Jan, 1970",0,0%,0,0,0%,0,0,0,2,Canonical ,https://sendmoneycompare.com/send-money
https://sendmoneycompare.com/send-money?from=AED&to=INR&amount=5000,send-money?from=AED&to=INR&amount=5000,https://sendmoneycompare.com/send-money,1,0,0,"00:00, 1 Jan, 1970",0,0%,0,0,0%,0,0,0,1,Canonical ,https://sendmoneycompare.com/send-money
https://sendmoneycompare.com/news/western-union-ceo-digital-competition-2026,news/western-union-ceo-digital-competition-2026,,1,225,"1,469","04:55, 16 Sep, 2026",0,0%,0,0,0%,0,0,93,1,Robots meta tag contains noindex instruction,
https://sendmoneycompare.com/guides/ramadan-2026-money-transfer-deals-promotions,guides/ramadan-2026-money-transfer-deals-promotions,,1,231,"2,161","04:55, 16 Sep, 2026",0,0%,0,0,0%,0,0,100,1,Robots meta tag contains noindex instruction,
https://sendmoneycompare.com/send-money?from=USD&to=EUR&amount=10000,send-money?from=USD&to=EUR&amount=10000,https://sendmoneycompare.com/send-money,1,0,0,"00:00, 1 Jan, 1970",0,0%,0,0,0%,0,0,0,1,Canonical ,https://sendmoneycompare.com/send-money
https://sendmoneycompare.com/send-money/greece-to-poland,send-money/greece-to-poland,,1,930,"6,466","04:55, 16 Sep, 2026",0,0%,0,0,0%,0,0,116,6,Robots meta tag contains noindex instruction,
https://sendmoneycompare.com/send-money?from=EUR&to=BRL&amount=1000,send-money?from=EUR&to=BRL&amount=1000,https://sendmoneycompare.com/send-money,1,0,0,"00:00, 1 Jan, 1970",0,0%,0,0,0%,0,0,0,1,Canonical ,https://sendmoneycompare.com/send-money
https://sendmoneycompare.com/send-money?from=GBP&to=BRL&amount=1000,send-money?from=GBP&to=BRL&amount=1000,https://sendmoneycompare.com/send-money,1,0,0,"00:00, 1 Jan, 1970",0,0%,0,0,0%,0,0,0,1,Canonical ,https://sendmoneycompare.com/send-money
https://sendmoneycompare.com/send-money?from=USD&to=KRW&amount=1000,send-money?from=USD&to=KRW&amount=1000,https://sendmoneycompare.com/send-money,1,0,0,"00:00, 1 Jan, 1970",0,0%,0,0,0%,0,0,0,2,Canonical ,https://sendmoneycompare.com/send-money
https://sendmoneycompare.com/send-money?from=USD&to=NZD&amount=1000,send-money?from=USD&to=NZD&amount=1000,https://sendmoneycompare.com/send-money,1,0,0,"00:00, 1 Jan, 1970",0,0%,0,0,0%,0,0,0,1,Canonical ,https://sendmoneycompare.com/send-money
https://sendmoneycompare.com/send-money/send-money-to-uae,send-money/send-money-to-uae,,1,645,"4,521","04:54, 16 Sep, 2026",0,0%,0,0,0%,0,0,97,2,Robots meta tag contains noindex instruction,
https://sendmoneycompare.com/send-money/austria-to-sri-lanka,send-money/austria-to-sri-lanka,,1,604,"4,087","04:54, 16 Sep, 2026",0,0%,0,0,0%,0,0,94,9,Robots meta tag contains noindex instruction,
https://sendmoneycompare.com/send-money/send-money-to-zambia,send-money/send-money-to-zambia,,1,670,"4,699","04:55, 16 Sep, 2026",0,0%,0,0,0%,0,0,93,1,Robots meta tag contains noindex instruction,
https://sendmoneycompare.com/send-money/send-money-to-chile,send-money/send-money-to-chile,,1,416,"3,482","04:55, 16 Sep, 2026",0,0%,0,0,0%,0,0,92,1,Robots meta tag contains noindex instruction,
https://sendmoneycompare.com/send-money?from=EUR&to=MAD&amount=500,send-money?from=EUR&to=MAD&amount=500,https://sendmoneycompare.com/send-money,1,0,0,"00:00, 1 Jan, 1970",0,0%,0,0,0%,0,0,0,1,Canonical ,https://sendmoneycompare.com/send-money
https://sendmoneycompare.com/guides/send-money-home-ramadan-eid-2026,guides/send-money-home-ramadan-eid-2026,,1,243,"2,753","04:55, 16 Sep, 2026",0,0%,0,0,0%,0,0,92,2,Robots meta tag contains noindex instruction,
https://sendmoneycompare.com/send-money?from=USD&to=ETB&amount=500,send-money?from=USD&to=ETB&amount=500,https://sendmoneycompare.com/send-money,1,0,0,"00:00, 1 Jan, 1970",0,0%,0,0,0%,0,0,0,1,Canonical ,https://sendmoneycompare.com/send-money
https://sendmoneycompare.com/send-money?from=CNY&to=AUD&amount=10000,send-money?from=CNY&to=AUD&amount=10000,https://sendmoneycompare.com/send-money,1,0,0,"00:00, 1 Jan, 1970",0,0%,0,0,0%,0,0,0,1,Canonical ,https://sendmoneycompare.com/send-money
https://sendmoneycompare.com/guides/best-money-transfer-apps-china-yuan,guides/best-money-transfer-apps-china-yuan,,1,247,"2,778","04:55, 16 Sep, 2026",0,0%,0,0,0%,0,0,92,1,Robots meta tag contains noindex instruction,
https://sendmoneycompare.com/send-money?from=GBP&to=AUD&amount=1000,send-money?from=GBP&to=AUD&amount=1000,https://sendmoneycompare.com/send-money,1,0,0,"00:00, 1 Jan, 1970",0,0%,0,0,0%,0,0,0,1,Canonical ,https://sendmoneycompare.com/send-money
https://sendmoneycompare.com/send-money?from=USD&to=INR&amount=5000,send-money?from=USD&to=INR&amount=5000,https://sendmoneycompare.com/send-money,1,0,0,"00:00, 1 Jan, 1970",0,0%,0,0,0%,0,0,0,1,Canonical ,https://sendmoneycompare.com/send-money
https://sendmoneycompare.com/send-money/austria-to-uganda,send-money/austria-to-uganda,,1,574,"4,061","04:54, 16 Sep, 2026",0,0%,0,0,0%,0,0,96,9,Robots meta tag contains noindex instruction,
https://sendmoneycompare.com/send-money/austria-to-tanzania,send-money/austria-to-tanzania,,1,552,"3,877","04:55, 16 Sep, 2026",0,0%,0,0,0%,0,0,94,9,Robots meta tag contains noindex instruction,
https://sendmoneycompare.com/send-money/austria-to-senegal,send-money/austria-to-senegal,,1,562,"4,028","04:54, 16 Sep, 2026",0,0%,0,0,0%,0,0,96,8,Robots meta tag contains noindex instruction,
https://sendmoneycompare.com/send-money/austria-to-taiwan,send-money/austria-to-taiwan,,1,312,"2,448","04:54, 16 Sep, 2026",0,0%,0,0,0%,0,0,91,6,Robots meta tag contains noindex instruction,
https://sendmoneycompare.com/send-money/austria-to-rwanda,send-money/austria-to-rwanda,,1,559,"3,907","04:55, 16 Sep, 2026",0,0%,0,0,0%,0,0,93,1,Robots meta tag contains noindex instruction,
https://sendmoneycompare.com/send-money/austria-to-cameroon,send-money/austria-to-cameroon,,1,564,"4,050","04:55, 16 Sep, 2026",0,0%,0,0,0%,0,0,96,1,Robots meta tag contains noindex instruction,
https://sendmoneycompare.com/send-money?from=CNY&to=GBP&amount=10000,send-money?from=CNY&to=GBP&amount=10000,https://sendmoneycompare.com/send-money,1,0,0,"00:00, 1 Jan, 1970",0,0%,0,0,0%,0,0,0,1,Canonical ,https://sendmoneycompare.com/send-money
https://sendmoneycompare.com/travel/thailand,travel/thailand,,1,287,"3,684","04:55, 16 Sep, 2026",0,0%,0,0,0%,0,0,80,1,Robots meta tag contains noindex instruction,
https://sendmoneycompare.com/travel/france,travel/france,,1,282,"3,524","04:55, 16 Sep, 2026",0,0%,0,0,0%,0,0,80,1,Robots meta tag contains noindex instruction,
https://sendmoneycompare.com/travel/spain,travel/spain,,1,282,"3,505","04:55, 16 Sep, 2026",0,0%,0,0,0%,0,0,80,1,Robots meta tag contains noindex instruction,
https://sendmoneycompare.com/travel/italy,travel/italy,,1,287,"3,735","04:55, 16 Sep, 2026",0,0%,0,0,0%,0,0,80,1,Robots meta tag contains noindex instruction,
https://sendmoneycompare.com/travel/turkey,travel/turkey,,1,290,"3,741","04:55, 16 Sep, 2026",0,0%,0,0,0%,0,0,80,1,Robots meta tag contains noindex instruction,
https://sendmoneycompare.com/travel/united-kingdom,travel/united-kingdom,,1,282,"3,690","04:55, 16 Sep, 2026",0,0%,0,0,0%,0,0,80,1,Robots meta tag contains noindex instruction,
https://sendmoneycompare.com/travel/india,travel/india,,1,289,"3,830","04:55, 16 Sep, 2026",0,0%,0,0,0%,0,0,80,1,Robots meta tag contains noindex instruction,
https://sendmoneycompare.com/travel/mexico,travel/mexico,,1,285,"3,748","04:55, 16 Sep, 2026",0,0%,0,0,0%,0,0,80,1,Robots meta tag contains noindex instruction,
https://sendmoneycompare.com/travel/japan,travel/japan,,1,283,"3,781","04:55, 16 Sep, 2026",0,0%,0,0,0%,0,0,80,1,Robots meta tag contains noindex instruction,
https://sendmoneycompare.com/travel/uae,travel/uae,,1,281,"3,812","04:55, 16 Sep, 2026",0,0%,0,0,0%,0,0,79,1,Robots meta tag contains noindex instruction,
https://sendmoneycompare.com/travel/saudi-arabia,travel/saudi-arabia,,1,256,"3,661","04:55, 16 Sep, 2026",0,0%,0,0,0%,0,0,75,1,Robots meta tag contains noindex instruction,
https://sendmoneycompare.com/send-money?from=USD&to=JPY&amount=100,send-money?from=USD&to=JPY&amount=100,https://sendmoneycompare.com/send-money,1,0,0,"00:00, 1 Jan, 1970",0,0%,0,0,0%,0,0,0,1,Canonical ,https://sendmoneycompare.com/send-money
https://sendmoneycompare.com/guides/best-money-transfer-rates-eid-holi-2026,guides/best-money-transfer-rates-eid-holi-2026,,1,299,"4,636","04:55, 16 Sep, 2026",0,0%,0,0,0%,0,0,94,1,Robots meta tag contains noindex instruction,
https://sendmoneycompare.com/send-money?from=USD&to=PHP&amount=1500,send-money?from=USD&to=PHP&amount=1500,https://sendmoneycompare.com/send-money,1,0,0,"00:00, 1 Jan, 1970",0,0%,0,0,0%,0,0,0,1,Canonical ,https://sendmoneycompare.com/send-money
https://sendmoneycompare.com/guides/bank-vs-app-vs-agent-cost-comparison,guides/bank-vs-app-vs-agent-cost-comparison,,1,236,"2,396","04:55, 16 Sep, 2026",0,0%,0,0,0%,0,0,94,1,Robots meta tag contains noindex instruction,
https://sendmoneycompare.com/send-money?from=USD&to=JMD&amount=500,send-money?from=USD&to=JMD&amount=500,https://sendmoneycompare.com/send-money,1,0,0,"00:00, 1 Jan, 1970",0,0%,0,0,0%,0,0,0,1,Canonical ,https://sendmoneycompare.com/send-money
https://sendmoneycompare.com/send-money?from=USD&to=TRY&amount=100,send-money?from=USD&to=TRY&amount=100,https://sendmoneycompare.com/send-money,1,0,0,"00:00, 1 Jan, 1970",0,0%,0,0,0%,0,0,0,1,Canonical ,https://sendmoneycompare.com/send-money

