Hyperlink,URL,Title,Page Power,Size,Words,Modified,Match Words,Match Percentage,Match Pages,Match Words (with common),Match Percentage (with common),Match Pages (with common),Broken Links Out,Links Out,Links In,Skip Reason,Redirected to
https://sendmoneycompare.com/,(home page),Best Money Transfer Apps (2026): Ranked by Real Cost,13,248,"2,052","14:43, 26 Sep, 2026",126,6%,9,415,20%,28,0,86,624,,
https://sendmoneycompare.com/send-money,send-money,Send Money Abroad— Compare 50+ Apps (2026),100,204,"1,101","14:43, 26 Sep, 2026",18,2%,3,267,24%,21,0,194,624,,
https://sendmoneycompare.com/compare,compare,Compare Money Transfer Companies& Apps (2026),25,253,"1,627","14:45, 26 Sep, 2026",181,11%,3,416,26%,4,0,100,624,,
https://sendmoneycompare.com/companies,companies,Best Money Transfer Companies 2026: 50+ Apps Ranked (Real Fees),13,328,"1,059","14:43, 26 Sep, 2026",0,0%,0,286,27%,6,0,119,624,,
https://sendmoneycompare.com/exchange-rates,exchange-rates,Exchange Rates Today— Live Mid-Market Rates& 12-Month Charts,13,461,"2,230","14:43, 26 Sep, 2026",55,2%,1,328,15%,8,0,79,624,,
https://sendmoneycompare.com/guides,guides,Money Transfer Guides— Save on Fees& Exchange Rates (2026),13,249,"1,824","14:43, 26 Sep, 2026",227,12%,14,502,28%,28,0,191,624,,
https://sendmoneycompare.com/business,business,B2B International Payments— Compare Providers (2026),13,133,"1,048","14:43, 26 Sep, 2026",212,20%,3,459,44%,13,0,92,624,,
https://sendmoneycompare.com/companies/wise,companies/wise,Wise Review 2026:★4.3 — Cheaper Options on Your Route?,13,176,"1,633","14:43, 26 Sep, 2026",189,12%,10,538,33%,19,0,85,624,,
https://sendmoneycompare.com/companies/remitly,companies/remitly,Remitly Review 2026:★4.6 — Cheaper Options on Your Route?,13,176,"1,558","14:43, 26 Sep, 2026",321,21%,10,692,44%,18,0,84,624,,
https://sendmoneycompare.com/companies/western-union,companies/western-union,Western Union Review 2026:★4.3 — Cheaper Options on Your Route?,13,176,"1,559","14:43, 26 Sep, 2026",311,20%,10,682,44%,23,0,85,624,,
https://sendmoneycompare.com/companies/moneygram,companies/moneygram,MoneyGram Review 2026:★4.0 — Cheaper Options on Your Route?,2,174,"1,406","14:43, 26 Sep, 2026",177,13%,3,561,40%,11,0,87,106,,
https://sendmoneycompare.com/companies/revolut,companies/revolut,,2,166,"1,009","14:43, 26 Sep, 2026",0,0%,0,0,0%,0,0,88,122,Robots meta tag contains noindex instruction,
https://sendmoneycompare.com/companies/ofx,companies/ofx,OFX Review 2026:★4.3 — Cheaper Options on Your Route?,13,175,"1,605","14:43, 26 Sep, 2026",252,16%,14,606,38%,27,0,87,624,,
https://sendmoneycompare.com/companies/taptap-send,companies/taptap-send,TapTap Send Review 2026— Cheaper Options on Your Route?,13,177,"1,772","14:43, 26 Sep, 2026",148,8%,11,476,27%,27,0,84,624,,
https://sendmoneycompare.com/send-money/usa-to-india,send-money/usa-to-india,Cheapest Way to Send Money USA to India— USD→INR Rates (2026),4,"1,130","6,905","14:43, 26 Sep, 2026","1,162",17%,19,"1,637",24%,24,0,148,175,,
https://sendmoneycompare.com/send-money/usa-to-mexico,send-money/usa-to-mexico,,3,"1,138","6,561","14:43, 26 Sep, 2026",0,0%,0,0,0%,0,0,145,140,Robots meta tag contains noindex instruction,
https://sendmoneycompare.com/send-money/usa-to-philippines,send-money/usa-to-philippines,Cheapest Way to Send Money USA to Philippines— USD→PHP Rates (2026),4,"1,133","6,588","14:43, 26 Sep, 2026","1,033",16%,20,"1,768",27%,24,0,145,146,,
https://sendmoneycompare.com/send-money/usa-to-pakistan,send-money/usa-to-pakistan,Cheapest Way to Send Money USA to Pakistan— USD→PKR Rates (2026),3,"1,047","6,281","14:43, 26 Sep, 2026","1,017",16%,18,"1,768",28%,23,0,136,86,,
https://sendmoneycompare.com/send-money/uk-to-india,send-money/uk-to-india,Cheapest Way to Send Money UK to India— GBP→INR Rates (2026),2,"1,390","7,109","14:43, 26 Sep, 2026","1,092",15%,15,"1,730",24%,21,0,178,96,,
https://sendmoneycompare.com/send-money/uk-to-pakistan,send-money/uk-to-pakistan,Cheapest Way to Send Money UK to Pakistan— GBP→PKR Rates (2026),2,"1,159","6,558","14:43, 26 Sep, 2026","1,071",16%,16,"1,671",25%,21,0,148,72,,
https://sendmoneycompare.com/send-money/uk-to-nigeria,send-money/uk-to-nigeria,,1,"1,022","5,666","14:43, 26 Sep, 2026",0,0%,0,0,0%,0,0,127,14,Robots meta tag contains noindex instruction,
https://sendmoneycompare.com/send-money/uae-to-india,send-money/uae-to-india,,1,817,"5,232","14:43, 26 Sep, 2026",0,0%,0,0,0%,0,0,105,23,Robots meta tag contains noindex instruction,
https://sendmoneycompare.com/send-money/uae-to-pakistan,send-money/uae-to-pakistan,,1,802,"5,184","14:43, 26 Sep, 2026",0,0%,0,0,0%,0,0,99,20,Robots meta tag contains noindex instruction,
https://sendmoneycompare.com/send-money/saudi-arabia-to-india,send-money/saudi-arabia-to-india,,1,570,"3,627","14:43, 26 Sep, 2026",0,0%,0,0,0%,0,0,98,15,Robots meta tag contains noindex instruction,
https://sendmoneycompare.com/guides/best-money-transfer-services,guides/best-money-transfer-services,Best Money Transfer Services 2026 | SendMoneyCompare,13,200,"2,386","14:43, 26 Sep, 2026",256,11%,11,527,22%,22,0,85,624,,
https://sendmoneycompare.com/guides/swift-codes-explained,guides/swift-codes-explained,What Is a SWIFT Code? | SendMoneyCompare,13,171,"1,699","14:43, 26 Sep, 2026",178,10%,12,427,25%,24,0,83,624,,
https://sendmoneycompare.com/guides/revolut-foreign-transaction-fees-2026,guides/revolut-foreign-transaction-fees-2026,Revolut Foreign Transaction Fees Explained (2026) | SendMoneyCompare,13,192,"1,942","14:43, 26 Sep, 2026",219,11%,16,467,24%,30,0,82,624,,
https://sendmoneycompare.com/guides/how-to-send-money-abroad,guides/how-to-send-money-abroad,How to Send Money Internationally: Compare 5 Methods by Cost,13,181,"1,746","14:43, 26 Sep, 2026",261,15%,10,514,29%,19,0,81,624,,
https://sendmoneycompare.com/travel,travel,"Travel Guides: Money, eSIM& Culture by Country (2026)",0,126,"1,322","14:45, 26 Sep, 2026",509,39%,7,786,59%,9,0,81,12,,
https://sendmoneycompare.com/compare-money-transfer,compare-money-transfer,https://sendmoneycompare.com/compare,13,0,0,"00:00, 1 Jan, 1970",0,0%,0,0,0%,0,0,0,625,Canonical ,https://sendmoneycompare.com/compare
https://sendmoneycompare.com/tools/us-remittance-tax,tools/us-remittance-tax,US Remittance Tax Calculator (2026)— 1% Excise on Money Sent Abroad,13,139,"1,104","14:43, 26 Sep, 2026",162,15%,18,428,39%,31,0,76,624,,
https://sendmoneycompare.com/tools/fx-markup-checker,tools/fx-markup-checker,FX Markup Checker— See Any Transfer's Hidden Rate Markup,13,130,864,"14:43, 26 Sep, 2026",178,21%,13,444,51%,26,0,76,624,,
https://sendmoneycompare.com/currency-converter,currency-converter,Currency Converter& Markup Checker (2026),13,230,"2,548","14:43, 26 Sep, 2026",28,1%,3,292,11%,11,0,75,624,,
https://sendmoneycompare.com/provider-consistency,provider-consistency,Provider Consistency Index 2026: Who Wins Most Corridors,13,252,"1,588","14:43, 26 Sep, 2026",150,9%,2,414,26%,8,0,84,624,,
https://sendmoneycompare.com/cash-out,cash-out,Cash Out Crypto by Country— Cheapest USDT/USDC Off-Ramp (2026),13,104,438,"14:43, 26 Sep, 2026",0,0%,0,235,54%,33,0,73,624,,
https://sendmoneycompare.com/iban,iban,"IBAN Lookup— Format, Example& Validator for 89+ Countries (2026)",13,289,"1,021","14:43, 26 Sep, 2026",28,3%,1,295,29%,13,0,121,624,,
https://sendmoneycompare.com/swift-codes,swift-codes,"SWIFT/BIC Code Lookup— 11,000+ Banks (2026)",13,170,811,"14:43, 26 Sep, 2026",28,3%,1,309,38%,12,0,117,624,,
https://sendmoneycompare.com/exchange-rates/history,exchange-rates/history,Historical Exchange Rates— 90+ Currency Corridors (2026),13,514,780,"14:43, 26 Sep, 2026",0,0%,0,274,35%,30,0,80,624,,
https://sendmoneycompare.com/about,about,About SendMoneyCompare— Our Mission& Story,13,108,814,"14:43, 26 Sep, 2026",56,7%,3,319,39%,12,0,68,624,,
https://sendmoneycompare.com/methodology,methodology,Methodology— How SendMoneyCompare Works,13,144,"2,100","14:43, 26 Sep, 2026",27,1%,1,295,14%,10,0,68,624,,
https://sendmoneycompare.com/research,research,Money Transfer Research: Our Original Datasets,13,132,"1,170","14:43, 26 Sep, 2026",162,14%,3,443,38%,8,0,79,624,,
https://sendmoneycompare.com/editorial-policy,editorial-policy,Editorial Policy— SendMoneyCompare,13,99,755,"14:43, 26 Sep, 2026",15,2%,1,255,34%,7,0,66,624,,
https://sendmoneycompare.com/how-we-review,how-we-review,How We Review Providers— Our 5-Criteria Scoring System,13,108,818,"14:43, 26 Sep, 2026",0,0%,0,242,30%,5,0,66,624,,
https://sendmoneycompare.com/corrections,corrections,Corrections& Updates— SendMoneyCompare,13,107,612,"14:43, 26 Sep, 2026",0,0%,0,241,39%,5,0,74,624,,
https://sendmoneycompare.com/contact,contact,"Contact SendMoneyCompare— Corrections, Press& Partnerships",13,92,366,"14:43, 26 Sep, 2026",0,0%,0,246,67%,34,0,66,624,,
https://sendmoneycompare.com/for-ai,for-ai,For AI Systems— SendMoneyCompare Data& API,13,154,"1,509","14:43, 26 Sep, 2026",42,3%,2,308,20%,36,0,128,624,,
https://sendmoneycompare.com/iban/italy,iban/italy,,13,199,"1,686","14:43, 26 Sep, 2026",0,0%,0,0,0%,0,0,83,624,Robots meta tag contains noindex instruction,
https://sendmoneycompare.com/iban/germany,iban/germany,,13,214,"1,699","14:43, 26 Sep, 2026",0,0%,0,0,0%,0,0,82,624,Robots meta tag contains noindex instruction,
https://sendmoneycompare.com/iban/spain,iban/spain,Spanish IBAN: 24-Char Format + Example (2026),13,200,"1,743","14:43, 26 Sep, 2026",349,20%,11,714,41%,17,0,83,624,,
https://sendmoneycompare.com/iban/poland,iban/poland,,13,197,"1,611","14:43, 26 Sep, 2026",0,0%,0,0,0%,0,0,83,624,Robots meta tag contains noindex instruction,
https://sendmoneycompare.com/iban/united-arab-emirates,iban/united-arab-emirates,,13,218,"2,397","14:43, 26 Sep, 2026",0,0%,0,0,0%,0,0,89,624,Robots meta tag contains noindex instruction,
https://sendmoneycompare.com/iban/ireland,iban/ireland,,13,181,"1,377","14:43, 26 Sep, 2026",0,0%,0,0,0%,0,0,82,624,Robots meta tag contains noindex instruction,
https://sendmoneycompare.com/iban/belgium,iban/belgium,,13,183,"1,342","14:43, 26 Sep, 2026",0,0%,0,0,0%,0,0,81,624,Robots meta tag contains noindex instruction,
https://sendmoneycompare.com/iban/france,iban/france,,13,193,"1,506","14:43, 26 Sep, 2026",0,0%,0,0,0%,0,0,86,624,Robots meta tag contains noindex instruction,
https://sendmoneycompare.com/iban/sweden,iban/sweden,,13,168,"1,229","14:43, 26 Sep, 2026",0,0%,0,0,0%,0,0,78,624,Robots meta tag contains noindex instruction,
https://sendmoneycompare.com/iban/netherlands,iban/netherlands,,13,179,"1,384","14:43, 26 Sep, 2026",0,0%,0,0,0%,0,0,82,624,Robots meta tag contains noindex instruction,
https://sendmoneycompare.com/iban/switzerland,iban/switzerland,,13,174,"1,396","14:43, 26 Sep, 2026",0,0%,0,0,0%,0,0,81,624,Robots meta tag contains noindex instruction,
https://sendmoneycompare.com/iban/luxembourg,iban/luxembourg,,13,173,"1,289","14:43, 26 Sep, 2026",0,0%,0,0,0%,0,0,80,624,Robots meta tag contains noindex instruction,
https://sendmoneycompare.com/iban/egypt,iban/egypt,,13,186,"1,472","14:43, 26 Sep, 2026",0,0%,0,0,0%,0,0,85,624,Robots meta tag contains noindex instruction,
https://sendmoneycompare.com/iban/saudi-arabia,iban/saudi-arabia,,13,168,"1,408","14:43, 26 Sep, 2026",0,0%,0,0,0%,0,0,82,624,Robots meta tag contains noindex instruction,
https://sendmoneycompare.com/iban/pakistan,iban/pakistan,,13,192,"1,570","14:43, 26 Sep, 2026",0,0%,0,0,0%,0,0,86,624,Robots meta tag contains noindex instruction,
https://sendmoneycompare.com/iban/portugal,iban/portugal,,13,186,"1,386","14:43, 26 Sep, 2026",0,0%,0,0,0%,0,0,81,624,Robots meta tag contains noindex instruction,
https://sendmoneycompare.com/iban/romania,iban/romania,,13,188,"1,533","14:43, 26 Sep, 2026",0,0%,0,0,0%,0,0,84,624,Robots meta tag contains noindex instruction,
https://sendmoneycompare.com/swift-codes/ghana,swift-codes/ghana,Ghana SWIFT/BIC Codes (2026),13,472,"2,542","14:43, 26 Sep, 2026",723,28%,15,988,39%,30,0,85,624,,
https://sendmoneycompare.com/swift-codes/philippines,swift-codes/philippines,,13,181,"1,559","14:43, 26 Sep, 2026",0,0%,0,0,0%,0,0,86,624,Robots meta tag contains noindex instruction,
https://sendmoneycompare.com/swift-codes/kenya,swift-codes/kenya,Kenya SWIFT/BIC Codes (2026),13,430,"2,528","14:43, 26 Sep, 2026",617,24%,7,896,35%,15,0,86,624,,
https://sendmoneycompare.com/swift-codes/united-kingdom,swift-codes/united-kingdom,,13,181,"1,371","14:43, 26 Sep, 2026",0,0%,0,0,0%,0,0,86,624,Robots meta tag contains noindex instruction,
https://sendmoneycompare.com/swift-codes/sri-lanka,swift-codes/sri-lanka,Sri Lanka SWIFT/BIC Codes (2026),13,444,"2,440","14:43, 26 Sep, 2026",408,17%,8,836,34%,13,0,83,624,,
https://sendmoneycompare.com/companies/xoom,companies/xoom,Xoom (PayPal) Review 2026:★4.6 — Cheaper Options on Your Route?,13,175,"1,530","14:43, 26 Sep, 2026",340,22%,15,621,41%,31,0,86,624,,
https://sendmoneycompare.com/companies/worldremit,companies/worldremit,WorldRemit Review 2026:★4.1 — Cheaper Options on Your Route?,13,176,"1,525","14:43, 26 Sep, 2026",176,12%,7,565,37%,15,0,88,624,,
https://sendmoneycompare.com/compare/western-union-vs-moneygram,compare/western-union-vs-moneygram,Western Union vs MoneyGram— Fees& Rates (2026),13,180,"1,836","14:43, 26 Sep, 2026",399,22%,9,808,44%,14,0,79,624,,
https://sendmoneycompare.com/compare/wise-vs-remitly,compare/wise-vs-remitly,Wise vs Remitly— Fees& Rates (2026),13,181,"1,981","14:43, 26 Sep, 2026",367,19%,10,786,40%,16,0,76,624,,
https://sendmoneycompare.com/compare/wise-vs-paypal,compare/wise-vs-paypal,Wise vs PayPal— Fees& Rates (2026),13,176,"1,760","14:43, 26 Sep, 2026",397,23%,10,695,39%,22,0,78,624,,
https://sendmoneycompare.com/compare/remitly-vs-western-union,compare/remitly-vs-western-union,Remitly vs Western Union— Fees& Rates (2026),13,180,"1,806","14:43, 26 Sep, 2026",446,25%,9,730,40%,23,0,77,624,,
https://sendmoneycompare.com/compare/wise-vs-western-union,compare/wise-vs-western-union,Wise vs Western Union— Fees& Rates (2026),13,177,"1,759","14:43, 26 Sep, 2026",620,35%,10,904,51%,27,0,77,624,,
https://sendmoneycompare.com/compare/paypal-vs-revolut,compare/paypal-vs-revolut,PayPal vs Revolut— Fees& Rates (2026),13,177,"1,755","14:43, 26 Sep, 2026",379,22%,7,652,37%,19,0,79,624,,
https://sendmoneycompare.com/privacy-policy,privacy-policy,Privacy Policy— SendMoneyCompare,13,116,"1,193","14:43, 26 Sep, 2026",234,20%,2,234,20%,2,0,66,624,,
https://sendmoneycompare.com/terms,terms,Terms of Service— SendMoneyCompare,13,108,"1,133","14:43, 26 Sep, 2026",70,6%,1,311,27%,5,0,66,624,,
https://sendmoneycompare.com/cookies,cookies,Cookie Policy— SendMoneyCompare,13,106,705,"14:43, 26 Sep, 2026",0,0%,0,240,34%,21,0,66,624,,
https://sendmoneycompare.com/disclaimer,disclaimer,Disclaimer— SendMoneyCompare,13,100,761,"14:43, 26 Sep, 2026",92,12%,2,333,44%,10,0,66,624,,
https://sendmoneycompare.com/about/awais-imran,about/awais-imran,Awais Imran— Editor-in-Chief at SendMoneyCompare,8,113,611,"14:43, 26 Sep, 2026",38,6%,1,303,50%,9,0,77,503,,
https://sendmoneycompare.com/companies/paypal,companies/paypal,,1,167,"1,015","14:43, 26 Sep, 2026",0,0%,0,0,0%,0,0,88,62,Robots meta tag contains noindex instruction,
https://sendmoneycompare.com/compare/paypal-vs-worldremit,compare/paypal-vs-worldremit,PayPal vs WorldRemit— Fees& Rates (2026),0,186,"1,487","14:45, 26 Sep, 2026",333,22%,4,"1,425",96%,4,0,79,5,,
https://sendmoneycompare.com/compare/wise-vs-revolut,compare/wise-vs-revolut,,2,172,"1,430","14:43, 26 Sep, 2026",0,0%,0,0,0%,0,0,78,31,Robots meta tag contains noindex instruction,
https://sendmoneycompare.com/compare/wise-vs-moneygram,compare/wise-vs-moneygram,Wise vs MoneyGram— Fees& Rates (2026),0,170,"1,310","14:44, 26 Sep, 2026",425,32%,6,871,66%,10,0,79,4,,
https://sendmoneycompare.com/compare/paypal-vs-moneygram,compare/paypal-vs-moneygram,,1,172,"1,356","14:44, 26 Sep, 2026",0,0%,0,0,0%,0,0,81,11,Robots meta tag contains noindex instruction,
https://sendmoneycompare.com/compare/wise-vs-xoom,compare/wise-vs-xoom,Wise vs Xoom (PayPal)— Fees& Rates (2026),1,185,"1,526","14:44, 26 Sep, 2026",618,40%,13,"1,380",90%,14,0,78,9,,
https://sendmoneycompare.com/compare/remitly-vs-paypal,compare/remitly-vs-paypal,,1,171,"1,310","14:44, 26 Sep, 2026",0,0%,0,0,0%,0,0,80,10,Robots meta tag contains noindex instruction,
https://sendmoneycompare.com/compare/paypal-vs-western-union,compare/paypal-vs-western-union,PayPal vs Western Union— Fees& Rates (2026),1,184,"1,516","14:43, 26 Sep, 2026",692,46%,12,"1,445",95%,17,0,79,8,,
https://sendmoneycompare.com/compare/remitly-vs-moneygram,compare/remitly-vs-moneygram,,1,172,"1,308","14:44, 26 Sep, 2026",0,0%,0,0,0%,0,0,80,12,Robots meta tag contains noindex instruction,
https://sendmoneycompare.com/compare/remitly-vs-xoom,compare/remitly-vs-xoom,,1,171,"1,273","14:44, 26 Sep, 2026",0,0%,0,0,0%,0,0,78,13,Robots meta tag contains noindex instruction,
https://sendmoneycompare.com/compare/western-union-vs-xoom,compare/western-union-vs-xoom,Western Union vs Xoom (PayPal)— Fees& Rates (2026),0,185,"1,528","14:44, 26 Sep, 2026",853,56%,10,"1,488",97%,12,0,79,5,,
https://sendmoneycompare.com/compare/remitly-vs-revolut,compare/remitly-vs-revolut,Remitly vs Revolut— Fees& Rates (2026),1,187,"1,550","14:44, 26 Sep, 2026",503,32%,9,"1,423",92%,11,0,79,9,,
https://sendmoneycompare.com/compare/xe-vs-paypal,compare/xe-vs-paypal,XE Money Transfer vs PayPal— Fees& Rates (2026),1,183,"1,553","14:44, 26 Sep, 2026",682,44%,11,"1,497",96%,12,0,80,9,,
https://sendmoneycompare.com/compare/xe-vs-revolut,compare/xe-vs-revolut,XE Money Transfer vs Revolut— Fees& Rates (2026),1,186,"1,607","14:44, 26 Sep, 2026",574,36%,11,"1,563",97%,12,0,81,8,,
https://sendmoneycompare.com/send-money?from=USD&to=GHS&amount=825,send-money?from=USD&to=GHS&amount=825,https://sendmoneycompare.com/send-money,0,0,0,"00:00, 1 Jan, 1970",0,0%,0,0,0%,0,0,0,1,Canonical ,https://sendmoneycompare.com/send-money
https://sendmoneycompare.com/swift-codes/luxembourg,swift-codes/luxembourg,Luxembourg SWIFT/BIC Codes (2026),1,468,"2,114","14:43, 26 Sep, 2026",453,21%,12,749,35%,20,0,82,50,,
https://sendmoneycompare.com/swift-codes/bangladesh,swift-codes/bangladesh,Bangladesh SWIFT/BIC Codes (2026),1,318,"2,008","14:43, 26 Sep, 2026",329,16%,6,608,30%,15,0,83,58,,
https://sendmoneycompare.com/swift-codes/pakistan,swift-codes/pakistan,,1,333,"2,121","14:43, 26 Sep, 2026",0,0%,0,0,0%,0,0,86,59,Robots meta tag contains noindex instruction,
https://sendmoneycompare.com/swift-codes/bulgaria,swift-codes/bulgaria,Bulgaria SWIFT/BIC Codes (2026),1,506,"2,115","14:44, 26 Sep, 2026",260,12%,3,684,32%,6,0,83,5,,
https://sendmoneycompare.com/swift-codes/slovakia,swift-codes/slovakia,Slovakia SWIFT/BIC Codes (2026),1,444,"2,071","14:44, 26 Sep, 2026",462,22%,4,983,47%,5,0,83,4,,
https://sendmoneycompare.com/swift-codes/belarus,swift-codes/belarus,Belarus SWIFT/BIC Codes (2026),1,328,"1,407","14:43, 26 Sep, 2026",299,21%,7,659,47%,14,0,76,5,,
https://sendmoneycompare.com/send-money/send-money-to-ghana,send-money/send-money-to-ghana,,1,225,"1,716","14:44, 26 Sep, 2026",0,0%,0,0,0%,0,0,82,4,Robots meta tag contains noindex instruction,
https://sendmoneycompare.com/send-money/usa-to-ghana,send-money/usa-to-ghana,,1,"1,063","6,276","14:43, 26 Sep, 2026",0,0%,0,0,0%,0,0,129,16,Robots meta tag contains noindex instruction,
https://sendmoneycompare.com/compare/wise-vs-worldremit,compare/wise-vs-worldremit,Wise vs WorldRemit— Fees& Rates (2026),1,177,"1,717","14:43, 26 Sep, 2026",290,17%,5,703,41%,10,0,78,16,,
https://sendmoneycompare.com/compare/western-union-vs-worldremit,compare/western-union-vs-worldremit,Western Union vs WorldRemit— Fees& Rates (2026),1,187,"1,585","14:43, 26 Sep, 2026",702,44%,13,"1,535",97%,14,0,77,9,,
https://sendmoneycompare.com/compare/revolut-vs-western-union,compare/revolut-vs-western-union,Revolut vs Western Union— Fees& Rates (2026),1,187,"1,587","14:44, 26 Sep, 2026",682,43%,11,"1,551",98%,13,0,79,8,,
https://sendmoneycompare.com/send-money?from=USD&to=EUR&amount=500,send-money?from=USD&to=EUR&amount=500,https://sendmoneycompare.com/send-money,0,0,0,"00:00, 1 Jan, 1970",0,0%,0,0,0%,0,0,0,1,Canonical ,https://sendmoneycompare.com/send-money
https://sendmoneycompare.com/swift-codes/united-states,swift-codes/united-states,,1,186,"1,426","14:44, 26 Sep, 2026",0,0%,0,0,0%,0,0,86,7,Robots meta tag contains noindex instruction,
https://sendmoneycompare.com/swift-codes/india,swift-codes/india,,1,178,"1,390","14:43, 26 Sep, 2026",0,0%,0,0,0%,0,0,86,18,Robots meta tag contains noindex instruction,
https://sendmoneycompare.com/swift-codes/china,swift-codes/china,China SWIFT/BIC Codes (2026),1,189,"1,496","14:43, 26 Sep, 2026",170,11%,8,613,41%,12,0,84,8,,
https://sendmoneycompare.com/swift-codes/germany,swift-codes/germany,Germany SWIFT/BIC Codes (2026),1,198,"1,440","14:44, 26 Sep, 2026",477,33%,3,812,56%,3,0,84,6,,
https://sendmoneycompare.com/guides/bank-wire-transfer-fees-2026,guides/bank-wire-transfer-fees-2026,Bank Wire Transfer Fees 2026 | SendMoneyCompare,1,220,"2,960","14:44, 26 Sep, 2026",151,5%,8,448,15%,13,0,82,4,,
https://sendmoneycompare.com/guides/cheapest-way-to-send-money-internationally,guides/cheapest-way-to-send-money-internationally,Cheapest Way to Send Money Internationally in 2026 | SendMoneyCompare,1,181,"1,907","14:43, 26 Sep, 2026",484,25%,17,780,41%,24,0,89,96,,
https://sendmoneycompare.com/guides/iban-numbers-explained,guides/iban-numbers-explained,"IBAN Format by Country: Length, Example& Structure | SendMoneyCompare",1,213,"1,913","14:43, 26 Sep, 2026",127,7%,3,421,22%,6,0,128,22,,
https://sendmoneycompare.com/send-money/usa-to-europe,send-money/usa-to-europe,,4,"1,144","6,562","14:43, 26 Sep, 2026",0,0%,0,0,0%,0,0,145,127,Robots meta tag contains noindex instruction,
https://sendmoneycompare.com/guides/wire-transfer-guide,guides/wire-transfer-guide,Wire Transfer Fees 2026 and Three Cheaper Alternatives,1,265,"4,488","14:43, 26 Sep, 2026",128,3%,3,438,10%,9,0,87,25,,
https://sendmoneycompare.com/guides/best-money-transfer-apps,guides/best-money-transfer-apps,Best Send Money Apps 2026— Ranked on Measured Cost | SendMoneyCompare,1,210,"3,230","14:43, 26 Sep, 2026",214,7%,3,573,18%,7,0,100,60,,
https://sendmoneycompare.com/remittance-cost-index,remittance-cost-index,2026 Remittance Cost Index— Which Provider Is Actually Cheapest?,1,490,"3,155","14:43, 26 Sep, 2026",54,2%,4,288,9%,8,0,118,34,,
https://sendmoneycompare.com/guides/cost-of-sending-1000-abroad,guides/cost-of-sending-1000-abroad,"Cost of Sending $1,000 Abroad | SendMoneyCompare",1,251,"2,677","14:44, 26 Sep, 2026",229,9%,12,551,21%,15,0,183,6,,
https://sendmoneycompare.com/guides/exchange-rate-markup-explained,guides/exchange-rate-markup-explained,Exchange Rate Markup Explained: Spot Hidden Fees | SendMoneyCompare,2,190,"2,560","14:43, 26 Sep, 2026",175,7%,7,480,19%,13,0,83,86,,
https://sendmoneycompare.com/companies/xe,companies/xe,XE Money Transfer Review 2026:★4.4 — Cheaper Options on Your Route?,2,174,"1,518","14:43, 26 Sep, 2026",164,11%,3,553,36%,13,0,87,151,,
https://sendmoneycompare.com/send-money?from=USD&to=INR&amount=1200,send-money?from=USD&to=INR&amount=1200,https://sendmoneycompare.com/send-money,0,0,0,"00:00, 1 Jan, 1970",0,0%,0,0,0%,0,0,0,1,Canonical ,https://sendmoneycompare.com/send-money
https://sendmoneycompare.com/companies/currencyfair,companies/currencyfair,CurrencyFair Review 2026— Cheaper Options on Your Route?,1,148,728,"14:43, 26 Sep, 2026",53,7%,3,578,79%,16,0,79,60,,
https://sendmoneycompare.com/send-money?from=USD&to=PHP&amount=825,send-money?from=USD&to=PHP&amount=825,https://sendmoneycompare.com/send-money,0,0,0,"00:00, 1 Jan, 1970",0,0%,0,0,0%,0,0,0,1,Canonical ,https://sendmoneycompare.com/send-money
https://sendmoneycompare.com/news/gcash-free-middle-east-transfers-philippines-ofw-2026,news/gcash-free-middle-east-transfers-philippines-ofw-2026,GCash Drops All Fees for Filipino Transfers to the Middle East,0,132,"1,012","14:44, 26 Sep, 2026",72,7%,4,376,37%,6,0,84,3,,
https://sendmoneycompare.com/swift-codes/turkiye,swift-codes/turkiye,,1,198,"1,555","14:44, 26 Sep, 2026",0,0%,0,0,0%,0,0,86,5,Robots meta tag contains noindex instruction,
https://sendmoneycompare.com/swift-codes/colombia,swift-codes/colombia,Colombia SWIFT/BIC Codes (2026),1,194,"1,484","14:43, 26 Sep, 2026",156,11%,3,678,46%,5,0,86,6,,
https://sendmoneycompare.com/send-money/send-money-to-philippines,send-money/send-money-to-philippines,Cheapest Way to Send Money to the Philippines (2026)— GCash& Bank,1,279,"2,561","14:43, 26 Sep, 2026",646,25%,9,"1,032",40%,16,0,102,16,,
https://sendmoneycompare.com/send-money?from=USD&to=EUR&amount=400,send-money?from=USD&to=EUR&amount=400,https://sendmoneycompare.com/send-money,0,0,0,"00:00, 1 Jan, 1970",0,0%,0,0,0%,0,0,0,1,Canonical ,https://sendmoneycompare.com/send-money
https://sendmoneycompare.com/guides/best-money-transfer-apps-expats-2026,guides/best-money-transfer-apps-expats-2026,Best Money Transfer Apps for Expats Living Abroad | SendMoneyCompare,1,179,"1,883","14:44, 26 Sep, 2026",197,10%,12,497,26%,15,0,82,4,,
https://sendmoneycompare.com/guides/wise-vs-remitly-comparison,guides/wise-vs-remitly-comparison,Wise vs Remitly 2026: Which Is Cheaper? | SendMoneyCompare,1,170,"1,500","14:44, 26 Sep, 2026",125,8%,6,424,28%,10,0,82,10,,
https://sendmoneycompare.com/guides/multi-currency-accounts-exchange-rates,guides/multi-currency-accounts-exchange-rates,Multi-Currency Accounts: Xe vs Wise vs Revolut | SendMoneyCompare,1,206,"2,983","14:43, 26 Sep, 2026",194,7%,3,494,17%,6,0,85,24,,
https://sendmoneycompare.com/guides/how-to-buy-spacex-nvidia-stock-using-revolut,guides/how-to-buy-spacex-nvidia-stock-using-revolut,How to Buy SpaceX& Nvidia Stock using Revolut | SendMoneyCompare,1,209,"3,302","14:44, 26 Sep, 2026",240,7%,1,240,7%,1,0,79,2,,
https://sendmoneycompare.com/compare/ofx-vs-xoom,compare/ofx-vs-xoom,OFX vs Xoom (PayPal)— Fees& Rates (2026),1,177,"1,803","14:44, 26 Sep, 2026",328,18%,12,730,40%,17,0,79,7,,
https://sendmoneycompare.com/compare/xe-vs-xoom,compare/xe-vs-xoom,XE Money Transfer vs Xoom (PayPal)— Fees& Rates (2026),0,186,"1,586","14:44, 26 Sep, 2026",576,36%,6,"1,567",99%,9,0,80,6,,
https://sendmoneycompare.com/news/wise-nasdaq-dual-listing-may-2026,news/wise-nasdaq-dual-listing-may-2026,Wise Nasdaq Dual-Listing (May 2026): What It Means | SendMoneyCompare,1,134,"1,391","14:43, 26 Sep, 2026",0,0%,0,317,23%,6,0,95,5,,
https://sendmoneycompare.com/news/mastercard-bvnk-stablecoin-remittance-2026,news/mastercard-bvnk-stablecoin-remittance-2026,Mastercard's $1.8B Bet on Stablecoins | SendMoneyCompare,0,132,962,"14:44, 26 Sep, 2026",46,5%,2,322,33%,3,0,81,4,,
https://sendmoneycompare.com/news,news,Money Transfer News 2026— Provider Updates& Industry Changes,1,175,"1,640","14:43, 26 Sep, 2026",122,7%,6,456,28%,17,0,102,49,,
https://sendmoneycompare.com/alternatives/xoom,alternatives/xoom,,0,132,853,"14:45, 26 Sep, 2026",0,0%,0,0,0%,0,0,73,2,Robots meta tag contains noindex instruction,
https://sendmoneycompare.com/tools,tools,Free Money Transfer Tools— Tax& FX Markup Calculators,1,99,384,"14:44, 26 Sep, 2026",0,0%,0,273,71%,32,0,71,3,,
https://sendmoneycompare.com/send-money?from=USD&to=INR&amount=1000,send-money?from=USD&to=INR&amount=1000,https://sendmoneycompare.com/send-money,1,0,0,"00:00, 1 Jan, 1970",0,0%,0,0,0%,0,0,0,5,Canonical ,https://sendmoneycompare.com/send-money
https://sendmoneycompare.com/send-money/send-money-to-india,send-money/send-money-to-india,Cheapest Way to Send Money to India (2026)— Compare INR Rates,1,270,"2,759","14:43, 26 Sep, 2026",628,23%,10,"1,034",37%,17,0,98,14,,
https://sendmoneycompare.com/send-money/send-money-to-pakistan,send-money/send-money-to-pakistan,Cheapest Way to Send Money to Pakistan (2026)— Compare 16 Providers,1,265,"2,520","14:43, 26 Sep, 2026",717,28%,14,"1,100",44%,26,0,93,13,,
https://sendmoneycompare.com/send-money/send-money-to-mexico,send-money/send-money-to-mexico,,1,231,"1,923","14:44, 26 Sep, 2026",0,0%,0,0,0%,0,0,86,4,Robots meta tag contains noindex instruction,
https://sendmoneycompare.com/send-money/send-money-to-nigeria,send-money/send-money-to-nigeria,,1,212,"1,691","14:44, 26 Sep, 2026",0,0%,0,0,0%,0,0,84,8,Robots meta tag contains noindex instruction,
https://sendmoneycompare.com/send-money/send-money-to-bangladesh,send-money/send-money-to-bangladesh,,1,258,"2,101","14:43, 26 Sep, 2026",0,0%,0,0,0%,0,0,93,11,Robots meta tag contains noindex instruction,
https://sendmoneycompare.com/send-money/send-money-to-china,send-money/send-money-to-china,,1,874,"5,712","14:44, 26 Sep, 2026",0,0%,0,0,0%,0,0,104,6,Robots meta tag contains noindex instruction,
https://sendmoneycompare.com/send-money/send-money-to-kenya,send-money/send-money-to-kenya,,1,224,"1,748","14:44, 26 Sep, 2026",0,0%,0,0,0%,0,0,85,5,Robots meta tag contains noindex instruction,
https://sendmoneycompare.com/send-money/send-money-to-uk,send-money/send-money-to-uk,,1,244,"2,033","14:44, 26 Sep, 2026",0,0%,0,0,0%,0,0,89,8,Robots meta tag contains noindex instruction,
https://sendmoneycompare.com/send-money/send-money-to-vietnam,send-money/send-money-to-vietnam,,1,219,"1,709","14:44, 26 Sep, 2026",0,0%,0,0,0%,0,0,85,4,Robots meta tag contains noindex instruction,
https://sendmoneycompare.com/send-money/australia-to-china,send-money/australia-to-china,,1,815,"4,838","14:44, 26 Sep, 2026",0,0%,0,0,0%,0,0,114,11,Robots meta tag contains noindex instruction,
https://sendmoneycompare.com/send-money/australia-to-france,send-money/australia-to-france,,1,957,"5,302","14:43, 26 Sep, 2026",0,0%,0,0,0%,0,0,129,15,Robots meta tag contains noindex instruction,
https://sendmoneycompare.com/send-money/australia-to-india,send-money/australia-to-india,,1,"1,136","6,328","14:43, 26 Sep, 2026",0,0%,0,0,0%,0,0,151,24,Robots meta tag contains noindex instruction,
https://sendmoneycompare.com/send-money/australia-to-uk,send-money/australia-to-uk,,1,959,"5,980","14:43, 26 Sep, 2026",0,0%,0,0,0%,0,0,121,15,Robots meta tag contains noindex instruction,
https://sendmoneycompare.com/send-money/australia-to-zimbabwe,send-money/australia-to-zimbabwe,,1,584,"3,652","14:44, 26 Sep, 2026",0,0%,0,0,0%,0,0,114,9,Robots meta tag contains noindex instruction,
https://sendmoneycompare.com/send-money/bahrain-to-india,send-money/bahrain-to-india,,1,614,"3,467","14:43, 26 Sep, 2026",0,0%,0,0,0%,0,0,96,14,Robots meta tag contains noindex instruction,
https://sendmoneycompare.com/send-money/canada-to-india,send-money/canada-to-india,,2,"1,093","6,141","14:43, 26 Sep, 2026",0,0%,0,0,0%,0,0,143,75,Robots meta tag contains noindex instruction,
https://sendmoneycompare.com/send-money/canada-to-philippines,send-money/canada-to-philippines,,1,"1,140","6,617","14:43, 26 Sep, 2026",0,0%,0,0,0%,0,0,141,18,Robots meta tag contains noindex instruction,
https://sendmoneycompare.com/send-money/china-to-australia,send-money/china-to-australia,,1,511,"3,962","14:44, 26 Sep, 2026",0,0%,0,0,0%,0,0,98,6,Robots meta tag contains noindex instruction,
https://sendmoneycompare.com/send-money/china-to-canada,send-money/china-to-canada,,1,512,"3,969","14:44, 26 Sep, 2026",0,0%,0,0,0%,0,0,97,6,Robots meta tag contains noindex instruction,
https://sendmoneycompare.com/send-money/china-to-uk,send-money/china-to-uk,,1,516,"4,164","14:44, 26 Sep, 2026",0,0%,0,0,0%,0,0,97,10,Robots meta tag contains noindex instruction,
https://sendmoneycompare.com/send-money/china-to-usa,send-money/china-to-usa,,1,539,"4,367","14:44, 26 Sep, 2026",0,0%,0,0,0%,0,0,96,5,Robots meta tag contains noindex instruction,
https://sendmoneycompare.com/send-money/denmark-to-colombia,send-money/denmark-to-colombia,,1,416,"3,360","14:44, 26 Sep, 2026",0,0%,0,0,0%,0,0,79,5,Robots meta tag contains noindex instruction,
https://sendmoneycompare.com/send-money/denmark-to-france,send-money/denmark-to-france,,1,417,"3,717","14:44, 26 Sep, 2026",0,0%,0,0,0%,0,0,84,12,Robots meta tag contains noindex instruction,
https://sendmoneycompare.com/send-money/denmark-to-malaysia,send-money/denmark-to-malaysia,,1,409,"3,194","14:44, 26 Sep, 2026",0,0%,0,0,0%,0,0,83,6,Robots meta tag contains noindex instruction,
https://sendmoneycompare.com/send-money/france-to-pakistan,send-money/france-to-pakistan,,1,"1,065","5,617","14:43, 26 Sep, 2026",0,0%,0,0,0%,0,0,137,10,Robots meta tag contains noindex instruction,
https://sendmoneycompare.com/send-money/france-to-uk,send-money/france-to-uk,,1,927,"5,171","14:44, 26 Sep, 2026",0,0%,0,0,0%,0,0,116,8,Robots meta tag contains noindex instruction,
https://sendmoneycompare.com/send-money/germany-to-china,send-money/germany-to-china,,1,499,"3,095","14:44, 26 Sep, 2026",0,0%,0,0,0%,0,0,98,9,Robots meta tag contains noindex instruction,
https://sendmoneycompare.com/send-money/germany-to-india,send-money/germany-to-india,,1,"1,175","6,090","14:43, 26 Sep, 2026",0,0%,0,0,0%,0,0,158,13,Robots meta tag contains noindex instruction,
https://sendmoneycompare.com/send-money/germany-to-malaysia,send-money/germany-to-malaysia,,1,537,"3,174","14:44, 26 Sep, 2026",0,0%,0,0,0%,0,0,110,8,Robots meta tag contains noindex instruction,
https://sendmoneycompare.com/send-money/germany-to-nigeria,send-money/germany-to-nigeria,,1,959,"5,153","14:44, 26 Sep, 2026",0,0%,0,0,0%,0,0,118,10,Robots meta tag contains noindex instruction,
https://sendmoneycompare.com/send-money/germany-to-turkey,send-money/germany-to-turkey,,1,"1,077","5,772","14:44, 26 Sep, 2026",0,0%,0,0,0%,0,0,146,8,Robots meta tag contains noindex instruction,
https://sendmoneycompare.com/send-money/germany-to-ukraine,send-money/germany-to-ukraine,,1,716,"4,100","14:44, 26 Sep, 2026",0,0%,0,0,0%,0,0,107,7,Robots meta tag contains noindex instruction,
https://sendmoneycompare.com/send-money/india-to-canada,send-money/india-to-canada,,1,486,"3,433","14:44, 26 Sep, 2026",0,0%,0,0,0%,0,0,95,8,Robots meta tag contains noindex instruction,
https://sendmoneycompare.com/send-money/india-to-uk,send-money/india-to-uk,,1,467,"3,444","14:44, 26 Sep, 2026",0,0%,0,0,0%,0,0,92,12,Robots meta tag contains noindex instruction,
https://sendmoneycompare.com/send-money/india-to-usa,send-money/india-to-usa,,1,506,"3,634","14:44, 26 Sep, 2026",0,0%,0,0,0%,0,0,94,7,Robots meta tag contains noindex instruction,
https://sendmoneycompare.com/send-money/ireland-to-bangladesh,send-money/ireland-to-bangladesh,,1,"1,002","6,835","14:43, 26 Sep, 2026",0,0%,0,0,0%,0,0,121,9,Robots meta tag contains noindex instruction,
https://sendmoneycompare.com/send-money/italy-to-brazil,send-money/italy-to-brazil,,1,"1,043","5,559","14:45, 26 Sep, 2026",0,0%,0,0,0%,0,0,133,2,Robots meta tag contains noindex instruction,
https://sendmoneycompare.com/send-money/new-zealand-to-australia,send-money/new-zealand-to-australia,,1,803,"4,697","14:44, 26 Sep, 2026",0,0%,0,0,0%,0,0,100,4,Robots meta tag contains noindex instruction,
https://sendmoneycompare.com/send-money/new-zealand-to-uk,send-money/new-zealand-to-uk,,1,794,"4,695","14:44, 26 Sep, 2026",0,0%,0,0,0%,0,0,99,8,Robots meta tag contains noindex instruction,
https://sendmoneycompare.com/send-money/portugal-to-bangladesh,send-money/portugal-to-bangladesh,,1,957,"5,238","14:43, 26 Sep, 2026",0,0%,0,0,0%,0,0,120,9,Robots meta tag contains noindex instruction,
https://sendmoneycompare.com/send-money/saudi-arabia-to-bangladesh,send-money/saudi-arabia-to-bangladesh,,1,498,"2,974","14:43, 26 Sep, 2026",0,0%,0,0,0%,0,0,86,13,Robots meta tag contains noindex instruction,
https://sendmoneycompare.com/send-money/saudi-arabia-to-egypt,send-money/saudi-arabia-to-egypt,,1,499,"4,075","14:43, 26 Sep, 2026",0,0%,0,0,0%,0,0,87,11,Robots meta tag contains noindex instruction,
https://sendmoneycompare.com/send-money/saudi-arabia-to-pakistan,send-money/saudi-arabia-to-pakistan,,1,511,"3,064","14:43, 26 Sep, 2026",0,0%,0,0,0%,0,0,89,14,Robots meta tag contains noindex instruction,
https://sendmoneycompare.com/send-money/saudi-arabia-to-philippines,send-money/saudi-arabia-to-philippines,,1,525,"3,649","14:43, 26 Sep, 2026",0,0%,0,0,0%,0,0,89,12,Robots meta tag contains noindex instruction,
https://sendmoneycompare.com/send-money/singapore-to-india,send-money/singapore-to-india,Cheapest Way to Send Money Singapore to India— SGD→INR Rates (2026),1,"1,008","6,803","14:43, 26 Sep, 2026",795,12%,10,"1,171",17%,19,0,123,10,,
https://sendmoneycompare.com/send-money/singapore-to-philippines,send-money/singapore-to-philippines,Cheapest Way to Send Money Singapore to Philippines— SGD→PHP (2026),1,"1,029","6,853","14:43, 26 Sep, 2026",680,10%,9,"1,349",20%,12,0,125,15,,
https://sendmoneycompare.com/send-money/switzerland-to-egypt,send-money/switzerland-to-egypt,Switzerland to Egypt Transfer Estimate— CHF→EGP (2026),1,145,866,"14:44, 26 Sep, 2026",59,7%,1,446,52%,27,0,76,4,,
https://sendmoneycompare.com/send-money/uae-to-bangladesh,send-money/uae-to-bangladesh,Cheapest Way to Send Money UAE to Bangladesh— AED→BDT Rates (2026),1,813,"6,444","14:43, 26 Sep, 2026",934,14%,9,"1,283",20%,18,0,97,13,,
https://sendmoneycompare.com/send-money/uae-to-philippines,send-money/uae-to-philippines,,1,828,"6,081","14:43, 26 Sep, 2026",0,0%,0,0,0%,0,0,103,19,Robots meta tag contains noindex instruction,
https://sendmoneycompare.com/send-money/uk-to-bangladesh,send-money/uk-to-bangladesh,,1,880,"5,741","14:43, 26 Sep, 2026",0,0%,0,0,0%,0,0,116,26,Robots meta tag contains noindex instruction,
https://sendmoneycompare.com/send-money/uk-to-china,send-money/uk-to-china,,1,670,"3,814","14:43, 26 Sep, 2026",0,0%,0,0,0%,0,0,108,15,Robots meta tag contains noindex instruction,
https://sendmoneycompare.com/send-money/uk-to-egypt,send-money/uk-to-egypt,,1,621,"3,470","14:43, 26 Sep, 2026",0,0%,0,0,0%,0,0,101,15,Robots meta tag contains noindex instruction,
https://sendmoneycompare.com/send-money/uk-to-france,send-money/uk-to-france,,1,"1,393","6,463","14:43, 26 Sep, 2026",0,0%,0,0,0%,0,0,177,14,Robots meta tag contains noindex instruction,
https://sendmoneycompare.com/send-money/uk-to-kenya,send-money/uk-to-kenya,,1,942,"5,288","14:43, 26 Sep, 2026",0,0%,0,0,0%,0,0,128,7,Robots meta tag contains noindex instruction,
https://sendmoneycompare.com/send-money/uk-to-mexico,send-money/uk-to-mexico,,1,744,"4,107","14:43, 26 Sep, 2026",0,0%,0,0,0%,0,0,144,14,Robots meta tag contains noindex instruction,
https://sendmoneycompare.com/send-money/uk-to-philippines,send-money/uk-to-philippines,Cheapest Way to Send Money UK to Philippines— GBP→PHP Rates (2026),1,"1,329","7,495","14:43, 26 Sep, 2026","1,173",16%,20,"1,886",25%,26,0,167,11,,
https://sendmoneycompare.com/send-money/uk-to-vietnam,send-money/uk-to-vietnam,Cheapest Way to Send Money United Kingdom to Vietnam— GBP→VND (2026),1,635,"3,993","14:43, 26 Sep, 2026",784,20%,21,"1,450",36%,26,0,108,14,,
https://sendmoneycompare.com/send-money/uk-to-zimbabwe,send-money/uk-to-zimbabwe,,1,"1,002","5,781","14:44, 26 Sep, 2026",0,0%,0,0,0%,0,0,133,2,Robots meta tag contains noindex instruction,
https://sendmoneycompare.com/send-money/usa-to-bangladesh,send-money/usa-to-bangladesh,,1,"1,026","6,193","14:43, 26 Sep, 2026",0,0%,0,0,0%,0,0,128,12,Robots meta tag contains noindex instruction,
https://sendmoneycompare.com/send-money/usa-to-ethiopia,send-money/usa-to-ethiopia,,1,885,"5,619","14:43, 26 Sep, 2026",0,0%,0,0,0%,0,0,112,8,Robots meta tag contains noindex instruction,
https://sendmoneycompare.com/send-money/usa-to-kenya,send-money/usa-to-kenya,,1,"1,042","6,176","14:43, 26 Sep, 2026",0,0%,0,0,0%,0,0,132,21,Robots meta tag contains noindex instruction,
https://sendmoneycompare.com/send-money/usa-to-nigeria,send-money/usa-to-nigeria,,2,995,"5,640","14:43, 26 Sep, 2026",0,0%,0,0,0%,0,0,121,87,Robots meta tag contains noindex instruction,
https://sendmoneycompare.com/send-money/usa-to-sri-lanka,send-money/usa-to-sri-lanka,,1,928,"5,777","14:44, 26 Sep, 2026",0,0%,0,0,0%,0,0,120,3,Robots meta tag contains noindex instruction,
https://sendmoneycompare.com/send-money/usa-to-uae,send-money/usa-to-uae,,1,583,"3,561","14:44, 26 Sep, 2026",0,0%,0,0,0%,0,0,100,4,Robots meta tag contains noindex instruction,
https://sendmoneycompare.com/send-money/usa-to-uk,send-money/usa-to-uk,,1,"1,103","6,252","14:43, 26 Sep, 2026",0,0%,0,0,0%,0,0,142,14,Robots meta tag contains noindex instruction,
https://sendmoneycompare.com/send-money/usa-to-vietnam,send-money/usa-to-vietnam,,1,890,"5,913","14:43, 26 Sep, 2026",0,0%,0,0,0%,0,0,116,17,Robots meta tag contains noindex instruction,
https://sendmoneycompare.com/send-money/send-money-to-algeria,send-money/send-money-to-algeria,Send Money to Algeria: Transfer Estimate (2026),1,134,917,"14:45, 26 Sep, 2026",80,9%,8,413,45%,31,0,70,1,,
https://sendmoneycompare.com/send-money/send-money-to-argentina,send-money/send-money-to-argentina,,1,540,"4,196","14:45, 26 Sep, 2026",0,0%,0,0,0%,0,0,93,1,Robots meta tag contains noindex instruction,
https://sendmoneycompare.com/send-money/send-money-to-australia,send-money/send-money-to-australia,,1,561,"3,763","14:44, 26 Sep, 2026",0,0%,0,0,0%,0,0,107,5,Robots meta tag contains noindex instruction,
https://sendmoneycompare.com/send-money/send-money-to-brazil,send-money/send-money-to-brazil,Cheapest Way to Send Money to Brazil— Compare BRL Rates (2026),1,"1,108","6,556","14:44, 26 Sep, 2026",889,14%,19,"1,652",25%,22,0,134,5,,
https://sendmoneycompare.com/send-money/send-money-to-cameroon,send-money/send-money-to-cameroon,,1,709,"4,924","14:44, 26 Sep, 2026",0,0%,0,0,0%,0,0,93,3,Robots meta tag contains noindex instruction,
https://sendmoneycompare.com/send-money/send-money-to-canada,send-money/send-money-to-canada,,1,614,"3,751","14:44, 26 Sep, 2026",0,0%,0,0,0%,0,0,108,5,Robots meta tag contains noindex instruction,
https://sendmoneycompare.com/send-money/send-money-to-chile,send-money/send-money-to-chile,,1,405,"3,188","14:44, 26 Sep, 2026",0,0%,0,0,0%,0,0,92,2,Robots meta tag contains noindex instruction,
https://sendmoneycompare.com/send-money/send-money-to-colombia,send-money/send-money-to-colombia,,1,"1,004","5,987","14:44, 26 Sep, 2026",0,0%,0,0,0%,0,0,113,5,Robots meta tag contains noindex instruction,
https://sendmoneycompare.com/send-money/send-money-to-czech-republic,send-money/send-money-to-czech-republic,,1,832,"5,444","14:45, 26 Sep, 2026",0,0%,0,0,0%,0,0,105,1,Robots meta tag contains noindex instruction,
https://sendmoneycompare.com/send-money/send-money-to-dominican-republic,send-money/send-money-to-dominican-republic,,1,894,"5,484","14:44, 26 Sep, 2026",0,0%,0,0,0%,0,0,104,2,Robots meta tag contains noindex instruction,
https://sendmoneycompare.com/send-money/send-money-to-egypt,send-money/send-money-to-egypt,,1,877,"6,221","14:43, 26 Sep, 2026",0,0%,0,0,0%,0,0,101,9,Robots meta tag contains noindex instruction,
https://sendmoneycompare.com/send-money/send-money-to-ethiopia,send-money/send-money-to-ethiopia,,1,231,"1,963","14:44, 26 Sep, 2026",0,0%,0,0,0%,0,0,83,5,Robots meta tag contains noindex instruction,
https://sendmoneycompare.com/send-money/send-money-to-europe,send-money/send-money-to-europe,,1,213,"1,679","14:44, 26 Sep, 2026",0,0%,0,0,0%,0,0,81,2,Robots meta tag contains noindex instruction,
https://sendmoneycompare.com/send-money/send-money-to-fiji,send-money/send-money-to-fiji,,1,653,"4,247","14:44, 26 Sep, 2026",0,0%,0,0,0%,0,0,86,2,Robots meta tag contains noindex instruction,
https://sendmoneycompare.com/send-money/send-money-to-france,send-money/send-money-to-france,,1,"1,188","6,711","14:44, 26 Sep, 2026",0,0%,0,0,0%,0,0,140,4,Robots meta tag contains noindex instruction,
https://sendmoneycompare.com/send-money/send-money-to-germany,send-money/send-money-to-germany,,1,"1,184","6,669","14:44, 26 Sep, 2026",0,0%,0,0,0%,0,0,141,2,Robots meta tag contains noindex instruction,
https://sendmoneycompare.com/send-money/send-money-to-guatemala,send-money/send-money-to-guatemala,Cheapest Way to Send Money to Guatemala— Compare GTQ Rates (2026),1,979,"5,803","14:44, 26 Sep, 2026",665,11%,7,"1,456",25%,8,0,112,2,,
https://sendmoneycompare.com/send-money/send-money-to-haiti,send-money/send-money-to-haiti,,1,786,"4,763","14:45, 26 Sep, 2026",0,0%,0,0,0%,0,0,105,1,Robots meta tag contains noindex instruction,
https://sendmoneycompare.com/send-money/send-money-to-honduras,send-money/send-money-to-honduras,,1,890,"5,429","14:44, 26 Sep, 2026",0,0%,0,0,0%,0,0,105,2,Robots meta tag contains noindex instruction,
https://sendmoneycompare.com/send-money/send-money-to-hong-kong,send-money/send-money-to-hong-kong,,1,355,"2,232","14:45, 26 Sep, 2026",0,0%,0,0,0%,0,0,108,1,Robots meta tag contains noindex instruction,
https://sendmoneycompare.com/send-money/send-money-to-hungary,send-money/send-money-to-hungary,,1,820,"5,362","14:44, 26 Sep, 2026",0,0%,0,0,0%,0,0,103,2,Robots meta tag contains noindex instruction,
https://sendmoneycompare.com/send-money/send-money-to-indonesia,send-money/send-money-to-indonesia,,1,939,"5,904","14:44, 26 Sep, 2026",0,0%,0,0,0%,0,0,112,3,Robots meta tag contains noindex instruction,
https://sendmoneycompare.com/send-money/send-money-to-israel,send-money/send-money-to-israel,,1,726,"4,419","14:45, 26 Sep, 2026",0,0%,0,0,0%,0,0,101,1,Robots meta tag contains noindex instruction,
https://sendmoneycompare.com/send-money/send-money-to-jamaica,send-money/send-money-to-jamaica,,1,876,"5,341","14:45, 26 Sep, 2026",0,0%,0,0,0%,0,0,102,1,Robots meta tag contains noindex instruction,
https://sendmoneycompare.com/send-money/send-money-to-japan,send-money/send-money-to-japan,,1,858,"5,584","14:44, 26 Sep, 2026",0,0%,0,0,0%,0,0,105,2,Robots meta tag contains noindex instruction,
https://sendmoneycompare.com/send-money/send-money-to-kazakhstan,send-money/send-money-to-kazakhstan,,1,368,"1,928","14:45, 26 Sep, 2026",0,0%,0,0,0%,0,0,75,1,Robots meta tag contains noindex instruction,
https://sendmoneycompare.com/send-money/send-money-to-malaysia,send-money/send-money-to-malaysia,,1,811,"4,927","14:44, 26 Sep, 2026",0,0%,0,0,0%,0,0,105,5,Robots meta tag contains noindex instruction,
https://sendmoneycompare.com/send-money/send-money-to-morocco,send-money/send-money-to-morocco,,1,873,"6,090","14:44, 26 Sep, 2026",0,0%,0,0,0%,0,0,104,5,Robots meta tag contains noindex instruction,
https://sendmoneycompare.com/send-money/send-money-to-nepal,send-money/send-money-to-nepal,,1,928,"5,641","14:44, 26 Sep, 2026",0,0%,0,0,0%,0,0,109,4,Robots meta tag contains noindex instruction,
https://sendmoneycompare.com/send-money/send-money-to-new-zealand,send-money/send-money-to-new-zealand,,1,313,"2,192","14:45, 26 Sep, 2026",0,0%,0,0,0%,0,0,98,1,Robots meta tag contains noindex instruction,
https://sendmoneycompare.com/send-money/send-money-to-paraguay,send-money/send-money-to-paraguay,,1,237,"1,227","14:45, 26 Sep, 2026",0,0%,0,0,0%,0,0,75,1,Robots meta tag contains noindex instruction,
https://sendmoneycompare.com/send-money/send-money-to-peru,send-money/send-money-to-peru,,1,825,"5,444","14:44, 26 Sep, 2026",0,0%,0,0,0%,0,0,102,2,Robots meta tag contains noindex instruction,
https://sendmoneycompare.com/send-money/send-money-to-poland,send-money/send-money-to-poland,,1,872,"5,894","14:44, 26 Sep, 2026",0,0%,0,0,0%,0,0,110,4,Robots meta tag contains noindex instruction,
https://sendmoneycompare.com/send-money/send-money-to-romania,send-money/send-money-to-romania,,1,804,"5,455","14:44, 26 Sep, 2026",0,0%,0,0,0%,0,0,98,4,Robots meta tag contains noindex instruction,
https://sendmoneycompare.com/send-money/send-money-to-rwanda,send-money/send-money-to-rwanda,,1,784,"4,876","14:44, 26 Sep, 2026",0,0%,0,0,0%,0,0,94,2,Robots meta tag contains noindex instruction,
https://sendmoneycompare.com/send-money/send-money-to-senegal,send-money/send-money-to-senegal,,1,835,"5,475","14:44, 26 Sep, 2026",0,0%,0,0,0%,0,0,100,3,Robots meta tag contains noindex instruction,
https://sendmoneycompare.com/send-money/send-money-to-singapore,send-money/send-money-to-singapore,,1,357,"2,213","14:44, 26 Sep, 2026",0,0%,0,0,0%,0,0,109,2,Robots meta tag contains noindex instruction,
https://sendmoneycompare.com/send-money/send-money-to-south-africa,send-money/send-money-to-south-africa,,1,920,"6,101","14:44, 26 Sep, 2026",0,0%,0,0,0%,0,0,110,5,Robots meta tag contains noindex instruction,
https://sendmoneycompare.com/send-money/send-money-to-south-korea,send-money/send-money-to-south-korea,,1,559,"3,728","14:44, 26 Sep, 2026",0,0%,0,0,0%,0,0,102,3,Robots meta tag contains noindex instruction,
https://sendmoneycompare.com/send-money/send-money-to-spain,send-money/send-money-to-spain,,1,"1,181","6,639","14:44, 26 Sep, 2026",0,0%,0,0,0%,0,0,140,2,Robots meta tag contains noindex instruction,
https://sendmoneycompare.com/send-money/send-money-to-sri-lanka,send-money/send-money-to-sri-lanka,,1,213,"1,593","14:44, 26 Sep, 2026",0,0%,0,0,0%,0,0,85,5,Robots meta tag contains noindex instruction,
https://sendmoneycompare.com/send-money/send-money-to-taiwan,send-money/send-money-to-taiwan,,1,573,"3,997","14:45, 26 Sep, 2026",0,0%,0,0,0%,0,0,86,1,Robots meta tag contains noindex instruction,
https://sendmoneycompare.com/send-money/send-money-to-tanzania,send-money/send-money-to-tanzania,,1,858,"5,597","14:44, 26 Sep, 2026",0,0%,0,0,0%,0,0,101,3,Robots meta tag contains noindex instruction,
https://sendmoneycompare.com/send-money/send-money-to-thailand,send-money/send-money-to-thailand,,1,985,"6,121","14:44, 26 Sep, 2026",0,0%,0,0,0%,0,0,118,3,Robots meta tag contains noindex instruction,
https://sendmoneycompare.com/send-money/send-money-to-turkey,send-money/send-money-to-turkey,,1,861,"5,669","14:44, 26 Sep, 2026",0,0%,0,0,0%,0,0,105,5,Robots meta tag contains noindex instruction,
https://sendmoneycompare.com/send-money/send-money-to-uganda,send-money/send-money-to-uganda,,1,890,"5,786","14:44, 26 Sep, 2026",0,0%,0,0,0%,0,0,105,3,Robots meta tag contains noindex instruction,
https://sendmoneycompare.com/send-money/send-money-to-ukraine,send-money/send-money-to-ukraine,,1,732,"4,915","14:44, 26 Sep, 2026",0,0%,0,0,0%,0,0,97,3,Robots meta tag contains noindex instruction,
https://sendmoneycompare.com/send-money/send-money-to-uzbekistan,send-money/send-money-to-uzbekistan,,1,369,"1,935","14:45, 26 Sep, 2026",0,0%,0,0,0%,0,0,75,1,Robots meta tag contains noindex instruction,
https://sendmoneycompare.com/companies/instarem,companies/instarem,InstaReM Review 2026:★4.0 — Cheaper Options on Your Route?,2,169,"1,411","14:43, 26 Sep, 2026",64,5%,3,451,32%,13,0,84,129,,
https://sendmoneycompare.com/guides/money-transfer-safety-guide,guides/money-transfer-safety-guide,Are Money Transfer Companies Safe? | SendMoneyCompare,1,302,"6,448","14:43, 26 Sep, 2026",107,2%,3,474,7%,7,0,85,43,,
https://sendmoneycompare.com/companies/ria,companies/ria,Ria Money Transfer Review 2026— Cheaper Options on Your Route?,1,150,836,"14:43, 26 Sep, 2026",377,45%,28,675,81%,52,0,82,87,,
https://sendmoneycompare.com/companies/lemfi,companies/lemfi,,1,164,"1,378","14:43, 26 Sep, 2026",0,0%,0,0,0%,0,0,83,81,Robots meta tag contains noindex instruction,
https://sendmoneycompare.com/companies/paysend,companies/paysend,Paysend Review 2026— Cheaper Options on Your Route?,1,146,732,"14:43, 26 Sep, 2026",121,17%,8,583,80%,18,0,79,68,,
https://sendmoneycompare.com/companies/skrill,companies/skrill,Skrill Review 2026— Cheaper Options on Your Route?,1,147,731,"14:43, 26 Sep, 2026",111,15%,14,625,85%,21,0,79,36,,
https://sendmoneycompare.com/companies/dahabshiil,companies/dahabshiil,Dahabshiil Review 2026— Cheaper Options on Your Route?,1,146,755,"14:43, 26 Sep, 2026",100,13%,6,600,79%,10,0,79,20,,
https://sendmoneycompare.com/companies/transfergo,companies/transfergo,TransferGo Review 2026— Cheaper Options on Your Route?,1,146,716,"14:43, 26 Sep, 2026",86,12%,8,595,83%,18,0,79,16,,
https://sendmoneycompare.com/sendscore,sendscore,SendScore Explained: Is Today a Good Day to Send Money?,2,131,"1,201","14:43, 26 Sep, 2026",196,16%,6,460,38%,36,0,72,142,,
https://sendmoneycompare.com/about/ahsan-mukhtar,about/ahsan-mukhtar,Ahsan Mukhtar— Founder& CEO at SendMoneyCompare,2,114,627,"14:43, 26 Sep, 2026",54,9%,3,336,54%,34,0,77,241,,
https://sendmoneycompare.com/iban/albania,iban/albania,Albania IBAN: 28-Char Format + Example (2026),0,144,749,"14:43, 26 Sep, 2026",120,16%,22,669,89%,30,0,75,7,,
https://sendmoneycompare.com/iban/andorra,iban/andorra,,1,159,852,"14:43, 26 Sep, 2026",0,0%,0,0,0%,0,0,83,12,Robots meta tag contains noindex instruction,
https://sendmoneycompare.com/iban/austria,iban/austria,,1,181,"1,407","14:43, 26 Sep, 2026",0,0%,0,0,0%,0,0,84,9,Robots meta tag contains noindex instruction,
https://sendmoneycompare.com/iban/azerbaijan,iban/azerbaijan,Azerbaijan IBAN: 28-Char Format + Example (2026),0,137,669,"14:43, 26 Sep, 2026",63,9%,3,601,90%,4,0,76,8,,
https://sendmoneycompare.com/iban/bahrain,iban/bahrain,Bahrain IBAN: 22-Char Format + Example (2026),1,169,"1,254","14:43, 26 Sep, 2026",190,15%,3,472,38%,3,0,79,6,,
https://sendmoneycompare.com/iban/bosnia-and-herzegovina,iban/bosnia-and-herzegovina,Bosnia And Herzegovina IBAN: 20-Char Format + Example (2026),0,144,772,"14:43, 26 Sep, 2026",91,12%,5,664,86%,6,0,76,7,,
https://sendmoneycompare.com/iban/brazil,iban/brazil,,1,191,"1,575","14:43, 26 Sep, 2026",0,0%,0,0,0%,0,0,88,11,Robots meta tag contains noindex instruction,
https://sendmoneycompare.com/iban/bulgaria,iban/bulgaria,Bulgaria IBAN: 22-Char Format + Example (2026),1,166,908,"14:43, 26 Sep, 2026",523,58%,24,804,89%,46,0,83,10,,
https://sendmoneycompare.com/iban/costa-rica,iban/costa-rica,,1,151,820,"14:43, 26 Sep, 2026",0,0%,0,0,0%,0,0,79,7,Robots meta tag contains noindex instruction,
https://sendmoneycompare.com/iban/croatia,iban/croatia,,1,175,"1,292","14:43, 26 Sep, 2026",0,0%,0,0,0%,0,0,83,11,Robots meta tag contains noindex instruction,
https://sendmoneycompare.com/iban/cyprus,iban/cyprus,,1,177,"1,362","14:43, 26 Sep, 2026",0,0%,0,0,0%,0,0,82,9,Robots meta tag contains noindex instruction,
https://sendmoneycompare.com/iban/czechia,iban/czechia,Czechia IBAN: 24-Char Format + Example (2026),1,178,"1,413","14:43, 26 Sep, 2026",206,15%,4,656,46%,9,0,81,8,,
https://sendmoneycompare.com/iban/denmark,iban/denmark,,0,172,"1,247","14:43, 26 Sep, 2026",0,0%,0,0,0%,0,0,79,6,Robots meta tag contains noindex instruction,
https://sendmoneycompare.com/iban/dominican-republic,iban/dominican-republic,Dominican Republic IBAN: 28-Char Format + Example (2026),1,158,867,"14:43, 26 Sep, 2026",134,15%,3,697,80%,6,0,83,8,,
https://sendmoneycompare.com/iban/el-salvador,iban/el-salvador,,1,140,713,"14:43, 26 Sep, 2026",0,0%,0,0,0%,0,0,77,8,Robots meta tag contains noindex instruction,
https://sendmoneycompare.com/iban/estonia,iban/estonia,Estonia IBAN: 20-Char Format + Example (2026),1,164,887,"14:43, 26 Sep, 2026",164,18%,13,807,91%,15,0,82,6,,
https://sendmoneycompare.com/iban/faroe-islands,iban/faroe-islands,Faroe Islands IBAN: 18-Char Format + Example (2026),1,149,772,"14:43, 26 Sep, 2026",122,16%,2,689,89%,6,0,80,7,,
https://sendmoneycompare.com/iban/finland,iban/finland,,1,176,"1,358","14:43, 26 Sep, 2026",0,0%,0,0,0%,0,0,80,12,Robots meta tag contains noindex instruction,
https://sendmoneycompare.com/iban/georgia,iban/georgia,,1,164,"1,331","14:43, 26 Sep, 2026",0,0%,0,0,0%,0,0,80,9,Robots meta tag contains noindex instruction,
https://sendmoneycompare.com/iban/gibraltar,iban/gibraltar,Gibraltar IBAN: 23-Char Format + Example (2026),1,137,659,"14:43, 26 Sep, 2026",90,14%,8,602,91%,20,0,75,6,,
https://sendmoneycompare.com/iban/greece,iban/greece,,1,180,"1,428","14:43, 26 Sep, 2026",0,0%,0,0,0%,0,0,84,7,Robots meta tag contains noindex instruction,
https://sendmoneycompare.com/iban/greenland,iban/greenland,Greenland IBAN: 18-Char Format + Example (2026),1,147,728,"14:43, 26 Sep, 2026",101,14%,3,659,91%,8,0,80,10,,
https://sendmoneycompare.com/iban/guatemala,iban/guatemala,Guatemala IBAN: 28-Char Format + Example (2026),1,156,843,"14:43, 26 Sep, 2026",162,19%,15,711,84%,20,0,81,9,,
https://sendmoneycompare.com/iban/vatican-city,iban/vatican-city,Holy See IBAN: 22-Char Format + Example (2026),1,157,840,"14:43, 26 Sep, 2026",216,26%,10,753,90%,19,0,83,6,,
https://sendmoneycompare.com/iban/hungary,iban/hungary,Hungarian IBAN: 28-Char Format + Example (2026),1,183,"1,461","14:43, 26 Sep, 2026",214,15%,10,594,41%,14,0,85,8,,
https://sendmoneycompare.com/iban/iceland,iban/iceland,Iceland IBAN: 26-Char Format + Example (2026),0,141,717,"14:43, 26 Sep, 2026",65,9%,3,608,85%,5,0,75,8,,
https://sendmoneycompare.com/iban/israel,iban/israel,,0,183,"1,447","14:43, 26 Sep, 2026",0,0%,0,0,0%,0,0,85,9,Robots meta tag contains noindex instruction,
https://sendmoneycompare.com/iban/jordan,iban/jordan,,1,171,"1,347","14:43, 26 Sep, 2026",0,0%,0,0,0%,0,0,80,6,Robots meta tag contains noindex instruction,
https://sendmoneycompare.com/iban/kazakhstan,iban/kazakhstan,Kazakhstan IBAN: 20-Char Format + Example (2026),1,147,753,"14:43, 26 Sep, 2026",126,17%,9,668,89%,12,0,77,6,,
https://sendmoneycompare.com/iban/kosovo,iban/kosovo,Kosovo IBAN: 20-Char Format + Example (2026),1,166,914,"14:43, 26 Sep, 2026",318,35%,16,808,88%,20,0,81,11,,
https://sendmoneycompare.com/iban/kuwait,iban/kuwait,,1,169,"1,313","14:43, 26 Sep, 2026",0,0%,0,0,0%,0,0,79,9,Robots meta tag contains noindex instruction,
https://sendmoneycompare.com/iban/latvia,iban/latvia,Latvia IBAN: 21-Char Format + Example (2026),1,160,847,"14:43, 26 Sep, 2026",342,40%,18,760,90%,24,0,82,10,,
https://sendmoneycompare.com/iban/lebanon,iban/lebanon,Lebanon IBAN: 28-Char Format + Example (2026),0,141,707,"14:43, 26 Sep, 2026",25,4%,2,616,87%,9,0,76,5,,
https://sendmoneycompare.com/iban/liechtenstein,iban/liechtenstein,Liechtenstein IBAN: 21-Char Format + Example (2026),1,148,724,"14:43, 26 Sep, 2026",102,14%,4,632,87%,9,0,77,8,,
https://sendmoneycompare.com/iban/lithuania,iban/lithuania,,1,161,842,"14:43, 26 Sep, 2026",0,0%,0,0,0%,0,0,81,7,Robots meta tag contains noindex instruction,
https://sendmoneycompare.com/iban/malta,iban/malta,Malta IBAN: 31-Char Format + Example (2026),1,163,884,"14:43, 26 Sep, 2026",220,25%,9,768,87%,13,0,82,5,,
https://sendmoneycompare.com/iban/mauritania,iban/mauritania,Mauritania IBAN: 27-Char Format + Example (2026),0,145,748,"14:43, 26 Sep, 2026",379,51%,9,655,88%,33,0,76,7,,
https://sendmoneycompare.com/iban/moldova,iban/moldova,Moldova IBAN: 24-Char Format + Example (2026),1,137,668,"14:43, 26 Sep, 2026",75,11%,9,586,88%,20,0,77,9,,
https://sendmoneycompare.com/iban/monaco,iban/monaco,,1,161,882,"14:43, 26 Sep, 2026",0,0%,0,0,0%,0,0,83,8,Robots meta tag contains noindex instruction,
https://sendmoneycompare.com/iban/montenegro,iban/montenegro,Montenegro IBAN: 22-Char Format + Example (2026),1,161,872,"14:43, 26 Sep, 2026",181,21%,13,769,88%,17,0,82,15,,
https://sendmoneycompare.com/iban/norway,iban/norway,,1,173,"1,339","14:43, 26 Sep, 2026",0,0%,0,0,0%,0,0,77,12,Robots meta tag contains noindex instruction,
https://sendmoneycompare.com/iban/qatar,iban/qatar,,1,169,"1,344","14:43, 26 Sep, 2026",0,0%,0,0,0%,0,0,80,9,Robots meta tag contains noindex instruction,
https://sendmoneycompare.com/iban/north-macedonia,iban/north-macedonia,Republic Of North Macedonia IBAN: 19-Char Format + Example (2026),1,141,749,"14:43, 26 Sep, 2026",19,3%,1,612,82%,9,0,77,11,,
https://sendmoneycompare.com/iban/san-marino,iban/san-marino,San Marino IBAN: 27-Char Format + Example (2026),0,161,896,"14:43, 26 Sep, 2026",238,27%,9,763,85%,13,0,81,5,,
https://sendmoneycompare.com/iban/serbia,iban/serbia,Serbia IBAN: 22-Char Format + Example (2026),0,144,732,"14:43, 26 Sep, 2026",89,12%,13,636,87%,28,0,75,7,,
https://sendmoneycompare.com/iban/slovakia,iban/slovakia,,0,162,857,"14:43, 26 Sep, 2026",0,0%,0,0,0%,0,0,81,5,Robots meta tag contains noindex instruction,
https://sendmoneycompare.com/iban/slovenia,iban/slovenia,Slovenia IBAN: 19-Char Format + Example (2026),1,164,889,"14:43, 26 Sep, 2026",247,28%,9,796,90%,12,0,82,6,,
https://sendmoneycompare.com/iban/timor-leste,iban/timor-leste,Timor-leste IBAN: 23-Char Format + Example (2026),1,139,711,"14:43, 26 Sep, 2026",60,8%,4,625,88%,9,0,77,6,,
https://sendmoneycompare.com/iban/turkey,iban/turkey,,1,175,"1,371","14:43, 26 Sep, 2026",0,0%,0,0,0%,0,0,85,10,Robots meta tag contains noindex instruction,
https://sendmoneycompare.com/iban/ukraine,iban/ukraine,,1,176,"1,365","14:43, 26 Sep, 2026",0,0%,0,0,0%,0,0,84,11,Robots meta tag contains noindex instruction,
https://sendmoneycompare.com/iban/uk,iban/uk,,1,181,"1,077","14:43, 26 Sep, 2026",0,0%,0,0,0%,0,0,81,14,Robots meta tag contains noindex instruction,
https://sendmoneycompare.com/iban/british-virgin-islands,iban/british-virgin-islands,Virgin Islands IBAN: 24-Char Format + Example (2026),0,138,686,"14:43, 26 Sep, 2026",68,10%,3,616,90%,5,0,76,6,,
https://sendmoneycompare.com/send-money?from=USD&to=EUR&amount=1000,send-money?from=USD&to=EUR&amount=1000,https://sendmoneycompare.com/send-money,0,0,0,"00:00, 1 Jan, 1970",0,0%,0,0,0%,0,0,0,5,Canonical ,https://sendmoneycompare.com/send-money
https://sendmoneycompare.com/guides/traveling-multiple-countries-currency-guide,guides/traveling-multiple-countries-currency-guide,Multi-Country Travel | SendMoneyCompare,1,189,"2,296","14:44, 26 Sep, 2026",101,4%,3,348,15%,5,0,83,4,,
https://sendmoneycompare.com/guides/compare-exchange-rates-multiple-currencies,guides/compare-exchange-rates-multiple-currencies,Multi-Currency Exchange Rate Comparison Tool,1,183,"2,098","14:44, 26 Sep, 2026",114,5%,5,378,18%,6,0,79,4,,
https://sendmoneycompare.com/guides/currency-converter-vs-bank-app-travel,guides/currency-converter-vs-bank-app-travel,Currency Converter vs Bank App: Which Rate Wins?,1,180,"1,974","14:44, 26 Sep, 2026",91,5%,4,421,21%,8,0,82,4,,
https://sendmoneycompare.com/swift-codes/australia,swift-codes/australia,,0,184,"1,424","14:44, 26 Sep, 2026",0,0%,0,0,0%,0,0,85,8,Robots meta tag contains noindex instruction,
https://sendmoneycompare.com/swift-codes/brazil,swift-codes/brazil,,0,170,"1,368","14:44, 26 Sep, 2026",0,0%,0,0,0%,0,0,87,6,Robots meta tag contains noindex instruction,
https://sendmoneycompare.com/swift-codes/canada,swift-codes/canada,,0,202,"1,504","14:44, 26 Sep, 2026",0,0%,0,0,0%,0,0,85,7,Robots meta tag contains noindex instruction,
https://sendmoneycompare.com/swift-codes/egypt,swift-codes/egypt,,0,200,"1,540","14:44, 26 Sep, 2026",0,0%,0,0,0%,0,0,85,7,Robots meta tag contains noindex instruction,
https://sendmoneycompare.com/swift-codes/georgia,swift-codes/georgia,,0,298,"1,251","14:44, 26 Sep, 2026",0,0%,0,0,0%,0,0,79,6,Robots meta tag contains noindex instruction,
https://sendmoneycompare.com/swift-codes/hong-kong,swift-codes/hong-kong,,0,164,"1,266","14:44, 26 Sep, 2026",0,0%,0,0,0%,0,0,82,5,Robots meta tag contains noindex instruction,
https://sendmoneycompare.com/swift-codes/indonesia,swift-codes/indonesia,,0,185,"1,428","14:44, 26 Sep, 2026",0,0%,0,0,0%,0,0,85,5,Robots meta tag contains noindex instruction,
https://sendmoneycompare.com/swift-codes/ireland,swift-codes/ireland,,0,172,"1,363","14:44, 26 Sep, 2026",0,0%,0,0,0%,0,0,84,3,Robots meta tag contains noindex instruction,
https://sendmoneycompare.com/swift-codes/japan,swift-codes/japan,,1,189,"1,474","14:44, 26 Sep, 2026",0,0%,0,0,0%,0,0,84,5,Robots meta tag contains noindex instruction,
https://sendmoneycompare.com/swift-codes/malaysia,swift-codes/malaysia,,1,175,"1,351","14:44, 26 Sep, 2026",0,0%,0,0,0%,0,0,83,6,Robots meta tag contains noindex instruction,
https://sendmoneycompare.com/swift-codes/mexico,swift-codes/mexico,Mexico SWIFT/BIC Codes (2026),1,174,"1,539","14:43, 26 Sep, 2026",187,12%,8,656,43%,10,0,85,7,,
https://sendmoneycompare.com/swift-codes/morocco,swift-codes/morocco,,0,190,"1,458","14:44, 26 Sep, 2026",0,0%,0,0,0%,0,0,85,5,Robots meta tag contains noindex instruction,
https://sendmoneycompare.com/swift-codes/netherlands,swift-codes/netherlands,,0,172,"1,268","14:44, 26 Sep, 2026",0,0%,0,0,0%,0,0,84,4,Robots meta tag contains noindex instruction,
https://sendmoneycompare.com/swift-codes/new-zealand,swift-codes/new-zealand,,0,173,"1,377","14:44, 26 Sep, 2026",0,0%,0,0,0%,0,0,82,5,Robots meta tag contains noindex instruction,
https://sendmoneycompare.com/swift-codes/nigeria,swift-codes/nigeria,,0,165,"1,340","14:44, 26 Sep, 2026",0,0%,0,0,0%,0,0,85,9,Robots meta tag contains noindex instruction,
https://sendmoneycompare.com/swift-codes/singapore,swift-codes/singapore,,0,167,"1,299","14:44, 26 Sep, 2026",0,0%,0,0,0%,0,0,86,6,Robots meta tag contains noindex instruction,
https://sendmoneycompare.com/swift-codes/south-africa,swift-codes/south-africa,,0,191,"1,497","14:44, 26 Sep, 2026",0,0%,0,0,0%,0,0,85,5,Robots meta tag contains noindex instruction,
https://sendmoneycompare.com/swift-codes/south-korea,swift-codes/south-korea,,0,172,"1,411","14:44, 26 Sep, 2026",0,0%,0,0,0%,0,0,84,5,Robots meta tag contains noindex instruction,
https://sendmoneycompare.com/swift-codes/thailand,swift-codes/thailand,,0,184,"1,427","14:44, 26 Sep, 2026",0,0%,0,0,0%,0,0,85,5,Robots meta tag contains noindex instruction,
https://sendmoneycompare.com/swift-codes/united-arab-emirates,swift-codes/united-arab-emirates,,0,177,"1,400","14:44, 26 Sep, 2026",0,0%,0,0,0%,0,0,84,8,Robots meta tag contains noindex instruction,
https://sendmoneycompare.com/swift-codes/bosnia-and-herzegovina,swift-codes/bosnia-and-herzegovina,Bosnia and Herzegovina SWIFT/BIC Codes (2026),0,232,"1,061","14:44, 26 Sep, 2026",216,20%,3,517,49%,3,0,76,4,,
https://sendmoneycompare.com/swift-codes/virgin-islands-uk,swift-codes/virgin-islands-uk,British Virgin Islands SWIFT/BIC Codes (2026),0,235,"1,091","14:44, 26 Sep, 2026",109,10%,2,606,56%,4,0,83,5,,
https://sendmoneycompare.com/swift-codes/croatia,swift-codes/croatia,Croatia SWIFT/BIC Codes (2026),0,381,"1,631","14:44, 26 Sep, 2026",260,16%,2,847,52%,5,0,84,5,,
https://sendmoneycompare.com/swift-codes/czech-republic,swift-codes/czech-republic,Czech Republic SWIFT/BIC Codes (2026),0,512,"2,278","14:44, 26 Sep, 2026",949,42%,2,949,42%,2,0,82,5,,
https://sendmoneycompare.com/swift-codes/estonia,swift-codes/estonia,Estonia SWIFT/BIC Codes (2026),0,279,"1,249","14:44, 26 Sep, 2026",62,5%,3,681,55%,7,0,83,5,,
https://sendmoneycompare.com/swift-codes/france,swift-codes/france,France SWIFT/BIC Codes (2026),0,177,"1,355","14:44, 26 Sep, 2026",280,21%,4,805,59%,13,0,84,7,,
https://sendmoneycompare.com/swift-codes/liechtenstein,swift-codes/liechtenstein,Liechtenstein SWIFT/BIC Codes (2026),0,237,"1,052","14:44, 26 Sep, 2026",49,5%,2,573,54%,6,0,79,4,,
https://sendmoneycompare.com/swift-codes/moldova,swift-codes/moldova,Moldova SWIFT/BIC Codes (2026),0,200,867,"14:44, 26 Sep, 2026",484,56%,2,484,56%,2,0,76,3,,
https://sendmoneycompare.com/swift-codes/monaco,swift-codes/monaco,Monaco SWIFT/BIC Codes (2026),0,379,"1,698","14:44, 26 Sep, 2026",188,11%,6,816,48%,7,0,82,5,,
https://sendmoneycompare.com/swift-codes/nepal,swift-codes/nepal,Nepal SWIFT/BIC Codes (2026),0,167,"1,382","14:44, 26 Sep, 2026",102,7%,4,646,47%,5,0,84,5,,
https://sendmoneycompare.com/swift-codes/paraguay,swift-codes/paraguay,Paraguay SWIFT/BIC Codes (2026),0,259,"1,188","14:44, 26 Sep, 2026",78,7%,4,592,50%,10,0,78,4,,
https://sendmoneycompare.com/swift-codes/peru,swift-codes/peru,Peru SWIFT/BIC Codes (2026),0,167,"1,353","14:44, 26 Sep, 2026",381,28%,12,691,51%,34,0,85,5,,
https://sendmoneycompare.com/swift-codes/slovenia,swift-codes/slovenia,Slovenia SWIFT/BIC Codes (2026),0,385,"1,678","14:44, 26 Sep, 2026",801,48%,2,801,48%,2,0,82,4,,
https://sendmoneycompare.com/cash-out/india,cash-out/india,Cash Out Crypto in India (2026)— Cheapest USDT/USDC Off-Ramp,0,119,921,"14:44, 26 Sep, 2026",341,37%,5,579,63%,15,0,73,1,,
https://sendmoneycompare.com/cash-out/philippines,cash-out/philippines,Cash Out Crypto in Philippines (2026)— Cheapest USDT/USDC Off-Ramp,0,117,855,"14:44, 26 Sep, 2026",37,4%,1,483,56%,4,0,73,1,,
https://sendmoneycompare.com/cash-out/nigeria,cash-out/nigeria,Cash Out Crypto in Nigeria (2026)— Cheapest USDT/USDC Off-Ramp,0,118,897,"14:44, 26 Sep, 2026",28,3%,1,580,65%,5,0,72,1,,
https://sendmoneycompare.com/cash-out/mexico,cash-out/mexico,Cash Out Crypto in Mexico (2026)— Cheapest USDT/USDC Off-Ramp,0,117,881,"14:44, 26 Sep, 2026",30,3%,1,576,65%,3,0,70,1,,
https://sendmoneycompare.com/cash-out/kenya,cash-out/kenya,Cash Out Crypto in Kenya (2026)— Cheapest USDT/USDC Off-Ramp,0,117,874,"14:44, 26 Sep, 2026",33,4%,2,588,67%,5,0,71,1,,
https://sendmoneycompare.com/cash-out/brazil,cash-out/brazil,Cash Out Crypto in Brazil (2026)— Cheapest USDT/USDC Off-Ramp,0,116,853,"14:44, 26 Sep, 2026",0,0%,0,550,64%,7,0,71,2,,
https://sendmoneycompare.com/exchange-rates/usd-to-brl,exchange-rates/usd-to-brl,,1,172,"1,491","14:43, 26 Sep, 2026",0,0%,0,0,0%,0,0,82,6,Robots meta tag contains noindex instruction,
https://sendmoneycompare.com/exchange-rates/gbp-to-eur,exchange-rates/gbp-to-eur,,1,166,"1,373","14:44, 26 Sep, 2026",0,0%,0,0,0%,0,0,82,2,Robots meta tag contains noindex instruction,
https://sendmoneycompare.com/companies/ace-money-transfer,companies/ace-money-transfer,ACE Money Transfer Review 2026— Cheaper Options on Your Route?,1,170,"1,503","14:43, 26 Sep, 2026",106,7%,3,501,33%,9,0,81,11,,
https://sendmoneycompare.com/companies/sendwave,companies/sendwave,Sendwave Review 2026— Cheaper Options on Your Route?,1,146,733,"14:43, 26 Sep, 2026",299,41%,16,586,80%,39,0,79,36,,
https://sendmoneycompare.com/companies/profee,companies/profee,Profee Review 2026— Cheaper Options on Your Route?,1,145,703,"14:44, 26 Sep, 2026",54,8%,4,594,84%,8,0,79,8,,
https://sendmoneycompare.com/companies/skyremit,companies/skyremit,SkyRemit Review 2026— Cheaper Options on Your Route?,1,146,720,"14:44, 26 Sep, 2026",92,13%,3,556,77%,4,0,79,9,,
https://sendmoneycompare.com/companies/panda-remit,companies/panda-remit,Panda Remit Review 2026— Cheaper Options on Your Route?,1,146,735,"14:44, 26 Sep, 2026",122,17%,3,574,78%,4,0,79,14,,
https://sendmoneycompare.com/companies/gme-remit,companies/gme-remit,GME Remit Review 2026— Cheaper Options on Your Route?,0,151,838,"14:44, 26 Sep, 2026",118,14%,4,543,65%,5,0,79,2,,
https://sendmoneycompare.com/companies/monese,companies/monese,Monese Review 2026— Cheaper Options on Your Route?,1,147,716,"14:43, 26 Sep, 2026",189,26%,22,600,84%,38,0,79,13,,
https://sendmoneycompare.com/companies/mukuru,companies/mukuru,Mukuru Review 2026— Cheaper Options on Your Route?,1,146,744,"14:43, 26 Sep, 2026",145,19%,13,604,81%,27,0,79,11,,
https://sendmoneycompare.com/companies/koho,companies/koho,KOHO Review 2026— Cheaper Options on Your Route?,1,145,695,"14:44, 26 Sep, 2026",117,17%,6,556,80%,10,0,79,4,,
https://sendmoneycompare.com/companies/fairfx,companies/fairfx,FairFX Review 2026— Cheaper Options on Your Route?,1,146,718,"14:44, 26 Sep, 2026",122,17%,4,583,81%,6,0,79,4,,
https://sendmoneycompare.com/companies/boss-money,companies/boss-money,BOSS Money Review 2026— Cheaper Options on Your Route?,1,147,756,"14:43, 26 Sep, 2026",149,20%,13,607,80%,21,0,80,29,,
https://sendmoneycompare.com/companies/pnb-europe,companies/pnb-europe,PNB Europe Review 2026— Cheaper Options on Your Route?,1,146,717,"14:44, 26 Sep, 2026",146,20%,18,597,83%,32,0,79,5,,
https://sendmoneycompare.com/companies/torfx,companies/torfx,,1,158,925,"14:43, 26 Sep, 2026",0,0%,0,0,0%,0,0,83,20,Robots meta tag contains noindex instruction,
https://sendmoneycompare.com/companies/currencies-direct,companies/currencies-direct,Currencies Direct Review 2026:★4.9 — Cheaper Options on Your Route?,1,147,739,"14:43, 26 Sep, 2026",119,16%,10,616,83%,23,0,79,26,,
https://sendmoneycompare.com/companies/regencyfx,companies/regencyfx,,1,160,"1,109","14:43, 26 Sep, 2026",0,0%,0,0,0%,0,0,83,97,Robots meta tag contains noindex instruction,
https://sendmoneycompare.com/companies/singx,companies/singx,SingX Review 2026— Cheaper Options on Your Route?,1,145,698,"14:44, 26 Sep, 2026",75,11%,8,566,81%,12,0,79,5,,
https://sendmoneycompare.com/companies/moneycorp,companies/moneycorp,Moneycorp Review 2026— Cheaper Options on Your Route?,1,146,712,"14:43, 26 Sep, 2026",176,25%,9,619,87%,15,0,80,22,,
https://sendmoneycompare.com/companies/hsbc,companies/hsbc,HSBC Review 2026— Cheaper Options on Your Route?,1,150,741,"14:43, 26 Sep, 2026",193,26%,19,554,75%,42,0,82,21,,
https://sendmoneycompare.com/companies/nationwide,companies/nationwide,Nationwide Review 2026— Cheaper Options on Your Route?,1,145,700,"14:43, 26 Sep, 2026",93,13%,3,616,88%,9,0,80,10,,
https://sendmoneycompare.com/companies/chase,companies/chase,Chase Review 2026— Cheaper Options on Your Route?,1,150,733,"14:43, 26 Sep, 2026",164,22%,13,646,88%,25,0,82,19,,
https://sendmoneycompare.com/companies/barclays,companies/barclays,Barclays Review 2026— Cheaper Options on Your Route?,1,146,707,"14:43, 26 Sep, 2026",91,13%,10,648,92%,15,0,79,10,,
https://sendmoneycompare.com/companies/commonwealth-bank,companies/commonwealth-bank,Commonwealth Bank Review 2026— Cheaper Options on Your Route?,1,146,703,"14:43, 26 Sep, 2026",118,17%,7,655,93%,13,0,79,8,,
https://sendmoneycompare.com/companies/santander,companies/santander,Santander Review 2026— Cheaper Options on Your Route?,1,145,682,"14:43, 26 Sep, 2026",193,28%,18,629,92%,36,0,79,7,,
https://sendmoneycompare.com/companies/natwest,companies/natwest,NatWest Review 2026— Cheaper Options on Your Route?,1,144,690,"14:43, 26 Sep, 2026",133,19%,7,662,96%,10,0,79,9,,
https://sendmoneycompare.com/companies/united-overseas-bank,companies/united-overseas-bank,United Overseas Bank (UOB) Review 2026— Fees& Rates,1,146,734,"14:44, 26 Sep, 2026",51,7%,4,582,79%,9,0,79,4,,
https://sendmoneycompare.com/companies/lloyds,companies/lloyds,Lloyds Bank Review 2026— Cheaper Options on Your Route?,1,145,709,"14:43, 26 Sep, 2026",127,18%,13,657,93%,22,0,80,8,,
https://sendmoneycompare.com/companies/anz,companies/anz,ANZ Review 2026— Cheaper Options on Your Route?,1,143,690,"14:43, 26 Sep, 2026",89,13%,8,628,91%,18,0,79,9,,
https://sendmoneycompare.com/companies/westpac,companies/westpac,Westpac Review 2026— Cheaper Options on Your Route?,1,145,694,"14:44, 26 Sep, 2026",87,13%,4,646,93%,10,0,80,3,,
https://sendmoneycompare.com/companies/td-bank,companies/td-bank,TD Bank Review 2026— Cheaper Options on Your Route?,1,145,716,"14:44, 26 Sep, 2026",73,10%,6,653,91%,8,0,79,3,,
https://sendmoneycompare.com/companies/scotiabank,companies/scotiabank,Scotiabank Review 2026— Cheaper Options on Your Route?,1,146,715,"14:44, 26 Sep, 2026",150,21%,3,614,86%,6,0,79,3,,
https://sendmoneycompare.com/companies/bank-of-america,companies/bank-of-america,Bank of America Review 2026— Cheaper Options on Your Route?,1,148,740,"14:44, 26 Sep, 2026",91,12%,3,644,87%,6,0,80,3,,
https://sendmoneycompare.com/companies/rbs,companies/rbs,Royal Bank of Scotland Review 2026— Cheaper Options on Your Route?,1,146,738,"14:43, 26 Sep, 2026",160,22%,18,638,86%,35,0,79,9,,
https://sendmoneycompare.com/companies/wells-fargo,companies/wells-fargo,Wells Fargo Review 2026— Cheaper Options on Your Route?,1,148,735,"14:43, 26 Sep, 2026",104,14%,6,648,88%,17,0,80,18,,
https://sendmoneycompare.com/companies/deutsche-bank,companies/deutsche-bank,Deutsche Bank Review 2026— Cheaper Options on Your Route?,1,146,710,"14:43, 26 Sep, 2026",111,16%,6,593,84%,10,0,79,8,,
https://sendmoneycompare.com/compare/xe-vs-western-union,compare/xe-vs-western-union,XE Money Transfer vs Western Union— Fees& Rates (2026),1,188,"1,670","14:44, 26 Sep, 2026",967,58%,15,"1,641",98%,20,0,79,10,,
https://sendmoneycompare.com/news/fednow-cross-border-payments-2026,news/fednow-cross-border-payments-2026,FedNow Opens to Cross-Border Payments | SendMoneyCompare,0,126,908,"14:43, 26 Sep, 2026",46,5%,2,368,41%,4,0,79,4,,
https://sendmoneycompare.com/news/irs-remittance-tax-proposed-regulations-2026,news/irs-remittance-tax-proposed-regulations-2026,IRS Publishes Remittance Tax Rules | SendMoneyCompare,1,126,867,"14:43, 26 Sep, 2026",91,10%,4,414,48%,10,0,83,6,,
https://sendmoneycompare.com/alternatives/western-union,alternatives/western-union,,0,139,915,"14:44, 26 Sep, 2026",0,0%,0,0,0%,0,0,78,2,Robots meta tag contains noindex instruction,
https://sendmoneycompare.com/compare/remitly-vs-xe,compare/remitly-vs-xe,,1,176,"1,596","14:44, 26 Sep, 2026",0,0%,0,0,0%,0,0,80,9,Robots meta tag contains noindex instruction,
https://sendmoneycompare.com/compare/remitly-vs-worldremit,compare/remitly-vs-worldremit,,1,171,"1,254","14:44, 26 Sep, 2026",0,0%,0,0,0%,0,0,78,9,Robots meta tag contains noindex instruction,
https://sendmoneycompare.com/news/global-currency-outlook-may-2026,news/global-currency-outlook-may-2026,Global Currency Outlook May 2026 | SendMoneyCompare,1,153,"2,577","14:43, 26 Sep, 2026",244,9%,5,547,21%,6,0,96,7,,
https://sendmoneycompare.com/alternatives/remitly,alternatives/remitly,,0,139,903,"14:44, 26 Sep, 2026",0,0%,0,0,0%,0,0,79,2,Robots meta tag contains noindex instruction,
https://sendmoneycompare.com/guides/best-apps-to-send-money-from-us-2026,guides/best-apps-to-send-money-from-us-2026,Best Apps to Send Money Abroad from the US (2026) | SendMoneyCompare,0,262,"2,808","14:44, 26 Sep, 2026",88,3%,5,384,14%,9,0,91,2,,
https://sendmoneycompare.com/guides/bank-vs-app-transfer-cost-2026,guides/bank-vs-app-transfer-cost-2026,Bank vs App Transfer Cost Index— 25 September 2026 Data,1,129,851,"14:44, 26 Sep, 2026",110,13%,2,344,40%,7,0,72,9,,
https://sendmoneycompare.com/guides/best-day-to-send-money-abroad,guides/best-day-to-send-money-abroad,"Is It Cheaper to Send Money on a Weekday? We Checked 4,897,234 Quotes",1,160,"1,246","14:44, 26 Sep, 2026",19,2%,1,284,23%,4,0,69,4,,
https://sendmoneycompare.com/guides/fx-cost-vs-purchasing-power,guides/fx-cost-vs-purchasing-power,"The Cheaper the Move, the More Your Transfer Fee Costs You",1,178,"1,110","14:44, 26 Sep, 2026",40,4%,1,307,28%,5,0,70,3,,
https://sendmoneycompare.com/guides/gbp-forecast-2026,guides/gbp-forecast-2026,GBP Forecast 2026: How Far Can the Pound Move?,0,157,"1,826","14:44, 26 Sep, 2026",274,15%,2,274,15%,2,0,70,2,,
https://sendmoneycompare.com/guides/send-money-to-india-guide,guides/send-money-to-india-guide,Best Ways to Send Money to India (2026) | SendMoneyCompare,1,176,"1,755","14:43, 26 Sep, 2026",230,13%,7,544,31%,10,0,88,38,,
https://sendmoneycompare.com/guides/send-money-to-nigeria-guide,guides/send-money-to-nigeria-guide,Cheapest Way to Send Money to Nigeria (2026) | SendMoneyCompare,0,192,"2,130","14:43, 26 Sep, 2026",274,13%,11,595,28%,18,0,83,18,,
https://sendmoneycompare.com/guides/send-money-uk-to-nigeria-guide,guides/send-money-uk-to-nigeria-guide,Send Money from UK to Nigeria | SendMoneyCompare,0,208,"2,677","14:44, 26 Sep, 2026",402,15%,5,706,26%,5,0,87,4,,
https://sendmoneycompare.com/guides/send-money-to-jamaica-guide,guides/send-money-to-jamaica-guide,Send Money to Jamaica | SendMoneyCompare,0,176,"1,518","14:45, 26 Sep, 2026",222,15%,4,551,36%,5,0,79,2,,
https://sendmoneycompare.com/guides/send-money-to-bangladesh-guide,guides/send-money-to-bangladesh-guide,Send Money to Bangladesh | SendMoneyCompare,0,192,"2,213","14:43, 26 Sep, 2026",374,17%,6,679,31%,11,0,83,13,,
https://sendmoneycompare.com/guides/send-money-uk-to-india-guide,guides/send-money-uk-to-india-guide,Send Money from UK to India: Best Ways 2026 | SendMoneyCompare,0,188,"2,250","14:44, 26 Sep, 2026",206,9%,4,499,22%,4,0,81,6,,
https://sendmoneycompare.com/guides/send-money-to-spain-guide,guides/send-money-to-spain-guide,Cheapest Way to Send Money to Spain 2026 | SendMoneyCompare,0,171,"1,523","14:44, 26 Sep, 2026",188,12%,3,444,29%,3,0,81,4,,
https://sendmoneycompare.com/guides/sent-money-to-the-wrong-person,guides/sent-money-to-the-wrong-person,Sent Money to the Wrong Person? Your Rights and Next Steps,0,198,"2,890","14:45, 26 Sep, 2026",91,3%,3,375,13%,4,0,77,2,,
https://sendmoneycompare.com/guides/best-apps-send-money-uk-to-nigeria-2026,guides/best-apps-send-money-uk-to-nigeria-2026,Best Apps to Send Money UK to Nigeria July 2026 | SendMoneyCompare,0,214,"2,484","14:45, 26 Sep, 2026",398,16%,23,695,28%,29,0,105,2,,
https://sendmoneycompare.com/guides/send-money-australia-to-india,guides/send-money-australia-to-india,Send Money from Australia to India | SendMoneyCompare,0,207,"2,291","14:45, 26 Sep, 2026",204,9%,5,540,24%,7,0,116,2,,
https://sendmoneycompare.com/guides/send-money-to-nigeria-from-usa-uk-canada-australia,guides/send-money-to-nigeria-from-usa-uk-canada-australia,Send Money to Nigeria 2026 | SendMoneyCompare,0,192,"2,023","14:45, 26 Sep, 2026",253,13%,2,533,26%,5,0,82,3,,
https://sendmoneycompare.com/guides/fastest-way-to-send-money-internationally,guides/fastest-way-to-send-money-internationally,Fastest Way to Send Money Internationally | SendMoneyCompare,0,197,"2,223","14:44, 26 Sep, 2026",123,6%,3,454,20%,6,0,88,3,,
https://sendmoneycompare.com/guides/money-transfer-promo-codes-referral-programs,guides/money-transfer-promo-codes-referral-programs,Money Transfer Promo Codes July 2026 | SendMoneyCompare,0,237,"3,614","14:44, 26 Sep, 2026",339,9%,1,339,9%,1,0,82,7,,
https://sendmoneycompare.com/guides/send-money-home-ramadan-eid-2026,guides/send-money-home-ramadan-eid-2026,Send Money Home for Ramadan& Eid 2026: Best Rates | SendMoneyCompare,0,191,"2,261","14:44, 26 Sep, 2026",169,7%,5,544,24%,5,0,86,3,,
https://sendmoneycompare.com/guides/multi-currency-account-wars-2026,guides/multi-currency-account-wars-2026,Multi-Currency Account Wars | SendMoneyCompare,0,197,"2,139","14:44, 26 Sep, 2026",215,10%,2,481,22%,4,0,85,2,,
https://sendmoneycompare.com/guides/best-money-transfer-rates-eid-holi-2026,guides/best-money-transfer-rates-eid-holi-2026,Eid& Holi 2026 Transfer Rates Compared,0,243,"4,138","14:44, 26 Sep, 2026",158,4%,4,431,10%,5,0,85,2,,
https://sendmoneycompare.com/guides/best-money-transfer-apps-large-transfers,guides/best-money-transfer-apps-large-transfers,Best Apps for Large International Transfers ($10k+) 2026,0,237,"3,649","14:44, 26 Sep, 2026",203,6%,4,468,13%,5,0,85,2,,
https://sendmoneycompare.com/guides/bank-vs-app-vs-agent-cost-comparison,guides/bank-vs-app-vs-agent-cost-comparison,Bank vs App vs Agent | SendMoneyCompare,0,181,"1,872","14:44, 26 Sep, 2026",149,8%,4,451,24%,7,0,86,2,,
https://sendmoneycompare.com/guides/ramadan-2026-money-transfer-deals-promotions,guides/ramadan-2026-money-transfer-deals-promotions,Ramadan 2026 Money Transfer Deals | SendMoneyCompare,0,174,"1,621","14:44, 26 Sep, 2026",330,20%,1,330,20%,1,0,88,2,,
https://sendmoneycompare.com/guides/xe-tax-season-cross-border-money-2026,guides/xe-tax-season-cross-border-money-2026,Moving Money for Tax Season 2026 | SendMoneyCompare,0,230,"3,806","14:44, 26 Sep, 2026",133,3%,2,389,10%,4,0,85,3,,
https://sendmoneycompare.com/guides/top-money-transfer-apps-usa-to-india-2026,guides/top-money-transfer-apps-usa-to-india-2026,Top Money Transfer Apps: USA to India 2026 | SendMoneyCompare,0,213,"3,122","14:44, 26 Sep, 2026",122,4%,2,423,14%,4,0,84,3,,
https://sendmoneycompare.com/guides/monito-alternatives,guides/monito-alternatives,Monito Alternatives: Best Money Transfer Comparison Sites 2026,0,198,"2,390","14:44, 26 Sep, 2026",131,5%,2,394,16%,4,0,81,3,,
https://sendmoneycompare.com/guides/are-wire-transfers-safe,guides/are-wire-transfers-safe,Are Wire Transfers Safe? | SendMoneyCompare,0,191,"2,381","14:44, 26 Sep, 2026",133,6%,3,434,18%,5,0,78,4,,
https://sendmoneycompare.com/guides/us-remittance-tax-2026,guides/us-remittance-tax-2026,US Remittance Tax 2026 | SendMoneyCompare,0,211,"2,565","14:44, 26 Sep, 2026",156,6%,4,446,17%,6,0,91,22,,
https://sendmoneycompare.com/guides/crypto-banking-licenses-2026,guides/crypto-banking-licenses-2026,Crypto Banking Licenses 2026 | SendMoneyCompare,0,213,"2,705","14:44, 26 Sep, 2026",120,4%,5,444,16%,5,0,85,6,,
https://sendmoneycompare.com/guides/revolut-us-banking-license-2026,guides/revolut-us-banking-license-2026,Revolut US Banking License 2026: What It Means | SendMoneyCompare,0,188,"1,929","14:44, 26 Sep, 2026",44,2%,2,286,15%,3,0,82,3,,
https://sendmoneycompare.com/guides/eu-instant-payments-2026,guides/eu-instant-payments-2026,EU Instant Payments 2026 | SendMoneyCompare,0,187,"1,924","14:44, 26 Sep, 2026",104,5%,3,394,20%,4,0,82,3,,
https://sendmoneycompare.com/guides/how-euribor-affects-euro-transfers,guides/how-euribor-affects-euro-transfers,How Euribor Affects Euro Transfers Abroad | SendMoneyCompare,0,194,"2,326","14:43, 26 Sep, 2026",99,4%,3,384,17%,6,0,85,11,,
https://sendmoneycompare.com/guides/hidden-fees-international-transfers,guides/hidden-fees-international-transfers,Hidden International Transfer Fees: What Banks Don't Show,0,187,"2,144","14:44, 26 Sep, 2026",186,9%,10,507,24%,14,0,82,6,,
https://sendmoneycompare.com/guides/stablecoin-international-transfers-guide,guides/stablecoin-international-transfers-guide,Sending Money Abroad with Stablecoins in 2026 | SendMoneyCompare,0,189,"2,291","14:44, 26 Sep, 2026",156,7%,2,392,17%,3,0,81,2,,
https://sendmoneycompare.com/guides/how-to-send-large-amounts-internationally,guides/how-to-send-large-amounts-internationally,How to Send Large Amounts Internationally | SendMoneyCompare,0,203,"2,652","14:44, 26 Sep, 2026",187,7%,6,511,19%,7,0,83,4,,
https://sendmoneycompare.com/guides/authorization-vs-settlement-stablecoins,guides/authorization-vs-settlement-stablecoins,Why“Payment Approved” Isn’t Real Money | SendMoneyCompare,0,205,"2,281","14:44, 26 Sep, 2026",327,14%,2,327,14%,2,0,80,3,,
https://sendmoneycompare.com/guides/stablecoin-vs-wire-transfer-comparison,guides/stablecoin-vs-wire-transfer-comparison,Stablecoin vs Wire Transfer vs Wise | SendMoneyCompare,0,179,"1,570","14:44, 26 Sep, 2026",90,6%,2,353,22%,3,0,82,4,,
https://sendmoneycompare.com/guides/money-transfer-limits-by-provider-country,guides/money-transfer-limits-by-provider-country,International Transfer Limits by Provider (2026) | SendMoneyCompare,0,184,"1,780","14:44, 26 Sep, 2026",103,6%,3,428,24%,6,0,81,3,,
https://sendmoneycompare.com/guides/ofx-review-2026,guides/ofx-review-2026,OFX Review 2026 | SendMoneyCompare,0,201,"2,496","14:45, 26 Sep, 2026",166,7%,7,472,19%,11,0,78,2,,
https://sendmoneycompare.com/guides/send-money-to-india-cash-pickup-ria,guides/send-money-to-india-cash-pickup-ria,Send Money to India via Ria Cash Pickup | SendMoneyCompare,0,221,"3,284","14:44, 26 Sep, 2026",135,4%,4,459,14%,6,0,85,2,,
https://sendmoneycompare.com/guides/taptap-send-vs-wise-remitly-usd-to-pkr,guides/taptap-send-vs-wise-remitly-usd-to-pkr,TapTap Send vs Wise vs Remitly vs XE: USD to PKR | SendMoneyCompare,0,211,"2,638","14:44, 26 Sep, 2026",209,8%,12,501,19%,18,0,106,2,,
https://sendmoneycompare.com/guides/best-money-transfer-apps-china-yuan,guides/best-money-transfer-apps-china-yuan,Best Apps to Send CNY from China (2026),0,200,"2,281","14:44, 26 Sep, 2026",41,2%,2,282,12%,4,0,84,3,,
https://sendmoneycompare.com/guides/xe-money-transfer-review-rates,guides/xe-money-transfer-review-rates,"XE Money Transfer Review 2026: Fees, Rates& Real Markup Data",0,210,"3,116","14:44, 26 Sep, 2026",108,3%,4,382,12%,4,0,84,3,,
https://sendmoneycompare.com/guides/remitly-performance-to-send-money-internationally,guides/remitly-performance-to-send-money-internationally,Remitly Review 2026: 6-Month Rate& Fee Performance,0,195,"2,406","14:44, 26 Sep, 2026",66,3%,4,361,15%,7,0,84,2,,
https://sendmoneycompare.com/guides/how-to-send-money-to-india-2026,guides/how-to-send-money-to-india-2026,How to Send Money to India Internationally | SendMoneyCompare,0,295,"5,802","14:44, 26 Sep, 2026",166,3%,4,473,8%,6,0,89,2,,
https://sendmoneycompare.com/guides/send-money-to-india-from-usa-guide,guides/send-money-to-india-from-usa-guide,Send Money from USA to India | SendMoneyCompare,0,291,"5,302","14:44, 26 Sep, 2026",403,8%,10,683,13%,12,0,115,4,,
https://sendmoneycompare.com/guides/send-money-uae-to-pakistan-guide,guides/send-money-uae-to-pakistan-guide,Send Money from UAE to Pakistan 2026 | SendMoneyCompare,0,280,"5,221","14:44, 26 Sep, 2026",278,5%,5,583,11%,8,0,88,4,,
https://sendmoneycompare.com/guides/send-money-to-kenya-from-usa-guide,guides/send-money-to-kenya-from-usa-guide,Send Money to Kenya from USA | SendMoneyCompare,0,187,"1,762","14:44, 26 Sep, 2026",263,15%,5,648,37%,7,0,81,2,,
https://sendmoneycompare.com/guides/send-money-to-egypt-guide,guides/send-money-to-egypt-guide,Send Money to Egypt 2026 | SendMoneyCompare,0,245,"3,963","14:44, 26 Sep, 2026",330,8%,7,621,16%,10,0,88,6,,
https://sendmoneycompare.com/guides/send-money-to-sri-lanka-guide,guides/send-money-to-sri-lanka-guide,Send Money to Sri Lanka | SendMoneyCompare,0,174,"1,370","14:44, 26 Sep, 2026",198,14%,5,525,38%,8,0,80,4,,
https://sendmoneycompare.com/guides/send-money-to-pakistan-guide,guides/send-money-to-pakistan-guide,Best Way to Send Money to Pakistan 2026 | SendMoneyCompare,0,207,"2,430","14:43, 26 Sep, 2026",611,25%,13,952,39%,18,0,87,21,,
https://sendmoneycompare.com/guides/send-money-to-philippines-guide,guides/send-money-to-philippines-guide,Send Money to the Philippines: Cheapest Ways 2026 | SendMoneyCompare,1,205,"2,636","14:43, 26 Sep, 2026",660,25%,12,958,36%,19,0,84,24,,
https://sendmoneycompare.com/guides/send-money-to-brazil-guide,guides/send-money-to-brazil-guide,Send Money to Brazil 2026 | SendMoneyCompare,0,242,"5,006","14:44, 26 Sep, 2026",123,2%,3,415,8%,4,0,85,3,,
https://sendmoneycompare.com/guides/send-money-to-mexico-guide,guides/send-money-to-mexico-guide,Cheapest Way to Send Money to Mexico (2026) | SendMoneyCompare,0,191,"1,954","14:43, 26 Sep, 2026",629,32%,10,935,48%,17,0,86,14,,
https://sendmoneycompare.com/guides/send-money-usa-to-mexico-cost-guide,guides/send-money-usa-to-mexico-cost-guide,USA to Mexico Money Transfer | SendMoneyCompare,0,235,"4,136","14:44, 26 Sep, 2026",239,6%,8,538,13%,10,0,88,2,,
https://sendmoneycompare.com/guides/send-money-canada-to-india-guide,guides/send-money-canada-to-india-guide,Send Money from Canada to India: Best Ways in 2026 | SendMoneyCompare,0,200,"2,413","14:44, 26 Sep, 2026",550,23%,9,883,37%,15,0,86,3,,
https://sendmoneycompare.com/guides/send-money-to-nepal-guide,guides/send-money-to-nepal-guide,Best Way to Send Money to Nepal 2026 | SendMoneyCompare,0,211,"2,899","14:44, 26 Sep, 2026",308,11%,10,607,21%,13,0,84,2,,
https://sendmoneycompare.com/guides/send-money-to-morocco-guide,guides/send-money-to-morocco-guide,Cheapest Way to Send Money to Morocco | SendMoneyCompare,0,220,"2,638","14:44, 26 Sep, 2026",183,7%,4,525,20%,5,0,113,4,,
https://sendmoneycompare.com/guides/send-money-to-romania-guide,guides/send-money-to-romania-guide,Cheapest Way to Send Money to Romania | SendMoneyCompare,1,205,"2,484","14:44, 26 Sep, 2026",260,10%,4,597,24%,4,0,86,7,,
https://sendmoneycompare.com/guides/send-money-uk-to-bangladesh-guide,guides/send-money-uk-to-bangladesh-guide,Send Money from UK to Bangladesh: Best Ways in 2026 | SendMoneyCompare,0,213,"2,834","14:44, 26 Sep, 2026",507,18%,4,906,32%,6,0,82,2,,
https://sendmoneycompare.com/guides/send-money-to-kenya-guide,guides/send-money-to-kenya-guide,Cheapest Way to Send Money to Kenya | SendMoneyCompare,0,207,"2,507","14:44, 26 Sep, 2026",812,32%,12,"1,173",47%,14,0,86,9,,
https://sendmoneycompare.com/guides/send-money-to-south-africa-guide,guides/send-money-to-south-africa-guide,Cheapest Way to Send Money to South Africa | SendMoneyCompare,0,212,"2,680","14:44, 26 Sep, 2026",631,24%,7,"1,068",40%,8,0,85,7,,
https://sendmoneycompare.com/guides/send-money-to-colombia-guide,guides/send-money-to-colombia-guide,Cheapest Way to Send Money to Colombia 2026 | SendMoneyCompare,0,198,"2,353","14:44, 26 Sep, 2026",124,5%,4,406,17%,4,0,83,4,,
https://sendmoneycompare.com/guides/send-money-to-poland-guide,guides/send-money-to-poland-guide,Cheapest Way to Send Money to Poland | SendMoneyCompare,0,198,"2,510","14:44, 26 Sep, 2026",254,10%,4,624,25%,7,0,84,5,,
https://sendmoneycompare.com/guides/send-money-uae-to-india-guide,guides/send-money-uae-to-india-guide,Send Money from UAE to India 2026 (AED to INR) | SendMoneyCompare,0,204,"2,428","14:44, 26 Sep, 2026",557,23%,13,883,36%,17,0,84,4,,
https://sendmoneycompare.com/guides/send-money-to-china-guide,guides/send-money-to-china-guide,How to Send Money to China from the USA (2026) | SendMoneyCompare,0,211,"2,802","14:44, 26 Sep, 2026",569,20%,20,882,31%,23,0,82,8,,
https://sendmoneycompare.com/guides/send-money-to-vietnam-guide,guides/send-money-to-vietnam-guide,Send Money to Vietnam | SendMoneyCompare,0,180,"1,480","14:44, 26 Sep, 2026",385,26%,6,813,55%,8,0,81,4,,
https://sendmoneycompare.com/guides/send-money-to-turkey-guide,guides/send-money-to-turkey-guide,Send Money to Turkey | SendMoneyCompare,0,182,"1,593","14:44, 26 Sep, 2026",403,25%,9,749,47%,13,0,85,3,,
https://sendmoneycompare.com/guides/send-money-to-uk-guide,guides/send-money-to-uk-guide,Cheapest Way to Send Money to the UK 2026 | SendMoneyCompare,0,206,"3,072","14:44, 26 Sep, 2026",497,16%,9,794,26%,13,0,88,9,,
https://sendmoneycompare.com/guides/send-money-to-south-korea-guide,guides/send-money-to-south-korea-guide,Cheapest Way to Send Money to South Korea | SendMoneyCompare,0,208,"3,027","14:44, 26 Sep, 2026",380,13%,4,695,23%,7,0,84,2,,
https://sendmoneycompare.com/guides/send-money-to-australia-guide,guides/send-money-to-australia-guide,Cheapest Way to Send Money to Australia | SendMoneyCompare,0,216,"3,296","14:44, 26 Sep, 2026",176,5%,4,480,15%,4,0,86,4,,
https://sendmoneycompare.com/guides/send-money-to-ethiopia-guide,guides/send-money-to-ethiopia-guide,Cheapest Way to Send Money to Ethiopia 2026 | SendMoneyCompare,0,177,"1,634","14:44, 26 Sep, 2026",214,13%,9,501,31%,12,0,80,4,,
https://sendmoneycompare.com/guides/how-to-send-money-from-china,guides/how-to-send-money-from-china,How to Send Money from China (CNY) Abroad 2026 | SendMoneyCompare,0,217,"3,475","14:44, 26 Sep, 2026",372,11%,1,372,11%,1,0,81,4,,
https://sendmoneycompare.com/guides/receive-international-payments-freelancer,guides/receive-international-payments-freelancer,Receiving International Payments as a Freelancer: What to Use,0,187,"2,640","14:44, 26 Sep, 2026",120,5%,5,432,16%,9,0,79,2,,
https://sendmoneycompare.com/guides/b2b-international-payments-guide,guides/b2b-international-payments-guide,B2B International Payments 2026 | SendMoneyCompare,0,192,"2,363","14:44, 26 Sep, 2026",160,7%,3,414,18%,3,0,80,2,,
https://sendmoneycompare.com/guides/how-to-pay-international-freelancers-contractors,guides/how-to-pay-international-freelancers-contractors,How to Pay International Freelancers in 2026 | SendMoneyCompare,0,234,"4,166","14:44, 26 Sep, 2026",98,2%,3,387,9%,4,0,82,4,,
https://sendmoneycompare.com/guides/business-international-payments-guide,guides/business-international-payments-guide,International Business Payments: Wise vs OFX vs Revolut (2026),1,219,"2,994","14:44, 26 Sep, 2026",281,9%,9,531,18%,12,0,86,33,,
https://sendmoneycompare.com/guides/business-money-transfers-provider-review,guides/business-money-transfers-provider-review,Best International Money Transfer for Business 2026 | SendMoneyCompare,0,219,"3,181","14:44, 26 Sep, 2026",206,6%,8,522,16%,11,0,83,12,,
https://sendmoneycompare.com/guides/how-to-pay-international-suppliers,guides/how-to-pay-international-suppliers,How to Pay International Suppliers in 2026 | SendMoneyCompare,1,179,"1,735","14:44, 26 Sep, 2026",118,7%,4,474,27%,6,0,83,16,,
https://sendmoneycompare.com/guides/international-payroll-pay-remote-teams,guides/international-payroll-pay-remote-teams,International Payroll | SendMoneyCompare,0,177,"1,631","14:44, 26 Sep, 2026",106,6%,3,440,27%,5,0,81,2,,
https://sendmoneycompare.com/guides/fx-hedging-strategies-small-business,guides/fx-hedging-strategies-small-business,FX Hedging for Small Business | SendMoneyCompare,0,175,"1,682","14:44, 26 Sep, 2026",131,8%,4,476,28%,7,0,80,13,,
https://sendmoneycompare.com/guides/invoicing-international-clients-multiple-currencies,guides/invoicing-international-clients-multiple-currencies,Invoicing International Clients: Multi-Currency Guide,0,177,"1,708","14:44, 26 Sep, 2026",146,9%,2,381,22%,3,0,79,2,,
https://sendmoneycompare.com/guides/business-payments-usa-to-canada,guides/business-payments-usa-to-canada,USA to Canada Business Payments | SendMoneyCompare,0,185,"1,922","14:44, 26 Sep, 2026",394,20%,3,805,42%,7,0,88,2,,
https://sendmoneycompare.com/guides/business-payments-usa-to-uk,guides/business-payments-usa-to-uk,USA to UK Business Payments: USD to GBP Guide 2026 | SendMoneyCompare,1,179,"1,705","14:44, 26 Sep, 2026",426,25%,9,"1,041",61%,14,0,92,6,,
https://sendmoneycompare.com/guides/business-payments-usa-to-india,guides/business-payments-usa-to-india,USA to India Business Payments | SendMoneyCompare,1,191,"2,204","14:44, 26 Sep, 2026",352,16%,4,"1,058",48%,7,0,92,6,,
https://sendmoneycompare.com/guides/business-payments-usa-to-mexico,guides/business-payments-usa-to-mexico,USA to Mexico Business Payments | SendMoneyCompare,0,179,"1,638","14:44, 26 Sep, 2026",219,13%,7,934,57%,7,0,90,2,,
https://sendmoneycompare.com/guides/business-payments-usa-to-europe,guides/business-payments-usa-to-europe,USA to Europe Business Payments | SendMoneyCompare,1,180,"1,720","14:44, 26 Sep, 2026",357,21%,7,984,57%,11,0,92,6,,
https://sendmoneycompare.com/guides/business-payments-uk-to-europe,guides/business-payments-uk-to-europe,UK to Europe Business Payments | SendMoneyCompare,1,180,"1,678","14:44, 26 Sep, 2026",299,18%,3,872,52%,7,0,94,3,,
https://sendmoneycompare.com/guides/business-payments-uk-to-india,guides/business-payments-uk-to-india,UK to India Business Payments | SendMoneyCompare,1,180,"1,648","14:44, 26 Sep, 2026",356,22%,4,952,58%,7,0,93,3,,
https://sendmoneycompare.com/guides/business-payments-usa-to-philippines,guides/business-payments-usa-to-philippines,USA to Philippines Business Payments | SendMoneyCompare,0,179,"1,641","14:44, 26 Sep, 2026",447,27%,4,794,48%,8,0,90,2,,
https://sendmoneycompare.com/guides/business-payments-usa-to-china,guides/business-payments-usa-to-china,USA to China Business Payments | SendMoneyCompare,1,184,"2,160","14:44, 26 Sep, 2026",457,21%,3,692,32%,3,0,84,5,,
https://sendmoneycompare.com/guides/lowest-fx-fees-business-payments-2026,guides/lowest-fx-fees-business-payments-2026,Lowest Business FX Fees 2026 | SendMoneyCompare,1,243,"4,080","14:44, 26 Sep, 2026",135,3%,3,455,11%,7,0,82,4,,
https://sendmoneycompare.com/guides/bulk-international-payments-guide,guides/bulk-international-payments-guide,Bulk International Payments | SendMoneyCompare,0,273,"5,377","14:44, 26 Sep, 2026",123,2%,4,429,8%,7,0,80,2,,
https://sendmoneycompare.com/guides/xe-business-payments-review,guides/xe-business-payments-review,Xe Business Payments Review 2026 | SendMoneyCompare,0,221,"3,187","14:44, 26 Sep, 2026",97,3%,3,449,14%,4,0,79,3,,
https://sendmoneycompare.com/guides/remittance-cost-transparency-study,guides/remittance-cost-transparency-study,"True Cost of a Money Transfer: 74,044 Quotes Measured",0,293,"5,195","14:44, 26 Sep, 2026",141,3%,5,426,8%,5,0,97,2,,
https://sendmoneycompare.com/guides/wise-vs-remitly-vs-xoom-vs-xe,guides/wise-vs-remitly-vs-xoom-vs-xe,Wise vs Remitly vs Xoom vs XE— Measured Cost Comparison,0,184,"2,304","14:44, 26 Sep, 2026",116,5%,4,405,18%,5,0,81,2,,
https://sendmoneycompare.com/guides/average-remittance-fees-2026,guides/average-remittance-fees-2026,Average Remittance Fees 2026 | SendMoneyCompare,0,189,"2,065","14:44, 26 Sep, 2026",146,7%,4,406,20%,5,0,81,4,,
https://sendmoneycompare.com/guides/global-remittance-trends-2026,guides/global-remittance-trends-2026,International Money Transfer Statistics 2026 | SendMoneyCompare,0,200,"2,179","14:43, 26 Sep, 2026",235,11%,10,524,24%,16,0,84,22,,
https://sendmoneycompare.com/guides/us-dollar-forecast-2026,guides/us-dollar-forecast-2026,USD Dollar Index Forecast 2026: 6 Bank DXY Targets | SendMoneyCompare,0,206,"2,219","14:44, 26 Sep, 2026",140,6%,9,472,21%,15,0,86,7,,
https://sendmoneycompare.com/guides/pakistan-rupee-forecast-2026,guides/pakistan-rupee-forecast-2026,Pakistan Rupee Forecast 2026 | SendMoneyCompare,0,262,"5,470","14:44, 26 Sep, 2026",361,7%,2,361,7%,2,0,81,2,,
https://sendmoneycompare.com/guides/euro-forecast-2026,guides/euro-forecast-2026,Euro Forecast 2026–2027: EUR vs US Dollar | SendMoneyCompare,0,190,"2,106","14:44, 26 Sep, 2026",129,6%,2,378,18%,5,0,84,4,,
https://sendmoneycompare.com/guides/pakistan-remittance-loss-2026,guides/pakistan-remittance-loss-2026,Pakistan Remittance Losses 2026: The Real Cost,0,234,"3,436","14:44, 26 Sep, 2026",186,5%,14,461,13%,33,0,88,2,,
https://sendmoneycompare.com/compare/ofx-vs-xe,compare/ofx-vs-xe,OFX vs XE Money Transfer— Fees& Rates (2026),1,178,"1,875","14:44, 26 Sep, 2026",230,12%,3,623,33%,5,0,80,7,,
https://sendmoneycompare.com/compare/ofx-vs-moneygram,compare/ofx-vs-moneygram,,1,171,"1,396","14:44, 26 Sep, 2026",0,0%,0,0,0%,0,0,80,7,Robots meta tag contains noindex instruction,
https://sendmoneycompare.com/news/inr-weakest-year-send-money-india-april-2026,news/inr-weakest-year-send-money-india-april-2026,INR at 92.98/USD (April 2026) | SendMoneyCompare,1,139,"1,551","14:43, 26 Sep, 2026",193,12%,5,526,34%,9,0,91,9,,
https://sendmoneycompare.com/business/compare,business/compare,Best Business Payment Providers Compared (25 September 2026),1,262,"2,841","14:43, 26 Sep, 2026",73,3%,2,307,11%,4,0,83,36,,
https://sendmoneycompare.com/transfer-cost-by-amount,transfer-cost-by-amount,"$100 vs $1,000 Transfers: Who Is Cheapest at Each?",0,212,"1,351","14:44, 26 Sep, 2026",394,29%,2,394,29%,2,0,86,4,,
https://sendmoneycompare.com/business/small-business,business/small-business,Small Business International Payments— Cheapest Providers (2026),0,184,"3,250","14:44, 26 Sep, 2026",345,11%,3,835,26%,5,0,89,5,,
https://sendmoneycompare.com/business/bulk-payments,business/bulk-payments,Bulk International Payments— Compare Batch Payment Providers (2026),0,176,"2,886","14:44, 26 Sep, 2026",267,9%,6,752,26%,7,0,89,5,,
https://sendmoneycompare.com/business/vendor-payments,business/vendor-payments,International Vendor Payments— Cheapest Way to Pay Suppliers (2026),0,177,"3,024","14:44, 26 Sep, 2026",462,15%,5,836,28%,8,0,89,4,,
https://sendmoneycompare.com/business/b2b-transfers,business/b2b-transfers,B2B International Money Transfer— Compare Business Providers (2026),0,218,"5,154","14:44, 26 Sep, 2026",346,7%,4,820,16%,6,0,90,6,,
https://sendmoneycompare.com/compare/wise-vs-xe,compare/wise-vs-xe,,1,172,"1,465","14:44, 26 Sep, 2026",0,0%,0,0,0%,0,0,79,10,Robots meta tag contains noindex instruction,
https://sendmoneycompare.com/alternatives/wise,alternatives/wise,,0,134,881,"14:44, 26 Sep, 2026",0,0%,0,0,0%,0,0,79,2,Robots meta tag contains noindex instruction,
https://sendmoneycompare.com/compare/wise-vs-taptap-send,compare/wise-vs-taptap-send,,1,170,"1,487","14:44, 26 Sep, 2026",0,0%,0,0,0%,0,0,76,4,Robots meta tag contains noindex instruction,
https://sendmoneycompare.com/compare/remitly-vs-taptap-send,compare/remitly-vs-taptap-send,,1,171,"1,370","14:44, 26 Sep, 2026",0,0%,0,0,0%,0,0,77,8,Robots meta tag contains noindex instruction,
https://sendmoneycompare.com/compare/moneygram-vs-taptap-send,compare/moneygram-vs-taptap-send,,1,172,"1,476","14:44, 26 Sep, 2026",0,0%,0,0,0%,0,0,78,5,Robots meta tag contains noindex instruction,
https://sendmoneycompare.com/news/mexico-62b-remittance-corridor-goes-digital-2026,news/mexico-62b-remittance-corridor-goes-digital-2026,Mexico's $62B Remittance Corridor Goes Digital | SendMoneyCompare,0,127,"1,005","14:44, 26 Sep, 2026",71,7%,4,362,36%,5,0,84,2,,
https://sendmoneycompare.com/news/rwanda-launches-national-fintech-centre-2026,news/rwanda-launches-national-fintech-centre-2026,Analysis: Rwanda's Ambitions as Africa's Fintech Hub and What It…,0,124,765,"14:44, 26 Sep, 2026",264,35%,1,264,35%,1,0,79,2,,
https://sendmoneycompare.com/compare/moneygram-vs-worldremit,compare/moneygram-vs-worldremit,,1,177,"1,620","14:44, 26 Sep, 2026",0,0%,0,0,0%,0,0,80,4,Robots meta tag contains noindex instruction,
https://sendmoneycompare.com/compare/moneygram-vs-revolut,compare/moneygram-vs-revolut,MoneyGram vs Revolut— Fees& Rates (2026),1,187,"1,552","14:44, 26 Sep, 2026",588,38%,9,"1,456",94%,10,0,81,8,,
https://sendmoneycompare.com/compare/xe-vs-worldremit,compare/xe-vs-worldremit,XE Money Transfer vs WorldRemit— Fees& Rates (2026),0,188,"1,622","14:44, 26 Sep, 2026",540,33%,5,"1,573",97%,8,0,80,6,,
https://sendmoneycompare.com/news/pakistan-record-41-billion-remittance-2026,news/pakistan-record-41-billion-remittance-2026,Pakistan Remittances Hit Record $41 Billion in 2026 | SendMoneyCompare,1,138,"1,466","14:43, 26 Sep, 2026",72,5%,4,363,25%,6,0,90,7,,
https://sendmoneycompare.com/news/revolut-africa-14-corridors-airtel-mtn-orange-money-2026,news/revolut-africa-14-corridors-airtel-mtn-orange-money-2026,Revolut Adds 14 Africa Corridors (April 2026) | SendMoneyCompare,1,137,"1,239","14:43, 26 Sep, 2026",78,6%,3,357,29%,6,0,92,7,,
https://sendmoneycompare.com/alternatives/worldremit,alternatives/worldremit,,0,139,901,"14:44, 26 Sep, 2026",0,0%,0,0,0%,0,0,78,2,Robots meta tag contains noindex instruction,
https://sendmoneycompare.com/send-money?from=USD&to=EUR&amount=2850,send-money?from=USD&to=EUR&amount=2850,https://sendmoneycompare.com/send-money,0,0,0,"00:00, 1 Jan, 1970",0,0%,0,0,0%,0,0,0,1,Canonical ,https://sendmoneycompare.com/send-money
https://sendmoneycompare.com/send-money?from=USD&to=EUR&amount=1650,send-money?from=USD&to=EUR&amount=1650,https://sendmoneycompare.com/send-money,0,0,0,"00:00, 1 Jan, 1970",0,0%,0,0,0%,0,0,0,1,Canonical ,https://sendmoneycompare.com/send-money
https://sendmoneycompare.com/send-money?from=USD&to=EUR&amount=2450,send-money?from=USD&to=EUR&amount=2450,https://sendmoneycompare.com/send-money,0,0,0,"00:00, 1 Jan, 1970",0,0%,0,0,0%,0,0,0,1,Canonical ,https://sendmoneycompare.com/send-money
https://sendmoneycompare.com/send-money?from=USD&to=PLN&amount=850,send-money?from=USD&to=PLN&amount=850,https://sendmoneycompare.com/send-money,0,0,0,"00:00, 1 Jan, 1970",0,0%,0,0,0%,0,0,0,1,Canonical ,https://sendmoneycompare.com/send-money
https://sendmoneycompare.com/news/eu-instant-payments-mandate-2026,news/eu-instant-payments-mandate-2026,SEPA Instant Payments 2026: Free 10-Second Transfers Now Mandatory,1,124,801,"14:43, 26 Sep, 2026",43,5%,2,320,40%,7,0,82,8,,
https://sendmoneycompare.com/send-money?from=USD&to=AED&amount=850,send-money?from=USD&to=AED&amount=850,https://sendmoneycompare.com/send-money,0,0,0,"00:00, 1 Jan, 1970",0,0%,0,0,0%,0,0,0,1,Canonical ,https://sendmoneycompare.com/send-money
https://sendmoneycompare.com/send-money?from=USD&to=EUR&amount=3350,send-money?from=USD&to=EUR&amount=3350,https://sendmoneycompare.com/send-money,0,0,0,"00:00, 1 Jan, 1970",0,0%,0,0,0%,0,0,0,1,Canonical ,https://sendmoneycompare.com/send-money
https://sendmoneycompare.com/send-money?from=USD&to=EUR&amount=950,send-money?from=USD&to=EUR&amount=950,https://sendmoneycompare.com/send-money,0,0,0,"00:00, 1 Jan, 1970",0,0%,0,0,0%,0,0,0,1,Canonical ,https://sendmoneycompare.com/send-money
https://sendmoneycompare.com/send-money?from=USD&to=EUR&amount=3050,send-money?from=USD&to=EUR&amount=3050,https://sendmoneycompare.com/send-money,0,0,0,"00:00, 1 Jan, 1970",0,0%,0,0,0%,0,0,0,1,Canonical ,https://sendmoneycompare.com/send-money
https://sendmoneycompare.com/api/ai,api/ai,,0,34,"4,527","14:45, 26 Sep, 2026",27,1%,1,27,1%,1,0,0,1,,
https://sendmoneycompare.com/openapi.json,openapi.json,,0,0,0,"00:00, 1 Jan, 1970",0,0%,0,0,0%,0,0,0,1,Non-HTML - Siteliner can only analyze HTML web pages.,
https://sendmoneycompare.com/.well-known/ai-plugin.json,.well-known/ai-plugin.json,,0,0,0,"00:00, 1 Jan, 1970",0,0%,0,0,0%,0,0,0,1,Non-HTML - Siteliner can only analyze HTML web pages.,
https://sendmoneycompare.com/llms.txt,llms.txt,,0,0,0,"00:00, 1 Jan, 1970",0,0%,0,0,0%,0,0,0,1,Non-HTML - Siteliner can only analyze HTML web pages.,
https://sendmoneycompare.com/gpt-instructions.md,gpt-instructions.md,,0,0,0,"00:00, 1 Jan, 1970",0,0%,0,0,0%,0,0,0,1,Non-HTML - Siteliner can only analyze HTML web pages.,
https://sendmoneycompare.com/send-money?from=USD&to=SEK&amount=850,send-money?from=USD&to=SEK&amount=850,https://sendmoneycompare.com/send-money,0,0,0,"00:00, 1 Jan, 1970",0,0%,0,0,0%,0,0,0,1,Canonical ,https://sendmoneycompare.com/send-money
https://sendmoneycompare.com/send-money?from=USD&to=EUR&amount=1950,send-money?from=USD&to=EUR&amount=1950,https://sendmoneycompare.com/send-money,0,0,0,"00:00, 1 Jan, 1970",0,0%,0,0,0%,0,0,0,1,Canonical ,https://sendmoneycompare.com/send-money
https://sendmoneycompare.com/send-money?from=USD&to=EUR&amount=3250,send-money?from=USD&to=EUR&amount=3250,https://sendmoneycompare.com/send-money,0,0,0,"00:00, 1 Jan, 1970",0,0%,0,0,0%,0,0,0,1,Canonical ,https://sendmoneycompare.com/send-money
https://sendmoneycompare.com/send-money?from=USD&to=CHF&amount=850,send-money?from=USD&to=CHF&amount=850,https://sendmoneycompare.com/send-money,0,0,0,"00:00, 1 Jan, 1970",0,0%,0,0,0%,0,0,0,1,Canonical ,https://sendmoneycompare.com/send-money
https://sendmoneycompare.com/send-money?from=USD&to=EGP&amount=850,send-money?from=USD&to=EGP&amount=850,https://sendmoneycompare.com/send-money,0,0,0,"00:00, 1 Jan, 1970",0,0%,0,0,0%,0,0,0,1,Canonical ,https://sendmoneycompare.com/send-money
https://sendmoneycompare.com/send-money?from=USD&to=GBP&amount=825,send-money?from=USD&to=GBP&amount=825,https://sendmoneycompare.com/send-money,0,0,0,"00:00, 1 Jan, 1970",0,0%,0,0,0%,0,0,0,1,Canonical ,https://sendmoneycompare.com/send-money
https://sendmoneycompare.com/send-money?from=USD&to=SAR&amount=850,send-money?from=USD&to=SAR&amount=850,https://sendmoneycompare.com/send-money,0,0,0,"00:00, 1 Jan, 1970",0,0%,0,0,0%,0,0,0,1,Canonical ,https://sendmoneycompare.com/send-money
https://sendmoneycompare.com/send-money?from=USD&to=PKR&amount=850,send-money?from=USD&to=PKR&amount=850,https://sendmoneycompare.com/send-money,0,0,0,"00:00, 1 Jan, 1970",0,0%,0,0,0%,0,0,0,1,Canonical ,https://sendmoneycompare.com/send-money
https://sendmoneycompare.com/send-money?from=USD&to=KES&amount=825,send-money?from=USD&to=KES&amount=825,https://sendmoneycompare.com/send-money,0,0,0,"00:00, 1 Jan, 1970",0,0%,0,0,0%,0,0,0,1,Canonical ,https://sendmoneycompare.com/send-money
https://sendmoneycompare.com/news/absa-thunes-global-pay-africa-remittances,news/absa-thunes-global-pay-africa-remittances,South Africa's Absa and Thunes Launch Digital Remittance Service…,0,122,736,"14:44, 26 Sep, 2026",19,3%,1,341,46%,11,0,81,3,,
https://sendmoneycompare.com/exchange-rates/history/usd-to-eur,exchange-rates/history/usd-to-eur,USD to EUR Exchange Rate History— Rate Trends (September 2026),0,799,"3,092","14:44, 26 Sep, 2026",141,5%,3,552,18%,8,0,77,10,,
https://sendmoneycompare.com/send-money/czech-republic-to-germany,send-money/czech-republic-to-germany,Czech Republic to Germany Transfer Estimate— CZK→EUR (2026),0,353,"2,571","14:44, 26 Sep, 2026",260,10%,8,724,28%,12,0,75,8,,
https://sendmoneycompare.com/send-money/india-to-croatia,send-money/india-to-croatia,Cheapest Way to Send Money India to Croatia— INR→EUR (2026),0,512,"3,189","14:44, 26 Sep, 2026","1,091",34%,8,"1,636",51%,11,0,93,12,,
https://sendmoneycompare.com/banks/wells-fargo,banks/wells-fargo,Wells Fargo International Wire Transfer Fees | SendMoneyCompare,1,151,862,"14:43, 26 Sep, 2026",361,42%,12,669,78%,19,0,88,76,,
https://sendmoneycompare.com/banks/chase,banks/chase,Chase International Wire Transfer Fees | SendMoneyCompare,1,151,"1,098","14:43, 26 Sep, 2026",273,25%,4,572,52%,15,0,88,76,,
https://sendmoneycompare.com/banks,banks,,1,115,536,"14:43, 26 Sep, 2026",0,0%,0,0,0%,0,0,75,145,Robots meta tag contains noindex instruction,
https://sendmoneycompare.com/send-money?from=USD&to=LKR&amount=825,send-money?from=USD&to=LKR&amount=825,https://sendmoneycompare.com/send-money,0,0,0,"00:00, 1 Jan, 1970",0,0%,0,0,0%,0,0,0,1,Canonical ,https://sendmoneycompare.com/send-money
https://sendmoneycompare.com/send-money?from=GBP&to=EUR&amount=1000,send-money?from=GBP&to=EUR&amount=1000,https://sendmoneycompare.com/send-money,1,0,0,"00:00, 1 Jan, 1970",0,0%,0,0,0%,0,0,0,45,Canonical ,https://sendmoneycompare.com/send-money
https://sendmoneycompare.com/alternatives/revolut,alternatives/revolut,,0,129,864,"14:45, 26 Sep, 2026",0,0%,0,0,0%,0,0,77,2,Robots meta tag contains noindex instruction,
https://sendmoneycompare.com/send-money/canada-to-pakistan,send-money/canada-to-pakistan,Cheapest Way to Send Money Canada to Pakistan— CAD→PKR Rates (2026),0,843,"5,813","14:43, 26 Sep, 2026",889,15%,21,"1,627",28%,26,0,109,10,,
https://sendmoneycompare.com/send-money/australia-to-pakistan,send-money/australia-to-pakistan,Cheapest Way to Send Money Australia to Pakistan— AUD→PKR (2026),0,753,"5,296","14:43, 26 Sep, 2026",990,19%,14,"1,587",30%,18,0,109,6,,
https://sendmoneycompare.com/send-money/bahrain-to-pakistan,send-money/bahrain-to-pakistan,Cheapest Way to Send Money Bahrain to Pakistan— BHD→PKR (2026),0,642,"3,596","14:43, 26 Sep, 2026",718,20%,21,"1,485",41%,24,0,96,9,,
https://sendmoneycompare.com/send-money/australia-to-philippines,send-money/australia-to-philippines,Cheapest Way to Send Money Australia to Philippines— AUD→PHP (2026),0,"1,166","6,769","14:43, 26 Sep, 2026",931,14%,16,"1,737",26%,19,0,146,20,,
https://sendmoneycompare.com/send-money/denmark-to-philippines,send-money/denmark-to-philippines,Denmark to Philippines Transfer Estimate— DKK→PHP (2026),0,407,"2,936","14:43, 26 Sep, 2026",508,17%,24,973,33%,32,0,87,9,,
https://sendmoneycompare.com/send-money/finland-to-philippines,send-money/finland-to-philippines,,0,"1,181","6,654","14:43, 26 Sep, 2026",0,0%,0,0,0%,0,0,145,6,Robots meta tag contains noindex instruction,
https://sendmoneycompare.com/send-money/oman-to-india,send-money/oman-to-india,,0,562,"3,246","14:43, 26 Sep, 2026",0,0%,0,0,0%,0,0,94,7,Robots meta tag contains noindex instruction,
https://sendmoneycompare.com/compare/moneygram-vs-wise,compare/moneygram-vs-wise,,1,170,"1,310","14:44, 26 Sep, 2026",0,0%,0,0,0%,0,0,79,5,Robots meta tag contains noindex instruction,
https://sendmoneycompare.com/compare/xe-vs-moneygram,compare/xe-vs-moneygram,XE Money Transfer vs MoneyGram— Fees& Rates (2026),0,187,"1,605","14:44, 26 Sep, 2026",600,37%,5,"1,520",95%,5,0,80,7,,
https://sendmoneycompare.com/alternatives/moneygram,alternatives/moneygram,,0,139,901,"14:44, 26 Sep, 2026",0,0%,0,0,0%,0,0,80,2,Robots meta tag contains noindex instruction,
https://sendmoneycompare.com/news/fca-safeguarding-rules-money-transfer-2026,news/fca-safeguarding-rules-money-transfer-2026,Is Your Money Safe with Wise and Revolut? | SendMoneyCompare,0,127,864,"14:43, 26 Sep, 2026",55,6%,3,340,39%,11,0,80,4,,
https://sendmoneycompare.com/news/eu-instant-payments-mandatory-2026,news/eu-instant-payments-mandatory-2026,EU Instant Payments Now Mandatory | SendMoneyCompare,0,125,845,"14:44, 26 Sep, 2026",65,8%,2,366,43%,5,0,81,3,,
https://sendmoneycompare.com/news/liberation-day-tariffs-remittance-impact-2026,news/liberation-day-tariffs-remittance-impact-2026,One Year After Liberation Day | SendMoneyCompare,0,131,988,"14:45, 26 Sep, 2026",116,12%,3,376,38%,11,0,88,1,,
https://sendmoneycompare.com/news/world-bank-remittance-costs-q1-2026,news/world-bank-remittance-costs-q1-2026,Global Remittance Costs Drop to 6.0% in Q1 2026 | SendMoneyCompare,0,130,846,"14:45, 26 Sep, 2026",92,11%,3,370,44%,10,0,90,1,,
https://sendmoneycompare.com/news/april-2026-central-bank-calendar,news/april-2026-central-bank-calendar,April 2026 Central Bank Calendar | SendMoneyCompare,0,129,945,"14:44, 26 Sep, 2026",105,11%,5,418,44%,11,0,90,3,,
https://sendmoneycompare.com/news/nigeria-cbn-naira-only-remittance-rule-2026,news/nigeria-cbn-naira-only-remittance-rule-2026,Send Money to Nigeria | SendMoneyCompare,0,133,"1,343","14:45, 26 Sep, 2026",302,22%,1,302,22%,1,0,82,1,,
https://sendmoneycompare.com/news/paypal-venmo-goes-global-remittances-2026,news/paypal-venmo-goes-global-remittances-2026,Venmo Goes Global: PayPal vs Wise vs Remitly | SendMoneyCompare,0,138,"1,462","14:44, 26 Sep, 2026",0,0%,0,332,23%,6,0,80,3,,
https://sendmoneycompare.com/news/us-remittance-tax-3-months-behavioral-shift-2026,news/us-remittance-tax-3-months-behavioral-shift-2026,1% US Remittance Tax Update | SendMoneyCompare,0,135,"1,382","14:45, 26 Sep, 2026",135,10%,4,384,28%,10,0,81,1,,
https://sendmoneycompare.com/news/fed-holds-rates-march-2026-one-cut-dot-plot,news/fed-holds-rates-march-2026-one-cut-dot-plot,"Fed Holds Rates Steady, Signals Just One Cut in 2026",0,131,"1,048","14:44, 26 Sep, 2026",83,8%,3,399,38%,8,0,88,4,,
https://sendmoneycompare.com/news/swift-75-percent-payments-ten-minutes-fsb-stablecoins-thunes-2026,news/swift-75-percent-payments-ten-minutes-fsb-stablecoins-thunes-2026,75% of Cross-Border Payments Now Arrive in 10 Minutes,0,135,"1,237","14:44, 26 Sep, 2026",48,4%,2,322,26%,3,0,85,2,,
https://sendmoneycompare.com/news/central-bank-super-week-march-2026,news/central-bank-super-week-march-2026,How Central Bank Rate Decisions Affect Your Money Transfers,0,128,990,"14:44, 26 Sep, 2026",73,7%,2,385,39%,5,0,82,7,,
https://sendmoneycompare.com/news/us-remittance-excise-tax-takes-effect-2026,news/us-remittance-excise-tax-takes-effect-2026,New 1% US Remittance Tax— What It Means for You | SendMoneyCompare,0,124,832,"14:44, 26 Sep, 2026",93,11%,5,386,46%,11,0,82,5,,
https://sendmoneycompare.com/news/western-union-ceo-digital-competition-2026,news/western-union-ceo-digital-competition-2026,Western Union CEO Concedes Ground to Digital Rivals | SendMoneyCompare,0,124,740,"14:44, 26 Sep, 2026",0,0%,0,322,44%,4,0,78,2,,
https://sendmoneycompare.com/news/moneyremitter-launches-deals-comparison,news/moneyremitter-launches-deals-comparison,SendMoneyCompare Now Shows Promo Codes& Referral Bonuses Alongside…,0,125,692,"14:44, 26 Sep, 2026",74,11%,2,349,50%,4,0,80,2,,
https://sendmoneycompare.com/news/revolut-files-us-bank-charter-2026,news/revolut-files-us-bank-charter-2026,Revolut News March 2026 | SendMoneyCompare,0,124,889,"14:44, 26 Sep, 2026",328,37%,1,328,37%,1,0,81,2,,
https://sendmoneycompare.com/news/stripe-paypal-acquisition-talks-2026,news/stripe-paypal-acquisition-talks-2026,Stripe Reportedly Exploring PayPal Acquisition in Landmark Fintech…,0,123,709,"14:45, 26 Sep, 2026",107,15%,7,363,51%,15,0,79,1,,
https://sendmoneycompare.com/news/china-digital-yuan-interest-bearing-cbdc,news/china-digital-yuan-interest-bearing-cbdc,Analysis: What Interest-Bearing Digital Yuan Wallets Could Mean for…,0,121,716,"14:45, 26 Sep, 2026",53,7%,3,344,48%,6,0,78,1,,
https://sendmoneycompare.com/news/stablecoins-cross-border-payments-2026,news/stablecoins-cross-border-payments-2026,Stablecoins Are Quietly Becoming the Backbone of Cross-Border B2B…,0,123,744,"14:44, 26 Sep, 2026",24,3%,2,350,47%,7,0,82,3,,
https://sendmoneycompare.com/news/embedded-finance-regulation-tightening-2026,news/embedded-finance-regulation-tightening-2026,US Regulators Turn Their Attention to Embedded Finance as…,0,126,867,"14:44, 26 Sep, 2026",307,35%,1,307,35%,1,0,80,2,,
https://sendmoneycompare.com/compare/revolut-vs-worldremit,compare/revolut-vs-worldremit,Revolut vs WorldRemit— Fees& Rates (2026),0,186,"1,545","14:44, 26 Sep, 2026",344,22%,5,"1,490",96%,7,0,80,5,,
https://sendmoneycompare.com/send-money?from=USD&to=PKR&amount=825,send-money?from=USD&to=PKR&amount=825,https://sendmoneycompare.com/send-money,0,0,0,"00:00, 1 Jan, 1970",0,0%,0,0,0%,0,0,0,1,Canonical ,https://sendmoneycompare.com/send-money
https://sendmoneycompare.com/banks/hsbc,banks/hsbc,HSBC International Transfer Fees | SendMoneyCompare,0,184,"1,505","14:43, 26 Sep, 2026",104,7%,3,543,36%,4,0,89,17,,
https://sendmoneycompare.com/banks/lloyds,banks/lloyds,Lloyds Bank International Transfer Fees | SendMoneyCompare,0,152,861,"14:43, 26 Sep, 2026",165,19%,4,647,75%,7,0,84,17,,
https://sendmoneycompare.com/banks/barclays,banks/barclays,Barclays International Transfer Fees | SendMoneyCompare,0,162,921,"14:43, 26 Sep, 2026",201,22%,4,682,74%,5,0,86,17,,
https://sendmoneycompare.com/alternatives/paypal,alternatives/paypal,,0,129,806,"14:45, 26 Sep, 2026",0,0%,0,0,0%,0,0,75,2,Robots meta tag contains noindex instruction,
https://sendmoneycompare.com/send-money/canada-to-nigeria,send-money/canada-to-nigeria,Cheapest Way to Send Money Canada to Nigeria— CAD→NGN Rates (2026),0,811,"5,157","14:44, 26 Sep, 2026",524,10%,6,"1,218",24%,10,0,102,8,,
https://sendmoneycompare.com/send-money?from=USD&to=BDT&amount=825,send-money?from=USD&to=BDT&amount=825,https://sendmoneycompare.com/send-money,0,0,0,"00:00, 1 Jan, 1970",0,0%,0,0,0%,0,0,0,1,Canonical ,https://sendmoneycompare.com/send-money
https://sendmoneycompare.com/send-money?from=USD&to=EUR&amount=2425,send-money?from=USD&to=EUR&amount=2425,https://sendmoneycompare.com/send-money,0,0,0,"00:00, 1 Jan, 1970",0,0%,0,0,0%,0,0,0,1,Canonical ,https://sendmoneycompare.com/send-money
https://sendmoneycompare.com/guides/large-business-transfers-from-china-cny,guides/large-business-transfers-from-china-cny,,0,194,"2,516","14:44, 26 Sep, 2026",0,0%,0,0,0%,0,0,76,1,Robots meta tag contains noindex instruction,
https://sendmoneycompare.com/send-money?from=USD&to=INR&amount=1300,send-money?from=USD&to=INR&amount=1300,https://sendmoneycompare.com/send-money,0,0,0,"00:00, 1 Jan, 1970",0,0%,0,0,0%,0,0,0,1,Canonical ,https://sendmoneycompare.com/send-money
https://sendmoneycompare.com/companies/sbi,companies/sbi,State Bank of India Review 2026— Cheaper Options on Your Route?,0,146,747,"14:45, 26 Sep, 2026",151,20%,5,594,80%,6,0,79,1,,
https://sendmoneycompare.com/send-money?from=USD&to=INR&amount=1100,send-money?from=USD&to=INR&amount=1100,https://sendmoneycompare.com/send-money,0,0,0,"00:00, 1 Jan, 1970",0,0%,0,0,0%,0,0,0,1,Canonical ,https://sendmoneycompare.com/send-money
https://sendmoneycompare.com/compare/boss-money-vs-remitly,compare/boss-money-vs-remitly,BOSS Money vs Remitly— Fees& Rates (2026),0,186,"1,525","14:44, 26 Sep, 2026",330,22%,7,"1,170",77%,7,0,78,4,,
https://sendmoneycompare.com/send-money?from=USD&to=INR&amount=825,send-money?from=USD&to=INR&amount=825,https://sendmoneycompare.com/send-money,0,0,0,"00:00, 1 Jan, 1970",0,0%,0,0,0%,0,0,0,1,Canonical ,https://sendmoneycompare.com/send-money
https://sendmoneycompare.com/send-money?from=AUD&to=INR&amount=450,send-money?from=AUD&to=INR&amount=450,https://sendmoneycompare.com/send-money,0,0,0,"00:00, 1 Jan, 1970",0,0%,0,0,0%,0,0,0,1,Canonical ,https://sendmoneycompare.com/send-money
https://sendmoneycompare.com/send-money?from=USD&to=INR&amount=975,send-money?from=USD&to=INR&amount=975,https://sendmoneycompare.com/send-money,0,0,0,"00:00, 1 Jan, 1970",0,0%,0,0,0%,0,0,0,1,Canonical ,https://sendmoneycompare.com/send-money
https://sendmoneycompare.com/send-money?from=USD&to=PKR&amount=1075,send-money?from=USD&to=PKR&amount=1075,https://sendmoneycompare.com/send-money,0,0,0,"00:00, 1 Jan, 1970",0,0%,0,0,0%,0,0,0,1,Canonical ,https://sendmoneycompare.com/send-money
https://sendmoneycompare.com/send-money?from=GBP&to=PKR&amount=450,send-money?from=GBP&to=PKR&amount=450,https://sendmoneycompare.com/send-money,0,0,0,"00:00, 1 Jan, 1970",0,0%,0,0,0%,0,0,0,1,Canonical ,https://sendmoneycompare.com/send-money
https://sendmoneycompare.com/send-money?from=USD&to=EUR&amount=1350,send-money?from=USD&to=EUR&amount=1350,https://sendmoneycompare.com/send-money,0,0,0,"00:00, 1 Jan, 1970",0,0%,0,0,0%,0,0,0,1,Canonical ,https://sendmoneycompare.com/send-money
https://sendmoneycompare.com/send-money?from=USD&to=EUR&amount=1550,send-money?from=USD&to=EUR&amount=1550,https://sendmoneycompare.com/send-money,0,0,0,"00:00, 1 Jan, 1970",0,0%,0,0,0%,0,0,0,1,Canonical ,https://sendmoneycompare.com/send-money
https://sendmoneycompare.com/send-money?from=GBP&to=KES&amount=650,send-money?from=GBP&to=KES&amount=650,https://sendmoneycompare.com/send-money,0,0,0,"00:00, 1 Jan, 1970",0,0%,0,0,0%,0,0,0,1,Canonical ,https://sendmoneycompare.com/send-money
https://sendmoneycompare.com/send-money?from=USD&to=EUR&amount=2250,send-money?from=USD&to=EUR&amount=2250,https://sendmoneycompare.com/send-money,0,0,0,"00:00, 1 Jan, 1970",0,0%,0,0,0%,0,0,0,1,Canonical ,https://sendmoneycompare.com/send-money
https://sendmoneycompare.com/send-money?from=USD&to=EUR&amount=2150,send-money?from=USD&to=EUR&amount=2150,https://sendmoneycompare.com/send-money,0,0,0,"00:00, 1 Jan, 1970",0,0%,0,0,0%,0,0,0,1,Canonical ,https://sendmoneycompare.com/send-money
https://sendmoneycompare.com/send-money?from=USD&to=HUF&amount=850,send-money?from=USD&to=HUF&amount=850,https://sendmoneycompare.com/send-money,0,0,0,"00:00, 1 Jan, 1970",0,0%,0,0,0%,0,0,0,1,Canonical ,https://sendmoneycompare.com/send-money
https://sendmoneycompare.com/send-money?from=USD&to=GBP&amount=850,send-money?from=USD&to=GBP&amount=850,https://sendmoneycompare.com/send-money,0,0,0,"00:00, 1 Jan, 1970",0,0%,0,0,0%,0,0,0,1,Canonical ,https://sendmoneycompare.com/send-money
https://sendmoneycompare.com/send-money?from=USD&to=INR&amount=3000,send-money?from=USD&to=INR&amount=3000,https://sendmoneycompare.com/send-money,0,0,0,"00:00, 1 Jan, 1970",0,0%,0,0,0%,0,0,0,1,Canonical ,https://sendmoneycompare.com/send-money
https://sendmoneycompare.com/send-money?from=USD&to=EUR&amount=3450,send-money?from=USD&to=EUR&amount=3450,https://sendmoneycompare.com/send-money,0,0,0,"00:00, 1 Jan, 1970",0,0%,0,0,0%,0,0,0,1,Canonical ,https://sendmoneycompare.com/send-money
https://sendmoneycompare.com/compare/chase-vs-revolut,compare/chase-vs-revolut,Chase vs Revolut— Fees& Rates (2026),0,184,"1,435","14:44, 26 Sep, 2026",392,27%,9,"1,290",90%,10,0,81,5,,
https://sendmoneycompare.com/compare/chase-vs-wells-fargo,compare/chase-vs-wells-fargo,,1,170,"1,287","14:44, 26 Sep, 2026",0,0%,0,0,0%,0,0,77,5,Robots meta tag contains noindex instruction,
https://sendmoneycompare.com/compare/chase-vs-hsbc,compare/chase-vs-hsbc,,1,173,"1,449","14:44, 26 Sep, 2026",0,0%,0,0,0%,0,0,79,6,Robots meta tag contains noindex instruction,
https://sendmoneycompare.com/send-money?from=USD&to=EUR&amount=2350,send-money?from=USD&to=EUR&amount=2350,https://sendmoneycompare.com/send-money,0,0,0,"00:00, 1 Jan, 1970",0,0%,0,0,0%,0,0,0,1,Canonical ,https://sendmoneycompare.com/send-money
https://sendmoneycompare.com/send-money?from=USD&to=MXN&amount=1600,send-money?from=USD&to=MXN&amount=1600,https://sendmoneycompare.com/send-money,0,0,0,"00:00, 1 Jan, 1970",0,0%,0,0,0%,0,0,0,1,Canonical ,https://sendmoneycompare.com/send-money
https://sendmoneycompare.com/send-money?from=USD&to=NOK&amount=850,send-money?from=USD&to=NOK&amount=850,https://sendmoneycompare.com/send-money,0,0,0,"00:00, 1 Jan, 1970",0,0%,0,0,0%,0,0,0,1,Canonical ,https://sendmoneycompare.com/send-money
https://sendmoneycompare.com/send-money?from=USD&to=EUR&amount=3150,send-money?from=USD&to=EUR&amount=3150,https://sendmoneycompare.com/send-money,0,0,0,"00:00, 1 Jan, 1970",0,0%,0,0,0%,0,0,0,1,Canonical ,https://sendmoneycompare.com/send-money
https://sendmoneycompare.com/send-money?from=USD&to=EUR&amount=2950,send-money?from=USD&to=EUR&amount=2950,https://sendmoneycompare.com/send-money,0,0,0,"00:00, 1 Jan, 1970",0,0%,0,0,0%,0,0,0,1,Canonical ,https://sendmoneycompare.com/send-money
https://sendmoneycompare.com/send-money/oman-to-philippines,send-money/oman-to-philippines,,0,591,"3,408","14:44, 26 Sep, 2026",0,0%,0,0,0%,0,0,96,4,Robots meta tag contains noindex instruction,
https://sendmoneycompare.com/send-money?from=USD&to=EUR&amount=2550,send-money?from=USD&to=EUR&amount=2550,https://sendmoneycompare.com/send-money,0,0,0,"00:00, 1 Jan, 1970",0,0%,0,0,0%,0,0,0,1,Canonical ,https://sendmoneycompare.com/send-money
https://sendmoneycompare.com/send-money?from=USD&to=INR&amount=500,send-money?from=USD&to=INR&amount=500,https://sendmoneycompare.com/send-money,0,0,0,"00:00, 1 Jan, 1970",0,0%,0,0,0%,0,0,0,1,Canonical ,https://sendmoneycompare.com/send-money
https://sendmoneycompare.com/send-money?from=USD&to=EUR&amount=2050,send-money?from=USD&to=EUR&amount=2050,https://sendmoneycompare.com/send-money,0,0,0,"00:00, 1 Jan, 1970",0,0%,0,0,0%,0,0,0,1,Canonical ,https://sendmoneycompare.com/send-money
https://sendmoneycompare.com/send-money?from=USD&to=CZK&amount=850,send-money?from=USD&to=CZK&amount=850,https://sendmoneycompare.com/send-money,0,0,0,"00:00, 1 Jan, 1970",0,0%,0,0,0%,0,0,0,1,Canonical ,https://sendmoneycompare.com/send-money
https://sendmoneycompare.com/send-money?from=USD&to=EUR&amount=1450,send-money?from=USD&to=EUR&amount=1450,https://sendmoneycompare.com/send-money,0,0,0,"00:00, 1 Jan, 1970",0,0%,0,0,0%,0,0,0,1,Canonical ,https://sendmoneycompare.com/send-money
https://sendmoneycompare.com/send-money?from=USD&to=EUR&amount=850,send-money?from=USD&to=EUR&amount=850,https://sendmoneycompare.com/send-money,0,0,0,"00:00, 1 Jan, 1970",0,0%,0,0,0%,0,0,0,1,Canonical ,https://sendmoneycompare.com/send-money
https://sendmoneycompare.com/send-money?from=USD&to=INR&amount=750,send-money?from=USD&to=INR&amount=750,https://sendmoneycompare.com/send-money,0,0,0,"00:00, 1 Jan, 1970",0,0%,0,0,0%,0,0,0,1,Canonical ,https://sendmoneycompare.com/send-money
https://sendmoneycompare.com/send-money?from=USD&to=EUR&amount=1050,send-money?from=USD&to=EUR&amount=1050,https://sendmoneycompare.com/send-money,0,0,0,"00:00, 1 Jan, 1970",0,0%,0,0,0%,0,0,0,1,Canonical ,https://sendmoneycompare.com/send-money
https://sendmoneycompare.com/send-money?from=USD&to=INR&amount=300,send-money?from=USD&to=INR&amount=300,https://sendmoneycompare.com/send-money,0,0,0,"00:00, 1 Jan, 1970",0,0%,0,0,0%,0,0,0,1,Canonical ,https://sendmoneycompare.com/send-money
https://sendmoneycompare.com/send-money?from=USD&to=EUR&amount=1850,send-money?from=USD&to=EUR&amount=1850,https://sendmoneycompare.com/send-money,0,0,0,"00:00, 1 Jan, 1970",0,0%,0,0,0%,0,0,0,1,Canonical ,https://sendmoneycompare.com/send-money
https://sendmoneycompare.com/send-money?from=USD&to=RON&amount=850,send-money?from=USD&to=RON&amount=850,https://sendmoneycompare.com/send-money,0,0,0,"00:00, 1 Jan, 1970",0,0%,0,0,0%,0,0,0,1,Canonical ,https://sendmoneycompare.com/send-money
https://sendmoneycompare.com/send-money/bahrain-to-bangladesh,send-money/bahrain-to-bangladesh,Cheapest Way to Send Money Bahrain to Bangladesh— BHD→BDT (2026),0,599,"3,358","14:43, 26 Sep, 2026",556,17%,21,"1,479",44%,27,0,91,8,,
https://sendmoneycompare.com/send-money/bahrain-to-philippines,send-money/bahrain-to-philippines,Cheapest Way to Send Money Bahrain to Philippines— BHD→PHP (2026),0,633,"3,600","14:43, 26 Sep, 2026",671,19%,10,"1,563",43%,13,0,99,6,,
https://sendmoneycompare.com/send-money?from=USD&to=CHF&amount=950,send-money?from=USD&to=CHF&amount=950,https://sendmoneycompare.com/send-money,0,0,0,"00:00, 1 Jan, 1970",0,0%,0,0,0%,0,0,0,1,Canonical ,https://sendmoneycompare.com/send-money
https://sendmoneycompare.com/send-money?from=GBP&to=EUR&amount=450,send-money?from=GBP&to=EUR&amount=450,https://sendmoneycompare.com/send-money,0,0,0,"00:00, 1 Jan, 1970",0,0%,0,0,0%,0,0,0,1,Canonical ,https://sendmoneycompare.com/send-money
https://sendmoneycompare.com/send-money?from=USD&to=PHP&amount=500,send-money?from=USD&to=PHP&amount=500,https://sendmoneycompare.com/send-money,0,0,0,"00:00, 1 Jan, 1970",0,0%,0,0,0%,0,0,0,1,Canonical ,https://sendmoneycompare.com/send-money
https://sendmoneycompare.com/send-money?from=GBP&to=INR&amount=1275,send-money?from=GBP&to=INR&amount=1275,https://sendmoneycompare.com/send-money,0,0,0,"00:00, 1 Jan, 1970",0,0%,0,0,0%,0,0,0,1,Canonical ,https://sendmoneycompare.com/send-money
https://sendmoneycompare.com/send-money?from=USD&to=EUR&amount=300,send-money?from=USD&to=EUR&amount=300,https://sendmoneycompare.com/send-money,0,0,0,"00:00, 1 Jan, 1970",0,0%,0,0,0%,0,0,0,1,Canonical ,https://sendmoneycompare.com/send-money
https://sendmoneycompare.com/send-money?from=USD&to=PKR&amount=1000,send-money?from=USD&to=PKR&amount=1000,https://sendmoneycompare.com/send-money,0,0,0,"00:00, 1 Jan, 1970",0,0%,0,0,0%,0,0,0,1,Canonical ,https://sendmoneycompare.com/send-money
https://sendmoneycompare.com/send-money?from=GBP&to=INR&amount=1175,send-money?from=GBP&to=INR&amount=1175,https://sendmoneycompare.com/send-money,0,0,0,"00:00, 1 Jan, 1970",0,0%,0,0,0%,0,0,0,1,Canonical ,https://sendmoneycompare.com/send-money
https://sendmoneycompare.com/send-money?from=AUD&to=THB&amount=875,send-money?from=AUD&to=THB&amount=875,https://sendmoneycompare.com/send-money,0,0,0,"00:00, 1 Jan, 1970",0,0%,0,0,0%,0,0,0,1,Canonical ,https://sendmoneycompare.com/send-money
https://sendmoneycompare.com/send-money?from=USD&to=EUR&amount=1750,send-money?from=USD&to=EUR&amount=1750,https://sendmoneycompare.com/send-money,0,0,0,"00:00, 1 Jan, 1970",0,0%,0,0,0%,0,0,0,1,Canonical ,https://sendmoneycompare.com/send-money
https://sendmoneycompare.com/send-money?from=USD&to=EUR&amount=2650,send-money?from=USD&to=EUR&amount=2650,https://sendmoneycompare.com/send-money,0,0,0,"00:00, 1 Jan, 1970",0,0%,0,0,0%,0,0,0,1,Canonical ,https://sendmoneycompare.com/send-money
https://sendmoneycompare.com/send-money/norway-to-philippines,send-money/norway-to-philippines,,0,402,"2,756","14:44, 26 Sep, 2026",0,0%,0,0,0%,0,0,84,5,Robots meta tag contains noindex instruction,
https://sendmoneycompare.com/send-money?from=USD&to=EUR&amount=1150,send-money?from=USD&to=EUR&amount=1150,https://sendmoneycompare.com/send-money,0,0,0,"00:00, 1 Jan, 1970",0,0%,0,0,0%,0,0,0,1,Canonical ,https://sendmoneycompare.com/send-money
https://sendmoneycompare.com/send-money?from=USD&to=EUR&amount=2750,send-money?from=USD&to=EUR&amount=2750,https://sendmoneycompare.com/send-money,0,0,0,"00:00, 1 Jan, 1970",0,0%,0,0,0%,0,0,0,1,Canonical ,https://sendmoneycompare.com/send-money
https://sendmoneycompare.com/send-money?from=USD&to=EUR&amount=1250,send-money?from=USD&to=EUR&amount=1250,https://sendmoneycompare.com/send-money,0,0,0,"00:00, 1 Jan, 1970",0,0%,0,0,0%,0,0,0,1,Canonical ,https://sendmoneycompare.com/send-money
https://sendmoneycompare.com/send-money?from=USD&to=DKK&amount=1050,send-money?from=USD&to=DKK&amount=1050,https://sendmoneycompare.com/send-money,0,0,0,"00:00, 1 Jan, 1970",0,0%,0,0,0%,0,0,0,1,Canonical ,https://sendmoneycompare.com/send-money
https://sendmoneycompare.com/send-money?from=USD&to=EUR&amount=750,send-money?from=USD&to=EUR&amount=750,https://sendmoneycompare.com/send-money,0,0,0,"00:00, 1 Jan, 1970",0,0%,0,0,0%,0,0,0,1,Canonical ,https://sendmoneycompare.com/send-money
https://sendmoneycompare.com/compare/revolut-vs-hsbc,compare/revolut-vs-hsbc,,1,172,"1,354","14:44, 26 Sep, 2026",0,0%,0,0,0%,0,0,81,9,Robots meta tag contains noindex instruction,
https://sendmoneycompare.com/compare/hsbc-vs-paypal,compare/hsbc-vs-paypal,,1,174,"1,548","14:44, 26 Sep, 2026",0,0%,0,0,0%,0,0,80,6,Robots meta tag contains noindex instruction,
https://sendmoneycompare.com/send-money/aud-to-bdt,send-money/aud-to-bdt,Cheapest Way to Send Money Australia to Bangladesh— AUD→BDT (2026),0,502,"3,629","14:43, 26 Sep, 2026",834,23%,9,"1,328",37%,16,0,95,5,,
https://sendmoneycompare.com/send-money?from=USD&to=EUR&amount=2000,send-money?from=USD&to=EUR&amount=2000,https://sendmoneycompare.com/send-money,0,0,0,"00:00, 1 Jan, 1970",0,0%,0,0,0%,0,0,0,1,Canonical ,https://sendmoneycompare.com/send-money
https://sendmoneycompare.com/send-money?from=USD&to=UAH&amount=850,send-money?from=USD&to=UAH&amount=850,https://sendmoneycompare.com/send-money,0,0,0,"00:00, 1 Jan, 1970",0,0%,0,0,0%,0,0,0,1,Canonical ,https://sendmoneycompare.com/send-money
https://sendmoneycompare.com/send-money?from=USD&to=QAR&amount=850,send-money?from=USD&to=QAR&amount=850,https://sendmoneycompare.com/send-money,0,0,0,"00:00, 1 Jan, 1970",0,0%,0,0,0%,0,0,0,1,Canonical ,https://sendmoneycompare.com/send-money
https://sendmoneycompare.com/send-money?from=USD&to=MXN&amount=1000,send-money?from=USD&to=MXN&amount=1000,https://sendmoneycompare.com/send-money,0,0,0,"00:00, 1 Jan, 1970",0,0%,0,0,0%,0,0,0,3,Canonical ,https://sendmoneycompare.com/send-money
https://sendmoneycompare.com/send-money?from=USD&to=INR&amount=2000,send-money?from=USD&to=INR&amount=2000,https://sendmoneycompare.com/send-money,0,0,0,"00:00, 1 Jan, 1970",0,0%,0,0,0%,0,0,0,1,Canonical ,https://sendmoneycompare.com/send-money
https://sendmoneycompare.com/send-money?from=USD&to=CRC&amount=850,send-money?from=USD&to=CRC&amount=850,https://sendmoneycompare.com/send-money,0,0,0,"00:00, 1 Jan, 1970",0,0%,0,0,0%,0,0,0,1,Canonical ,https://sendmoneycompare.com/send-money
https://sendmoneycompare.com/send-money?from=USD&to=KWD&amount=850,send-money?from=USD&to=KWD&amount=850,https://sendmoneycompare.com/send-money,0,0,0,"00:00, 1 Jan, 1970",0,0%,0,0,0%,0,0,0,1,Canonical ,https://sendmoneycompare.com/send-money
https://sendmoneycompare.com/send-money?from=USD&to=KZT&amount=850,send-money?from=USD&to=KZT&amount=850,https://sendmoneycompare.com/send-money,0,0,0,"00:00, 1 Jan, 1970",0,0%,0,0,0%,0,0,0,1,Canonical ,https://sendmoneycompare.com/send-money
https://sendmoneycompare.com/send-money?from=USD&to=GTQ&amount=850,send-money?from=USD&to=GTQ&amount=850,https://sendmoneycompare.com/send-money,0,0,0,"00:00, 1 Jan, 1970",0,0%,0,0,0%,0,0,0,1,Canonical ,https://sendmoneycompare.com/send-money
https://sendmoneycompare.com/send-money?from=USD&to=BRL&amount=1000,send-money?from=USD&to=BRL&amount=1000,https://sendmoneycompare.com/send-money,0,0,0,"00:00, 1 Jan, 1970",0,0%,0,0,0%,0,0,0,3,Canonical ,https://sendmoneycompare.com/send-money
https://sendmoneycompare.com/send-money?from=USD&to=DKK&amount=950,send-money?from=USD&to=DKK&amount=950,https://sendmoneycompare.com/send-money,0,0,0,"00:00, 1 Jan, 1970",0,0%,0,0,0%,0,0,0,1,Canonical ,https://sendmoneycompare.com/send-money
https://sendmoneycompare.com/send-money?from=USD&to=ILS&amount=850,send-money?from=USD&to=ILS&amount=850,https://sendmoneycompare.com/send-money,0,0,0,"00:00, 1 Jan, 1970",0,0%,0,0,0%,0,0,0,1,Canonical ,https://sendmoneycompare.com/send-money
https://sendmoneycompare.com/exchange-rates/history/gbp-to-eur,exchange-rates/history/gbp-to-eur,GBP to EUR Exchange Rate History— Rate Trends (September 2026),0,952,"3,085","14:44, 26 Sep, 2026",117,4%,2,528,17%,3,0,73,4,,
https://sendmoneycompare.com/send-money?from=USD&to=CNY&amount=825,send-money?from=USD&to=CNY&amount=825,https://sendmoneycompare.com/send-money,0,0,0,"00:00, 1 Jan, 1970",0,0%,0,0,0%,0,0,0,1,Canonical ,https://sendmoneycompare.com/send-money
https://sendmoneycompare.com/send-money?from=USD&to=TRY&amount=850,send-money?from=USD&to=TRY&amount=850,https://sendmoneycompare.com/send-money,0,0,0,"00:00, 1 Jan, 1970",0,0%,0,0,0%,0,0,0,1,Canonical ,https://sendmoneycompare.com/send-money
https://sendmoneycompare.com/send-money?from=USD&to=COP&amount=825,send-money?from=USD&to=COP&amount=825,https://sendmoneycompare.com/send-money,0,0,0,"00:00, 1 Jan, 1970",0,0%,0,0,0%,0,0,0,1,Canonical ,https://sendmoneycompare.com/send-money
https://sendmoneycompare.com/send-money?from=USD&to=DOP&amount=850,send-money?from=USD&to=DOP&amount=850,https://sendmoneycompare.com/send-money,0,0,0,"00:00, 1 Jan, 1970",0,0%,0,0,0%,0,0,0,1,Canonical ,https://sendmoneycompare.com/send-money
https://sendmoneycompare.com/send-money?from=USD&to=BDT&amount=500,send-money?from=USD&to=BDT&amount=500,https://sendmoneycompare.com/send-money,0,0,0,"00:00, 1 Jan, 1970",0,0%,0,0,0%,0,0,0,1,Canonical ,https://sendmoneycompare.com/send-money
https://sendmoneycompare.com/compare/lloyds-vs-nationwide,compare/lloyds-vs-nationwide,,1,177,"1,297","14:44, 26 Sep, 2026",0,0%,0,0,0%,0,0,75,3,Robots meta tag contains noindex instruction,
https://sendmoneycompare.com/send-money?from=USD&to=DKK&amount=850,send-money?from=USD&to=DKK&amount=850,https://sendmoneycompare.com/send-money,0,0,0,"00:00, 1 Jan, 1970",0,0%,0,0,0%,0,0,0,1,Canonical ,https://sendmoneycompare.com/send-money
https://sendmoneycompare.com/send-money?from=USD&to=GEL&amount=850,send-money?from=USD&to=GEL&amount=850,https://sendmoneycompare.com/send-money,0,0,0,"00:00, 1 Jan, 1970",0,0%,0,0,0%,0,0,0,1,Canonical ,https://sendmoneycompare.com/send-money
https://sendmoneycompare.com/send-money?from=USD&to=NGN&amount=1000,send-money?from=USD&to=NGN&amount=1000,https://sendmoneycompare.com/send-money,0,0,0,"00:00, 1 Jan, 1970",0,0%,0,0,0%,0,0,0,2,Canonical ,https://sendmoneycompare.com/send-money
https://sendmoneycompare.com/send-money?from=USD&to=BRL&amount=850,send-money?from=USD&to=BRL&amount=850,https://sendmoneycompare.com/send-money,0,0,0,"00:00, 1 Jan, 1970",0,0%,0,0,0%,0,0,0,1,Canonical ,https://sendmoneycompare.com/send-money
https://sendmoneycompare.com/send-money?from=USD&to=EUR&amount=1300,send-money?from=USD&to=EUR&amount=1300,https://sendmoneycompare.com/send-money,0,0,0,"00:00, 1 Jan, 1970",0,0%,0,0,0%,0,0,0,1,Canonical ,https://sendmoneycompare.com/send-money
https://sendmoneycompare.com/send-money/austria-to-ethiopia,send-money/austria-to-ethiopia,Cheapest Way to Send Money Austria to Ethiopia— EUR→ETB (2026),0,480,"2,866","14:44, 26 Sep, 2026",343,12%,5,"1,388",48%,8,0,92,7,,
https://sendmoneycompare.com/exchange-rates/history/usd-to-gbp,exchange-rates/history/usd-to-gbp,USD to GBP Exchange Rate History— Rate Trends (September 2026),0,787,"3,083","14:44, 26 Sep, 2026",483,16%,2,483,16%,2,0,77,7,,
https://sendmoneycompare.com/send-money?from=USD&to=JOD&amount=850,send-money?from=USD&to=JOD&amount=850,https://sendmoneycompare.com/send-money,0,0,0,"00:00, 1 Jan, 1970",0,0%,0,0,0%,0,0,0,1,Canonical ,https://sendmoneycompare.com/send-money
https://sendmoneycompare.com/send-money/send-money-to-jordan,send-money/send-money-to-jordan,Send Money to Jordan: Transfer Estimate (2026),0,395,"2,210","14:44, 26 Sep, 2026",862,39%,12,"1,326",60%,13,0,78,2,,
https://sendmoneycompare.com/send-money?from=USD&to=BHD&amount=850,send-money?from=USD&to=BHD&amount=850,https://sendmoneycompare.com/send-money,0,0,0,"00:00, 1 Jan, 1970",0,0%,0,0,0%,0,0,0,1,Canonical ,https://sendmoneycompare.com/send-money
https://sendmoneycompare.com/send-money?from=USD&to=MXN&amount=825,send-money?from=USD&to=MXN&amount=825,https://sendmoneycompare.com/send-money,0,0,0,"00:00, 1 Jan, 1970",0,0%,0,0,0%,0,0,0,1,Canonical ,https://sendmoneycompare.com/send-money
https://sendmoneycompare.com/send-money?from=GBP&to=EUR&amount=650,send-money?from=GBP&to=EUR&amount=650,https://sendmoneycompare.com/send-money,0,0,0,"00:00, 1 Jan, 1970",0,0%,0,0,0%,0,0,0,1,Canonical ,https://sendmoneycompare.com/send-money
https://sendmoneycompare.com/compare/worldremit-vs-xoom,compare/worldremit-vs-xoom,WorldRemit vs Xoom (PayPal)— Fees& Rates (2026),0,184,"1,476","14:44, 26 Sep, 2026",694,47%,4,"1,333",90%,5,0,79,5,,
https://sendmoneycompare.com/compare/revolut-vs-xoom,compare/revolut-vs-xoom,Revolut vs Xoom (PayPal)— Fees& Rates (2026),0,185,"1,524","14:44, 26 Sep, 2026",742,49%,13,"1,510",99%,18,0,80,6,,
https://sendmoneycompare.com/compare/western-union-vs-bank-of-america,compare/western-union-vs-bank-of-america,,1,181,"1,331","14:44, 26 Sep, 2026",0,0%,0,0,0%,0,0,78,3,Robots meta tag contains noindex instruction,
https://sendmoneycompare.com/send-money?from=USD&to=JPY&amount=825,send-money?from=USD&to=JPY&amount=825,https://sendmoneycompare.com/send-money,0,0,0,"00:00, 1 Jan, 1970",0,0%,0,0,0%,0,0,0,1,Canonical ,https://sendmoneycompare.com/send-money
https://sendmoneycompare.com/send-money?from=USD&to=EUR&amount=3025,send-money?from=USD&to=EUR&amount=3025,https://sendmoneycompare.com/send-money,0,0,0,"00:00, 1 Jan, 1970",0,0%,0,0,0%,0,0,0,1,Canonical ,https://sendmoneycompare.com/send-money
https://sendmoneycompare.com/send-money?from=USD&to=EGP&amount=825,send-money?from=USD&to=EGP&amount=825,https://sendmoneycompare.com/send-money,0,0,0,"00:00, 1 Jan, 1970",0,0%,0,0,0%,0,0,0,1,Canonical ,https://sendmoneycompare.com/send-money
https://sendmoneycompare.com/send-money?from=GBP&to=USD&amount=1325,send-money?from=GBP&to=USD&amount=1325,https://sendmoneycompare.com/send-money,0,0,0,"00:00, 1 Jan, 1970",0,0%,0,0,0%,0,0,0,1,Canonical ,https://sendmoneycompare.com/send-money
https://sendmoneycompare.com/send-money?from=USD&to=PKR&amount=500,send-money?from=USD&to=PKR&amount=500,https://sendmoneycompare.com/send-money,0,0,0,"00:00, 1 Jan, 1970",0,0%,0,0,0%,0,0,0,1,Canonical ,https://sendmoneycompare.com/send-money
https://sendmoneycompare.com/send-money?from=USD&to=IDR&amount=825,send-money?from=USD&to=IDR&amount=825,https://sendmoneycompare.com/send-money,0,0,0,"00:00, 1 Jan, 1970",0,0%,0,0,0%,0,0,0,1,Canonical ,https://sendmoneycompare.com/send-money
https://sendmoneycompare.com/send-money?from=USD&to=EUR&amount=1725,send-money?from=USD&to=EUR&amount=1725,https://sendmoneycompare.com/send-money,0,0,0,"00:00, 1 Jan, 1970",0,0%,0,0,0%,0,0,0,1,Canonical ,https://sendmoneycompare.com/send-money
https://sendmoneycompare.com/send-money?from=USD&to=NGN&amount=825,send-money?from=USD&to=NGN&amount=825,https://sendmoneycompare.com/send-money,0,0,0,"00:00, 1 Jan, 1970",0,0%,0,0,0%,0,0,0,1,Canonical ,https://sendmoneycompare.com/send-money
https://sendmoneycompare.com/send-money?from=GBP&to=ZAR&amount=450,send-money?from=GBP&to=ZAR&amount=450,https://sendmoneycompare.com/send-money,0,0,0,"00:00, 1 Jan, 1970",0,0%,0,0,0%,0,0,0,1,Canonical ,https://sendmoneycompare.com/send-money
https://sendmoneycompare.com/compare/moneygram-vs-xoom,compare/moneygram-vs-xoom,MoneyGram vs Xoom (PayPal)— Fees& Rates (2026),1,176,"1,696","14:44, 26 Sep, 2026",309,18%,5,751,44%,7,0,79,11,,
https://sendmoneycompare.com/send-money?from=USD&to=EGP&amount=1000,send-money?from=USD&to=EGP&amount=1000,https://sendmoneycompare.com/send-money,0,0,0,"00:00, 1 Jan, 1970",0,0%,0,0,0%,0,0,0,1,Canonical ,https://sendmoneycompare.com/send-money
https://sendmoneycompare.com/send-money?from=USD&to=GEL&amount=825,send-money?from=USD&to=GEL&amount=825,https://sendmoneycompare.com/send-money,0,0,0,"00:00, 1 Jan, 1970",0,0%,0,0,0%,0,0,0,1,Canonical ,https://sendmoneycompare.com/send-money
https://sendmoneycompare.com/send-money?from=USD&to=EUR&amount=2625,send-money?from=USD&to=EUR&amount=2625,https://sendmoneycompare.com/send-money,0,0,0,"00:00, 1 Jan, 1970",0,0%,0,0,0%,0,0,0,1,Canonical ,https://sendmoneycompare.com/send-money
https://sendmoneycompare.com/send-money?from=USD&to=INR&amount=1500,send-money?from=USD&to=INR&amount=1500,https://sendmoneycompare.com/send-money,0,0,0,"00:00, 1 Jan, 1970",0,0%,0,0,0%,0,0,0,1,Canonical ,https://sendmoneycompare.com/send-money
https://sendmoneycompare.com/compare/paypal-vs-xoom,compare/paypal-vs-xoom,,1,171,"1,386","14:44, 26 Sep, 2026",0,0%,0,0,0%,0,0,79,5,Robots meta tag contains noindex instruction,
https://sendmoneycompare.com/send-money?from=USD&to=EUR&amount=1225,send-money?from=USD&to=EUR&amount=1225,https://sendmoneycompare.com/send-money,0,0,0,"00:00, 1 Jan, 1970",0,0%,0,0,0%,0,0,0,1,Canonical ,https://sendmoneycompare.com/send-money
https://sendmoneycompare.com/send-money?from=USD&to=KES&amount=2000,send-money?from=USD&to=KES&amount=2000,https://sendmoneycompare.com/send-money,0,0,0,"00:00, 1 Jan, 1970",0,0%,0,0,0%,0,0,0,1,Canonical ,https://sendmoneycompare.com/send-money
https://sendmoneycompare.com/send-money?from=USD&to=EUR&amount=1625,send-money?from=USD&to=EUR&amount=1625,https://sendmoneycompare.com/send-money,0,0,0,"00:00, 1 Jan, 1970",0,0%,0,0,0%,0,0,0,1,Canonical ,https://sendmoneycompare.com/send-money
https://sendmoneycompare.com/send-money?from=USD&to=CNY&amount=1000,send-money?from=USD&to=CNY&amount=1000,https://sendmoneycompare.com/send-money,0,0,0,"00:00, 1 Jan, 1970",0,0%,0,0,0%,0,0,0,1,Canonical ,https://sendmoneycompare.com/send-money
https://sendmoneycompare.com/send-money?from=USD&to=HKD&amount=825,send-money?from=USD&to=HKD&amount=825,https://sendmoneycompare.com/send-money,0,0,0,"00:00, 1 Jan, 1970",0,0%,0,0,0%,0,0,0,1,Canonical ,https://sendmoneycompare.com/send-money
https://sendmoneycompare.com/send-money?from=USD&to=EUR&amount=1425,send-money?from=USD&to=EUR&amount=1425,https://sendmoneycompare.com/send-money,0,0,0,"00:00, 1 Jan, 1970",0,0%,0,0,0%,0,0,0,1,Canonical ,https://sendmoneycompare.com/send-money
https://sendmoneycompare.com/send-money?from=CAD&to=INR&amount=450,send-money?from=CAD&to=INR&amount=450,https://sendmoneycompare.com/send-money,0,0,0,"00:00, 1 Jan, 1970",0,0%,0,0,0%,0,0,0,1,Canonical ,https://sendmoneycompare.com/send-money
https://sendmoneycompare.com/send-money?from=USD&to=PYG&amount=825,send-money?from=USD&to=PYG&amount=825,https://sendmoneycompare.com/send-money,0,0,0,"00:00, 1 Jan, 1970",0,0%,0,0,0%,0,0,0,1,Canonical ,https://sendmoneycompare.com/send-money
https://sendmoneycompare.com/send-money?from=USD&to=CHF&amount=825,send-money?from=USD&to=CHF&amount=825,https://sendmoneycompare.com/send-money,0,0,0,"00:00, 1 Jan, 1970",0,0%,0,0,0%,0,0,0,1,Canonical ,https://sendmoneycompare.com/send-money
https://sendmoneycompare.com/send-money?from=USD&to=AUD&amount=825,send-money?from=USD&to=AUD&amount=825,https://sendmoneycompare.com/send-money,0,0,0,"00:00, 1 Jan, 1970",0,0%,0,0,0%,0,0,0,1,Canonical ,https://sendmoneycompare.com/send-money
https://sendmoneycompare.com/send-money?from=USD&to=AED&amount=825,send-money?from=USD&to=AED&amount=825,https://sendmoneycompare.com/send-money,0,0,0,"00:00, 1 Jan, 1970",0,0%,0,0,0%,0,0,0,1,Canonical ,https://sendmoneycompare.com/send-money
https://sendmoneycompare.com/send-money?from=USD&to=ZAR&amount=825,send-money?from=USD&to=ZAR&amount=825,https://sendmoneycompare.com/send-money,0,0,0,"00:00, 1 Jan, 1970",0,0%,0,0,0%,0,0,0,1,Canonical ,https://sendmoneycompare.com/send-money
https://sendmoneycompare.com/send-money?from=USD&to=MYR&amount=825,send-money?from=USD&to=MYR&amount=825,https://sendmoneycompare.com/send-money,0,0,0,"00:00, 1 Jan, 1970",0,0%,0,0,0%,0,0,0,1,Canonical ,https://sendmoneycompare.com/send-money
https://sendmoneycompare.com/send-money?from=GBP&to=PHP&amount=450,send-money?from=GBP&to=PHP&amount=450,https://sendmoneycompare.com/send-money,0,0,0,"00:00, 1 Jan, 1970",0,0%,0,0,0%,0,0,0,1,Canonical ,https://sendmoneycompare.com/send-money
https://sendmoneycompare.com/send-money?from=USD&to=PHP&amount=650,send-money?from=USD&to=PHP&amount=650,https://sendmoneycompare.com/send-money,0,0,0,"00:00, 1 Jan, 1970",0,0%,0,0,0%,0,0,0,1,Canonical ,https://sendmoneycompare.com/send-money
https://sendmoneycompare.com/send-money?from=USD&to=MAD&amount=825,send-money?from=USD&to=MAD&amount=825,https://sendmoneycompare.com/send-money,0,0,0,"00:00, 1 Jan, 1970",0,0%,0,0,0%,0,0,0,1,Canonical ,https://sendmoneycompare.com/send-money
https://sendmoneycompare.com/send-money?from=USD&to=EUR&amount=1100,send-money?from=USD&to=EUR&amount=1100,https://sendmoneycompare.com/send-money,0,0,0,"00:00, 1 Jan, 1970",0,0%,0,0,0%,0,0,0,1,Canonical ,https://sendmoneycompare.com/send-money
https://sendmoneycompare.com/send-money?from=USD&to=THB&amount=825,send-money?from=USD&to=THB&amount=825,https://sendmoneycompare.com/send-money,0,0,0,"00:00, 1 Jan, 1970",0,0%,0,0,0%,0,0,0,1,Canonical ,https://sendmoneycompare.com/send-money
https://sendmoneycompare.com/send-money?from=USD&to=EUR&amount=1125,send-money?from=USD&to=EUR&amount=1125,https://sendmoneycompare.com/send-money,0,0,0,"00:00, 1 Jan, 1970",0,0%,0,0,0%,0,0,0,1,Canonical ,https://sendmoneycompare.com/send-money
https://sendmoneycompare.com/send-money?from=USD&to=CZK&amount=825,send-money?from=USD&to=CZK&amount=825,https://sendmoneycompare.com/send-money,0,0,0,"00:00, 1 Jan, 1970",0,0%,0,0,0%,0,0,0,1,Canonical ,https://sendmoneycompare.com/send-money
https://sendmoneycompare.com/send-money?from=USD&to=EUR&amount=2725,send-money?from=USD&to=EUR&amount=2725,https://sendmoneycompare.com/send-money,0,0,0,"00:00, 1 Jan, 1970",0,0%,0,0,0%,0,0,0,1,Canonical ,https://sendmoneycompare.com/send-money
https://sendmoneycompare.com/send-money?from=USD&to=SGD&amount=825,send-money?from=USD&to=SGD&amount=825,https://sendmoneycompare.com/send-money,0,0,0,"00:00, 1 Jan, 1970",0,0%,0,0,0%,0,0,0,1,Canonical ,https://sendmoneycompare.com/send-money
https://sendmoneycompare.com/send-money?from=USD&to=EUR&amount=650,send-money?from=USD&to=EUR&amount=650,https://sendmoneycompare.com/send-money,0,0,0,"00:00, 1 Jan, 1970",0,0%,0,0,0%,0,0,0,1,Canonical ,https://sendmoneycompare.com/send-money
https://sendmoneycompare.com/send-money?from=USD&to=BRL&amount=825,send-money?from=USD&to=BRL&amount=825,https://sendmoneycompare.com/send-money,0,0,0,"00:00, 1 Jan, 1970",0,0%,0,0,0%,0,0,0,1,Canonical ,https://sendmoneycompare.com/send-money
https://sendmoneycompare.com/send-money?from=USD&to=EUR&amount=10000,send-money?from=USD&to=EUR&amount=10000,https://sendmoneycompare.com/send-money,0,0,0,"00:00, 1 Jan, 1970",0,0%,0,0,0%,0,0,0,1,Canonical ,https://sendmoneycompare.com/send-money
https://sendmoneycompare.com/send-money?from=GBP&to=USD&amount=1425,send-money?from=GBP&to=USD&amount=1425,https://sendmoneycompare.com/send-money,0,0,0,"00:00, 1 Jan, 1970",0,0%,0,0,0%,0,0,0,1,Canonical ,https://sendmoneycompare.com/send-money
https://sendmoneycompare.com/send-money?from=USD&to=EUR&amount=450,send-money?from=USD&to=EUR&amount=450,https://sendmoneycompare.com/send-money,0,0,0,"00:00, 1 Jan, 1970",0,0%,0,0,0%,0,0,0,1,Canonical ,https://sendmoneycompare.com/send-money
https://sendmoneycompare.com/send-money?from=USD&to=CAD&amount=825,send-money?from=USD&to=CAD&amount=825,https://sendmoneycompare.com/send-money,0,0,0,"00:00, 1 Jan, 1970",0,0%,0,0,0%,0,0,0,1,Canonical ,https://sendmoneycompare.com/send-money
https://sendmoneycompare.com/send-money?from=USD&to=NPR&amount=825,send-money?from=USD&to=NPR&amount=825,https://sendmoneycompare.com/send-money,0,0,0,"00:00, 1 Jan, 1970",0,0%,0,0,0%,0,0,0,1,Canonical ,https://sendmoneycompare.com/send-money
https://sendmoneycompare.com/send-money?from=USD&to=EUR&amount=3125,send-money?from=USD&to=EUR&amount=3125,https://sendmoneycompare.com/send-money,0,0,0,"00:00, 1 Jan, 1970",0,0%,0,0,0%,0,0,0,1,Canonical ,https://sendmoneycompare.com/send-money
https://sendmoneycompare.com/send-money?from=USD&to=TRY&amount=825,send-money?from=USD&to=TRY&amount=825,https://sendmoneycompare.com/send-money,0,0,0,"00:00, 1 Jan, 1970",0,0%,0,0,0%,0,0,0,1,Canonical ,https://sendmoneycompare.com/send-money
https://sendmoneycompare.com/send-money?from=USD&to=PEN&amount=825,send-money?from=USD&to=PEN&amount=825,https://sendmoneycompare.com/send-money,0,0,0,"00:00, 1 Jan, 1970",0,0%,0,0,0%,0,0,0,1,Canonical ,https://sendmoneycompare.com/send-money
https://sendmoneycompare.com/send-money/india-to-uae,send-money/india-to-uae,Cheapest Way to Send Money India to UAE— INR→AED (2026),0,408,"2,418","14:44, 26 Sep, 2026",916,38%,27,"1,608",67%,34,0,92,7,,
https://sendmoneycompare.com/send-money/india-to-singapore,send-money/india-to-singapore,,0,425,"2,535","14:44, 26 Sep, 2026",0,0%,0,0,0%,0,0,94,6,Robots meta tag contains noindex instruction,
https://sendmoneycompare.com/send-money?from=USD&to=ZAR&amount=1000,send-money?from=USD&to=ZAR&amount=1000,https://sendmoneycompare.com/send-money,0,0,0,"00:00, 1 Jan, 1970",0,0%,0,0,0%,0,0,0,1,Canonical ,https://sendmoneycompare.com/send-money
https://sendmoneycompare.com/send-money?from=GBP&to=INR&amount=1000,send-money?from=GBP&to=INR&amount=1000,https://sendmoneycompare.com/send-money,0,0,0,"00:00, 1 Jan, 1970",0,0%,0,0,0%,0,0,0,2,Canonical ,https://sendmoneycompare.com/send-money
https://sendmoneycompare.com/tools/salary-abroad,tools/salary-abroad,What Is Your Salary Worth Abroad? Including the FX Cost Nobody Counts,0,145,"1,131","14:44, 26 Sep, 2026",304,27%,2,304,27%,2,0,109,2,,
https://sendmoneycompare.com/send-money?from=USD&to=EUR&amount=250,send-money?from=USD&to=EUR&amount=250,https://sendmoneycompare.com/send-money,0,0,0,"00:00, 1 Jan, 1970",0,0%,0,0,0%,0,0,0,1,Canonical ,https://sendmoneycompare.com/send-money
https://sendmoneycompare.com/exchange-rates/history/eur-to-gbp,exchange-rates/history/eur-to-gbp,EUR to GBP Exchange Rate History— Rate Trends (September 2026),0,737,"3,071","14:44, 26 Sep, 2026",113,4%,3,521,17%,3,0,74,4,,
https://sendmoneycompare.com/compare/wise-vs-westpac,compare/wise-vs-westpac,,1,173,"1,380","14:44, 26 Sep, 2026",0,0%,0,0,0%,0,0,77,3,Robots meta tag contains noindex instruction,
https://sendmoneycompare.com/send-money?from=USD&to=GBP&amount=1000,send-money?from=USD&to=GBP&amount=1000,https://sendmoneycompare.com/send-money,0,0,0,"00:00, 1 Jan, 1970",0,0%,0,0,0%,0,0,0,2,Canonical ,https://sendmoneycompare.com/send-money
https://sendmoneycompare.com/send-money?from=USD&to=INR&amount=250,send-money?from=USD&to=INR&amount=250,https://sendmoneycompare.com/send-money,0,0,0,"00:00, 1 Jan, 1970",0,0%,0,0,0%,0,0,0,1,Canonical ,https://sendmoneycompare.com/send-money
https://sendmoneycompare.com/send-money?from=AED&to=PKR&amount=5000,send-money?from=AED&to=PKR&amount=5000,https://sendmoneycompare.com/send-money,0,0,0,"00:00, 1 Jan, 1970",0,0%,0,0,0%,0,0,0,1,Canonical ,https://sendmoneycompare.com/send-money
https://sendmoneycompare.com/send-money?from=AED&to=INR&amount=5000,send-money?from=AED&to=INR&amount=5000,https://sendmoneycompare.com/send-money,0,0,0,"00:00, 1 Jan, 1970",0,0%,0,0,0%,0,0,0,1,Canonical ,https://sendmoneycompare.com/send-money
https://sendmoneycompare.com/send-money?from=GBP&to=INR&amount=500,send-money?from=GBP&to=INR&amount=500,https://sendmoneycompare.com/send-money,0,0,0,"00:00, 1 Jan, 1970",0,0%,0,0,0%,0,0,0,1,Canonical ,https://sendmoneycompare.com/send-money
https://sendmoneycompare.com/exchange-rates/history/usd-to-cad,exchange-rates/history/usd-to-cad,USD to CAD Exchange Rate History— Rate Trends (September 2026),0,377,"1,506","14:44, 26 Sep, 2026",193,13%,5,653,43%,8,0,76,6,,
https://sendmoneycompare.com/send-money?from=USD&to=INR&amount=2500,send-money?from=USD&to=INR&amount=2500,https://sendmoneycompare.com/send-money,0,0,0,"00:00, 1 Jan, 1970",0,0%,0,0,0%,0,0,0,1,Canonical ,https://sendmoneycompare.com/send-money
https://sendmoneycompare.com/send-money/send-money-to-uae,send-money/send-money-to-uae,Cheapest Way to Send Money to UAE— Compare AED Rates (2026),0,199,"1,538","14:44, 26 Sep, 2026",404,26%,7,883,57%,13,0,84,2,,
https://sendmoneycompare.com/send-money?from=USD&to=RWF&amount=450,send-money?from=USD&to=RWF&amount=450,https://sendmoneycompare.com/send-money,0,0,0,"00:00, 1 Jan, 1970",0,0%,0,0,0%,0,0,0,1,Canonical ,https://sendmoneycompare.com/send-money
https://sendmoneycompare.com/send-money?from=USD&to=MXN&amount=1100,send-money?from=USD&to=MXN&amount=1100,https://sendmoneycompare.com/send-money,0,0,0,"00:00, 1 Jan, 1970",0,0%,0,0,0%,0,0,0,1,Canonical ,https://sendmoneycompare.com/send-money
https://sendmoneycompare.com/exchange-rates/history/usd-to-aud,exchange-rates/history/usd-to-aud,USD to AUD Exchange Rate History— Rate Trends (September 2026),0,340,"1,675","14:44, 26 Sep, 2026",248,15%,4,660,39%,8,0,76,6,,
https://sendmoneycompare.com/send-money?from=USD&to=INR&amount=400,send-money?from=USD&to=INR&amount=400,https://sendmoneycompare.com/send-money,0,0,0,"00:00, 1 Jan, 1970",0,0%,0,0,0%,0,0,0,1,Canonical ,https://sendmoneycompare.com/send-money
https://sendmoneycompare.com/send-money?from=GBP&to=AUD&amount=1000,send-money?from=GBP&to=AUD&amount=1000,https://sendmoneycompare.com/send-money,0,0,0,"00:00, 1 Jan, 1970",0,0%,0,0,0%,0,0,0,1,Canonical ,https://sendmoneycompare.com/send-money
https://sendmoneycompare.com/send-money/austria-to-sri-lanka,send-money/austria-to-sri-lanka,Cheapest Way to Send Money Austria to Sri Lanka— EUR→LKR (2026),0,544,"3,282","14:44, 26 Sep, 2026",523,16%,24,"1,385",42%,25,0,92,7,,
https://sendmoneycompare.com/send-money?from=CAD&to=INR&amount=1000,send-money?from=CAD&to=INR&amount=1000,https://sendmoneycompare.com/send-money,0,0,0,"00:00, 1 Jan, 1970",0,0%,0,0,0%,0,0,0,2,Canonical ,https://sendmoneycompare.com/send-money
https://sendmoneycompare.com/send-money?from=USD&to=VND&amount=1000,send-money?from=USD&to=VND&amount=1000,https://sendmoneycompare.com/send-money,0,0,0,"00:00, 1 Jan, 1970",0,0%,0,0,0%,0,0,0,1,Canonical ,https://sendmoneycompare.com/send-money
https://sendmoneycompare.com/send-money?from=GBP&to=EUR&amount=1100,send-money?from=GBP&to=EUR&amount=1100,https://sendmoneycompare.com/send-money,0,0,0,"00:00, 1 Jan, 1970",0,0%,0,0,0%,0,0,0,1,Canonical ,https://sendmoneycompare.com/send-money
https://sendmoneycompare.com/send-money?from=EUR&to=INR&amount=450,send-money?from=EUR&to=INR&amount=450,https://sendmoneycompare.com/send-money,0,0,0,"00:00, 1 Jan, 1970",0,0%,0,0,0%,0,0,0,1,Canonical ,https://sendmoneycompare.com/send-money
https://sendmoneycompare.com/send-money?from=EUR&to=BRL&amount=1000,send-money?from=EUR&to=BRL&amount=1000,https://sendmoneycompare.com/send-money,0,0,0,"00:00, 1 Jan, 1970",0,0%,0,0,0%,0,0,0,1,Canonical ,https://sendmoneycompare.com/send-money
https://sendmoneycompare.com/send-money?from=GBP&to=BRL&amount=1000,send-money?from=GBP&to=BRL&amount=1000,https://sendmoneycompare.com/send-money,0,0,0,"00:00, 1 Jan, 1970",0,0%,0,0,0%,0,0,0,1,Canonical ,https://sendmoneycompare.com/send-money
https://sendmoneycompare.com/send-money?from=GBP&to=NGN&amount=450,send-money?from=GBP&to=NGN&amount=450,https://sendmoneycompare.com/send-money,0,0,0,"00:00, 1 Jan, 1970",0,0%,0,0,0%,0,0,0,1,Canonical ,https://sendmoneycompare.com/send-money
https://sendmoneycompare.com/send-money?from=EUR&to=TRY&amount=1000,send-money?from=EUR&to=TRY&amount=1000,https://sendmoneycompare.com/send-money,0,0,0,"00:00, 1 Jan, 1970",0,0%,0,0,0%,0,0,0,1,Canonical ,https://sendmoneycompare.com/send-money
https://sendmoneycompare.com/send-money?from=USD&to=MXN&amount=650,send-money?from=USD&to=MXN&amount=650,https://sendmoneycompare.com/send-money,0,0,0,"00:00, 1 Jan, 1970",0,0%,0,0,0%,0,0,0,1,Canonical ,https://sendmoneycompare.com/send-money
https://sendmoneycompare.com/send-money?from=USD&to=EUR&amount=1200,send-money?from=USD&to=EUR&amount=1200,https://sendmoneycompare.com/send-money,0,0,0,"00:00, 1 Jan, 1970",0,0%,0,0,0%,0,0,0,1,Canonical ,https://sendmoneycompare.com/send-money
https://sendmoneycompare.com/send-money?from=USD&to=KRW&amount=825,send-money?from=USD&to=KRW&amount=825,https://sendmoneycompare.com/send-money,0,0,0,"00:00, 1 Jan, 1970",0,0%,0,0,0%,0,0,0,1,Canonical ,https://sendmoneycompare.com/send-money
https://sendmoneycompare.com/send-money?from=USD&to=NZD&amount=825,send-money?from=USD&to=NZD&amount=825,https://sendmoneycompare.com/send-money,0,0,0,"00:00, 1 Jan, 1970",0,0%,0,0,0%,0,0,0,1,Canonical ,https://sendmoneycompare.com/send-money
https://sendmoneycompare.com/send-money/greece-to-poland,send-money/greece-to-poland,Cheapest Way to Send Money Greece to Poland— EUR→PLN (2026),0,848,"5,456","14:45, 26 Sep, 2026",418,8%,5,"1,051",19%,9,0,112,1,,
https://sendmoneycompare.com/send-money?from=USD&to=EUR&amount=2025,send-money?from=USD&to=EUR&amount=2025,https://sendmoneycompare.com/send-money,0,0,0,"00:00, 1 Jan, 1970",0,0%,0,0,0%,0,0,0,1,Canonical ,https://sendmoneycompare.com/send-money
https://sendmoneycompare.com/send-money?from=USD&to=PHP&amount=450,send-money?from=USD&to=PHP&amount=450,https://sendmoneycompare.com/send-money,0,0,0,"00:00, 1 Jan, 1970",0,0%,0,0,0%,0,0,0,1,Canonical ,https://sendmoneycompare.com/send-money
https://sendmoneycompare.com/send-money?from=GBP&to=PKR&amount=1000,send-money?from=GBP&to=PKR&amount=1000,https://sendmoneycompare.com/send-money,0,0,0,"00:00, 1 Jan, 1970",0,0%,0,0,0%,0,0,0,1,Canonical ,https://sendmoneycompare.com/send-money
https://sendmoneycompare.com/send-money?from=GBP&to=PHP&amount=1000,send-money?from=GBP&to=PHP&amount=1000,https://sendmoneycompare.com/send-money,0,0,0,"00:00, 1 Jan, 1970",0,0%,0,0,0%,0,0,0,2,Canonical ,https://sendmoneycompare.com/send-money
https://sendmoneycompare.com/send-money?from=USD&to=PKR&amount=450,send-money?from=USD&to=PKR&amount=450,https://sendmoneycompare.com/send-money,0,0,0,"00:00, 1 Jan, 1970",0,0%,0,0,0%,0,0,0,1,Canonical ,https://sendmoneycompare.com/send-money
https://sendmoneycompare.com/send-money?from=USD&to=EUR&amount=600,send-money?from=USD&to=EUR&amount=600,https://sendmoneycompare.com/send-money,0,0,0,"00:00, 1 Jan, 1970",0,0%,0,0,0%,0,0,0,1,Canonical ,https://sendmoneycompare.com/send-money
https://sendmoneycompare.com/send-money?from=GBP&to=PLN&amount=1000,send-money?from=GBP&to=PLN&amount=1000,https://sendmoneycompare.com/send-money,0,0,0,"00:00, 1 Jan, 1970",0,0%,0,0,0%,0,0,0,1,Canonical ,https://sendmoneycompare.com/send-money
https://sendmoneycompare.com/send-money/send-money-to-bolivia,send-money/send-money-to-bolivia,,0,365,"1,888","14:45, 26 Sep, 2026",0,0%,0,0,0%,0,0,75,1,Robots meta tag contains noindex instruction,
https://sendmoneycompare.com/send-money/send-money-to-zambia,send-money/send-money-to-zambia,Cheapest Way to Send Money to Zambia— Compare ZMW Rates (2026),0,651,"4,430","14:45, 26 Sep, 2026",705,16%,4,"1,139",26%,6,0,91,1,,
https://sendmoneycompare.com/send-money?from=USD&to=MXN&amount=500,send-money?from=USD&to=MXN&amount=500,https://sendmoneycompare.com/send-money,0,0,0,"00:00, 1 Jan, 1970",0,0%,0,0,0%,0,0,0,1,Canonical ,https://sendmoneycompare.com/send-money
https://sendmoneycompare.com/send-money/belgium-to-morocco,send-money/belgium-to-morocco,Cheapest Way to Send Money Belgium to Morocco— EUR→MAD (2026),0,"1,080","5,742","14:45, 26 Sep, 2026",660,11%,6,"1,441",25%,8,0,141,1,,
https://sendmoneycompare.com/send-money?from=USD&to=EUR&amount=2500,send-money?from=USD&to=EUR&amount=2500,https://sendmoneycompare.com/send-money,0,0,0,"00:00, 1 Jan, 1970",0,0%,0,0,0%,0,0,0,1,Canonical ,https://sendmoneycompare.com/send-money
https://sendmoneycompare.com/send-money?from=USD&to=EUR&amount=5000,send-money?from=USD&to=EUR&amount=5000,https://sendmoneycompare.com/send-money,0,0,0,"00:00, 1 Jan, 1970",0,0%,0,0,0%,0,0,0,1,Canonical ,https://sendmoneycompare.com/send-money
https://sendmoneycompare.com/send-money?from=USD&to=MXN&amount=450,send-money?from=USD&to=MXN&amount=450,https://sendmoneycompare.com/send-money,0,0,0,"00:00, 1 Jan, 1970",0,0%,0,0,0%,0,0,0,1,Canonical ,https://sendmoneycompare.com/send-money
https://sendmoneycompare.com/send-money?from=USD&to=INR&amount=450,send-money?from=USD&to=INR&amount=450,https://sendmoneycompare.com/send-money,0,0,0,"00:00, 1 Jan, 1970",0,0%,0,0,0%,0,0,0,1,Canonical ,https://sendmoneycompare.com/send-money
https://sendmoneycompare.com/send-money?from=EUR&to=MAD&amount=500,send-money?from=EUR&to=MAD&amount=500,https://sendmoneycompare.com/send-money,0,0,0,"00:00, 1 Jan, 1970",0,0%,0,0,0%,0,0,0,1,Canonical ,https://sendmoneycompare.com/send-money
https://sendmoneycompare.com/send-money?from=USD&to=COP&amount=1000,send-money?from=USD&to=COP&amount=1000,https://sendmoneycompare.com/send-money,0,0,0,"00:00, 1 Jan, 1970",0,0%,0,0,0%,0,0,0,1,Canonical ,https://sendmoneycompare.com/send-money
https://sendmoneycompare.com/send-money/austria-to-uganda,send-money/austria-to-uganda,Cheapest Way to Send Money Austria to Uganda— EUR→UGX (2026),0,504,"3,093","14:44, 26 Sep, 2026",586,19%,10,"1,553",50%,13,0,94,6,,
https://sendmoneycompare.com/send-money/austria-to-tanzania,send-money/austria-to-tanzania,Cheapest Way to Send Money Austria to Tanzania— EUR→TZS (2026),0,480,"2,873","14:44, 26 Sep, 2026",551,19%,11,"1,379",48%,14,0,90,6,,
https://sendmoneycompare.com/send-money/austria-to-senegal,send-money/austria-to-senegal,Cheapest Way to Send Money Austria to Senegal— EUR→XOF (2026),0,489,"3,008","14:44, 26 Sep, 2026",549,18%,8,"1,451",48%,11,0,93,6,,
https://sendmoneycompare.com/send-money/austria-to-cameroon,send-money/austria-to-cameroon,,0,490,"3,008","14:44, 26 Sep, 2026",0,0%,0,0,0%,0,0,93,6,Robots meta tag contains noindex instruction,
https://sendmoneycompare.com/send-money?from=USD&to=ETB&amount=500,send-money?from=USD&to=ETB&amount=500,https://sendmoneycompare.com/send-money,0,0,0,"00:00, 1 Jan, 1970",0,0%,0,0,0%,0,0,0,1,Canonical ,https://sendmoneycompare.com/send-money
https://sendmoneycompare.com/send-money?from=USD&to=MXN&amount=2000,send-money?from=USD&to=MXN&amount=2000,https://sendmoneycompare.com/send-money,0,0,0,"00:00, 1 Jan, 1970",0,0%,0,0,0%,0,0,0,1,Canonical ,https://sendmoneycompare.com/send-money
https://sendmoneycompare.com/send-money?from=USD&to=PHP&amount=750,send-money?from=USD&to=PHP&amount=750,https://sendmoneycompare.com/send-money,0,0,0,"00:00, 1 Jan, 1970",0,0%,0,0,0%,0,0,0,1,Canonical ,https://sendmoneycompare.com/send-money
https://sendmoneycompare.com/send-money?from=USD&to=PKR&amount=1500,send-money?from=USD&to=PKR&amount=1500,https://sendmoneycompare.com/send-money,0,0,0,"00:00, 1 Jan, 1970",0,0%,0,0,0%,0,0,0,1,Canonical ,https://sendmoneycompare.com/send-money
https://sendmoneycompare.com/send-money?from=USD&to=MXN&amount=750,send-money?from=USD&to=MXN&amount=750,https://sendmoneycompare.com/send-money,0,0,0,"00:00, 1 Jan, 1970",0,0%,0,0,0%,0,0,0,1,Canonical ,https://sendmoneycompare.com/send-money
https://sendmoneycompare.com/send-money?from=GBP&to=INR&amount=2000,send-money?from=GBP&to=INR&amount=2000,https://sendmoneycompare.com/send-money,0,0,0,"00:00, 1 Jan, 1970",0,0%,0,0,0%,0,0,0,1,Canonical ,https://sendmoneycompare.com/send-money
https://sendmoneycompare.com/send-money?from=USD&to=PHP&amount=1500,send-money?from=USD&to=PHP&amount=1500,https://sendmoneycompare.com/send-money,0,0,0,"00:00, 1 Jan, 1970",0,0%,0,0,0%,0,0,0,1,Canonical ,https://sendmoneycompare.com/send-money
https://sendmoneycompare.com/send-money?from=CAD&to=INR&amount=500,send-money?from=CAD&to=INR&amount=500,https://sendmoneycompare.com/send-money,0,0,0,"00:00, 1 Jan, 1970",0,0%,0,0,0%,0,0,0,1,Canonical ,https://sendmoneycompare.com/send-money
https://sendmoneycompare.com/send-money?from=USD&to=GBP&amount=500,send-money?from=USD&to=GBP&amount=500,https://sendmoneycompare.com/send-money,0,0,0,"00:00, 1 Jan, 1970",0,0%,0,0,0%,0,0,0,1,Canonical ,https://sendmoneycompare.com/send-money
https://sendmoneycompare.com/send-money?from=USD&to=INR&amount=350,send-money?from=USD&to=INR&amount=350,https://sendmoneycompare.com/send-money,0,0,0,"00:00, 1 Jan, 1970",0,0%,0,0,0%,0,0,0,1,Canonical ,https://sendmoneycompare.com/send-money
https://sendmoneycompare.com/send-money?from=AUD&to=INR&amount=1000,send-money?from=AUD&to=INR&amount=1000,https://sendmoneycompare.com/send-money,0,0,0,"00:00, 1 Jan, 1970",0,0%,0,0,0%,0,0,0,1,Canonical ,https://sendmoneycompare.com/send-money
https://sendmoneycompare.com/send-money?from=USD&to=LKR&amount=1000,send-money?from=USD&to=LKR&amount=1000,https://sendmoneycompare.com/send-money,0,0,0,"00:00, 1 Jan, 1970",0,0%,0,0,0%,0,0,0,1,Canonical ,https://sendmoneycompare.com/send-money
https://sendmoneycompare.com/exchange-rates/history/usd-to-hnl,exchange-rates/history/usd-to-hnl,,0,665,"2,780","14:44, 26 Sep, 2026",0,0%,0,0,0%,0,0,76,6,Robots meta tag contains noindex instruction,
https://sendmoneycompare.com/exchange-rates/history/usd-to-jpy,exchange-rates/history/usd-to-jpy,USD to JPY Exchange Rate History— Rate Trends (September 2026),0,640,"2,915","14:44, 26 Sep, 2026",101,3%,2,513,18%,4,0,77,7,,
https://sendmoneycompare.com/send-money?from=USD&to=INR&amount=900,send-money?from=USD&to=INR&amount=900,https://sendmoneycompare.com/send-money,0,0,0,"00:00, 1 Jan, 1970",0,0%,0,0,0%,0,0,0,1,Canonical ,https://sendmoneycompare.com/send-money
https://sendmoneycompare.com/exchange-rates/history/gbp-to-usd,exchange-rates/history/gbp-to-usd,GBP to USD Exchange Rate History— Rate Trends (September 2026),0,819,"3,073","14:44, 26 Sep, 2026",421,14%,2,421,14%,2,0,75,4,,
https://sendmoneycompare.com/send-money?from=USD&to=PHP&amount=1000,send-money?from=USD&to=PHP&amount=1000,https://sendmoneycompare.com/send-money,0,0,0,"00:00, 1 Jan, 1970",0,0%,0,0,0%,0,0,0,2,Canonical ,https://sendmoneycompare.com/send-money
https://sendmoneycompare.com/exchange-rates/history/eur-to-jpy,exchange-rates/history/eur-to-jpy,EUR to JPY Exchange Rate History— Rate Trends (September 2026),0,155,727,"14:44, 26 Sep, 2026",295,41%,12,556,76%,22,0,74,3,,
https://sendmoneycompare.com/exchange-rates/history/eur-to-usd,exchange-rates/history/eur-to-usd,EUR to USD Exchange Rate History— Rate Trends (September 2026),0,726,"3,068","14:44, 26 Sep, 2026",275,9%,2,539,18%,3,0,76,5,,
https://sendmoneycompare.com/send-money?from=USD&to=NGN&amount=500,send-money?from=USD&to=NGN&amount=500,https://sendmoneycompare.com/send-money,0,0,0,"00:00, 1 Jan, 1970",0,0%,0,0,0%,0,0,0,1,Canonical ,https://sendmoneycompare.com/send-money
https://sendmoneycompare.com/send-money?from=USD&to=EUR&amount=1500,send-money?from=USD&to=EUR&amount=1500,https://sendmoneycompare.com/send-money,0,0,0,"00:00, 1 Jan, 1970",0,0%,0,0,0%,0,0,0,1,Canonical ,https://sendmoneycompare.com/send-money
https://sendmoneycompare.com/send-money?from=USD&to=INR&amount=5000,send-money?from=USD&to=INR&amount=5000,https://sendmoneycompare.com/send-money,0,0,0,"00:00, 1 Jan, 1970",0,0%,0,0,0%,0,0,0,1,Canonical ,https://sendmoneycompare.com/send-money
https://sendmoneycompare.com/send-money?from=GBP&to=EUR&amount=2000,send-money?from=GBP&to=EUR&amount=2000,https://sendmoneycompare.com/send-money,0,0,0,"00:00, 1 Jan, 1970",0,0%,0,0,0%,0,0,0,1,Canonical ,https://sendmoneycompare.com/send-money
https://sendmoneycompare.com/send-money?from=USD&to=INR&amount=800,send-money?from=USD&to=INR&amount=800,https://sendmoneycompare.com/send-money,0,0,0,"00:00, 1 Jan, 1970",0,0%,0,0,0%,0,0,0,1,Canonical ,https://sendmoneycompare.com/send-money
https://sendmoneycompare.com/send-money?from=USD&to=GBP&amount=2000,send-money?from=USD&to=GBP&amount=2000,https://sendmoneycompare.com/send-money,0,0,0,"00:00, 1 Jan, 1970",0,0%,0,0,0%,0,0,0,1,Canonical ,https://sendmoneycompare.com/send-money
https://sendmoneycompare.com/send-money?from=USD&to=PKR&amount=750,send-money?from=USD&to=PKR&amount=750,https://sendmoneycompare.com/send-money,0,0,0,"00:00, 1 Jan, 1970",0,0%,0,0,0%,0,0,0,1,Canonical ,https://sendmoneycompare.com/send-money
https://sendmoneycompare.com/send-money?from=EUR&to=INR&amount=1000,send-money?from=EUR&to=INR&amount=1000,https://sendmoneycompare.com/send-money,0,0,0,"00:00, 1 Jan, 1970",0,0%,0,0,0%,0,0,0,1,Canonical ,https://sendmoneycompare.com/send-money
https://sendmoneycompare.com/send-money?from=USD&to=PKR&amount=2000,send-money?from=USD&to=PKR&amount=2000,https://sendmoneycompare.com/send-money,0,0,0,"00:00, 1 Jan, 1970",0,0%,0,0,0%,0,0,0,1,Canonical ,https://sendmoneycompare.com/send-money
https://sendmoneycompare.com/send-money?from=CNY&to=AUD&amount=10000,send-money?from=CNY&to=AUD&amount=10000,https://sendmoneycompare.com/send-money,0,0,0,"00:00, 1 Jan, 1970",0,0%,0,0,0%,0,0,0,1,Canonical ,https://sendmoneycompare.com/send-money
https://sendmoneycompare.com/exchange-rates/history/aud-to-usd,exchange-rates/history/aud-to-usd,AUD to USD Exchange Rate History— Rate Trends (September 2026),0,720,"2,979","14:44, 26 Sep, 2026",494,17%,2,494,17%,2,0,74,3,,
https://sendmoneycompare.com/exchange-rates/history/cad-to-usd,exchange-rates/history/cad-to-usd,CAD to USD Exchange Rate History— Rate Trends (September 2026),0,712,"3,008","14:44, 26 Sep, 2026",437,15%,1,437,15%,1,0,74,3,,
https://sendmoneycompare.com/send-money?from=USD&to=EUR&amount=3000,send-money?from=USD&to=EUR&amount=3000,https://sendmoneycompare.com/send-money,0,0,0,"00:00, 1 Jan, 1970",0,0%,0,0,0%,0,0,0,1,Canonical ,https://sendmoneycompare.com/send-money
https://sendmoneycompare.com/send-money?from=USD&to=INR&amount=600,send-money?from=USD&to=INR&amount=600,https://sendmoneycompare.com/send-money,0,0,0,"00:00, 1 Jan, 1970",0,0%,0,0,0%,0,0,0,1,Canonical ,https://sendmoneycompare.com/send-money
https://sendmoneycompare.com/send-money?from=GBP&to=EUR&amount=500,send-money?from=GBP&to=EUR&amount=500,https://sendmoneycompare.com/send-money,0,0,0,"00:00, 1 Jan, 1970",0,0%,0,0,0%,0,0,0,1,Canonical ,https://sendmoneycompare.com/send-money
https://sendmoneycompare.com/send-money?from=GBP&to=NGN&amount=1000,send-money?from=GBP&to=NGN&amount=1000,https://sendmoneycompare.com/send-money,0,0,0,"00:00, 1 Jan, 1970",0,0%,0,0,0%,0,0,0,2,Canonical ,https://sendmoneycompare.com/send-money
https://sendmoneycompare.com/send-money?from=CNY&to=GBP&amount=10000,send-money?from=CNY&to=GBP&amount=10000,https://sendmoneycompare.com/send-money,0,0,0,"00:00, 1 Jan, 1970",0,0%,0,0,0%,0,0,0,1,Canonical ,https://sendmoneycompare.com/send-money
https://sendmoneycompare.com/send-money?from=AED&to=INR&amount=1000,send-money?from=AED&to=INR&amount=1000,https://sendmoneycompare.com/send-money,0,0,0,"00:00, 1 Jan, 1970",0,0%,0,0,0%,0,0,0,2,Canonical ,https://sendmoneycompare.com/send-money
https://sendmoneycompare.com/send-money?from=GBP&to=EUR&amount=750,send-money?from=GBP&to=EUR&amount=750,https://sendmoneycompare.com/send-money,0,0,0,"00:00, 1 Jan, 1970",0,0%,0,0,0%,0,0,0,1,Canonical ,https://sendmoneycompare.com/send-money
https://sendmoneycompare.com/send-money?from=USD&to=KRW&amount=1000,send-money?from=USD&to=KRW&amount=1000,https://sendmoneycompare.com/send-money,0,0,0,"00:00, 1 Jan, 1970",0,0%,0,0,0%,0,0,0,1,Canonical ,https://sendmoneycompare.com/send-money
https://sendmoneycompare.com/send-money?from=SGD&to=INR&amount=1000,send-money?from=SGD&to=INR&amount=1000,https://sendmoneycompare.com/send-money,0,0,0,"00:00, 1 Jan, 1970",0,0%,0,0,0%,0,0,0,1,Canonical ,https://sendmoneycompare.com/send-money
https://sendmoneycompare.com/send-money?from=AED&to=PHP&amount=1000,send-money?from=AED&to=PHP&amount=1000,https://sendmoneycompare.com/send-money,0,0,0,"00:00, 1 Jan, 1970",0,0%,0,0,0%,0,0,0,1,Canonical ,https://sendmoneycompare.com/send-money
https://sendmoneycompare.com/send-money?from=SGD&to=PHP&amount=1000,send-money?from=SGD&to=PHP&amount=1000,https://sendmoneycompare.com/send-money,0,0,0,"00:00, 1 Jan, 1970",0,0%,0,0,0%,0,0,0,1,Canonical ,https://sendmoneycompare.com/send-money
https://sendmoneycompare.com/send-money?from=HKD&to=PHP&amount=1000,send-money?from=HKD&to=PHP&amount=1000,https://sendmoneycompare.com/send-money,0,0,0,"00:00, 1 Jan, 1970",0,0%,0,0,0%,0,0,0,1,Canonical ,https://sendmoneycompare.com/send-money
https://sendmoneycompare.com/send-money?from=USD&to=NPR&amount=1000,send-money?from=USD&to=NPR&amount=1000,https://sendmoneycompare.com/send-money,0,0,0,"00:00, 1 Jan, 1970",0,0%,0,0,0%,0,0,0,1,Canonical ,https://sendmoneycompare.com/send-money
https://sendmoneycompare.com/send-money?from=EUR&to=NGN&amount=1000,send-money?from=EUR&to=NGN&amount=1000,https://sendmoneycompare.com/send-money,0,0,0,"00:00, 1 Jan, 1970",0,0%,0,0,0%,0,0,0,1,Canonical ,https://sendmoneycompare.com/send-money
https://sendmoneycompare.com/send-money?from=CAD&to=NGN&amount=1000,send-money?from=CAD&to=NGN&amount=1000,https://sendmoneycompare.com/send-money,0,0,0,"00:00, 1 Jan, 1970",0,0%,0,0,0%,0,0,0,1,Canonical ,https://sendmoneycompare.com/send-money
https://sendmoneycompare.com/send-money?from=AED&to=PKR&amount=500,send-money?from=AED&to=PKR&amount=500,https://sendmoneycompare.com/send-money,0,0,0,"00:00, 1 Jan, 1970",0,0%,0,0,0%,0,0,0,1,Canonical ,https://sendmoneycompare.com/send-money
https://sendmoneycompare.com/send-money?from=CAD&to=MXN&amount=1000,send-money?from=CAD&to=MXN&amount=1000,https://sendmoneycompare.com/send-money,0,0,0,"00:00, 1 Jan, 1970",0,0%,0,0,0%,0,0,0,1,Canonical ,https://sendmoneycompare.com/send-money
https://sendmoneycompare.com/send-money?from=USD&to=KES&amount=1000,send-money?from=USD&to=KES&amount=1000,https://sendmoneycompare.com/send-money,0,0,0,"00:00, 1 Jan, 1970",0,0%,0,0,0%,0,0,0,1,Canonical ,https://sendmoneycompare.com/send-money
https://sendmoneycompare.com/send-money?from=GBP&to=KES&amount=1000,send-money?from=GBP&to=KES&amount=1000,https://sendmoneycompare.com/send-money,0,0,0,"00:00, 1 Jan, 1970",0,0%,0,0,0%,0,0,0,1,Canonical ,https://sendmoneycompare.com/send-money
https://sendmoneycompare.com/send-money?from=EUR&to=KES&amount=1000,send-money?from=EUR&to=KES&amount=1000,https://sendmoneycompare.com/send-money,0,0,0,"00:00, 1 Jan, 1970",0,0%,0,0,0%,0,0,0,1,Canonical ,https://sendmoneycompare.com/send-money
https://sendmoneycompare.com/alternatives,alternatives,"Money Transfer Alternatives, Measured on Shared Routes",0,104,482,"14:45, 26 Sep, 2026",0,0%,0,234,49%,33,0,76,8,,
https://sendmoneycompare.com/send-money?from=USD&to=INR&amount=1750,send-money?from=USD&to=INR&amount=1750,https://sendmoneycompare.com/send-money,0,0,0,"00:00, 1 Jan, 1970",0,0%,0,0,0%,0,0,0,1,Canonical ,https://sendmoneycompare.com/send-money
https://sendmoneycompare.com/send-money?from=GBP&to=BDT&amount=1000,send-money?from=GBP&to=BDT&amount=1000,https://sendmoneycompare.com/send-money,0,0,0,"00:00, 1 Jan, 1970",0,0%,0,0,0%,0,0,0,1,Canonical ,https://sendmoneycompare.com/send-money
https://sendmoneycompare.com/send-money?from=GBP&to=NGN&amount=500,send-money?from=GBP&to=NGN&amount=500,https://sendmoneycompare.com/send-money,0,0,0,"00:00, 1 Jan, 1970",0,0%,0,0,0%,0,0,0,1,Canonical ,https://sendmoneycompare.com/send-money
https://sendmoneycompare.com/send-money?from=USD&to=KES&amount=500,send-money?from=USD&to=KES&amount=500,https://sendmoneycompare.com/send-money,0,0,0,"00:00, 1 Jan, 1970",0,0%,0,0,0%,0,0,0,1,Canonical ,https://sendmoneycompare.com/send-money
https://sendmoneycompare.com/travel/thailand,travel/thailand,"Thailand Travel Guide 2026: Money, eSIM, Culture& Currency",0,253,"3,397","14:45, 26 Sep, 2026",113,3%,7,771,23%,10,0,80,1,,
https://sendmoneycompare.com/travel/france,travel/france,"France Travel Guide 2026: Money, eSIM, Culture& Currency",0,249,"3,248","14:45, 26 Sep, 2026",563,17%,6,"1,204",37%,8,0,80,1,,
https://sendmoneycompare.com/travel/spain,travel/spain,"Spain Travel Guide 2026: Money, eSIM, Culture& Currency",0,249,"3,229","14:45, 26 Sep, 2026",561,17%,7,"1,269",39%,9,0,80,1,,
https://sendmoneycompare.com/travel/italy,travel/italy,"Italy Travel Guide 2026: Money, eSIM, Culture& Currency",0,254,"3,459","14:45, 26 Sep, 2026",442,13%,5,"1,192",34%,7,0,80,1,,
https://sendmoneycompare.com/travel/turkey,travel/turkey,"Turkey Travel Guide 2026: Money, eSIM, Culture& Currency",0,256,"3,452","14:45, 26 Sep, 2026",493,14%,2,774,22%,3,0,80,1,,
https://sendmoneycompare.com/travel/united-kingdom,travel/united-kingdom,"United Kingdom Travel Guide 2026: Money, eSIM, Culture& Currency",0,249,"3,414","14:45, 26 Sep, 2026",310,9%,4,915,27%,4,0,80,1,,
https://sendmoneycompare.com/travel/india,travel/india,"India Travel Guide 2026: Money, eSIM, Culture& Currency",0,250,"3,526","14:45, 26 Sep, 2026",96,3%,4,739,21%,6,0,79,1,,
https://sendmoneycompare.com/travel/mexico,travel/mexico,"Mexico Travel Guide 2026: Money, eSIM, Culture& Currency",0,252,"3,457","14:45, 26 Sep, 2026",677,20%,2,677,20%,2,0,80,1,,
https://sendmoneycompare.com/travel/japan,travel/japan,"Japan Travel Guide 2026: Money, eSIM, Culture& Currency",0,246,"3,478","14:45, 26 Sep, 2026",154,4%,4,787,23%,5,0,79,1,,
https://sendmoneycompare.com/travel/uae,travel/uae,"United Arab Emirates Travel Guide 2026: Money, eSIM& Currency",0,251,"3,521","14:45, 26 Sep, 2026",313,9%,4,918,26%,7,0,79,1,,
https://sendmoneycompare.com/travel/saudi-arabia,travel/saudi-arabia,"Saudi Arabia Travel Guide 2026: Money, eSIM, Culture& Currency",0,245,"3,471","14:45, 26 Sep, 2026",276,8%,3,868,25%,6,0,76,1,,
https://sendmoneycompare.com/send-money?from=USD&to=AED&amount=1000,send-money?from=USD&to=AED&amount=1000,https://sendmoneycompare.com/send-money,0,0,0,"00:00, 1 Jan, 1970",0,0%,0,0,0%,0,0,0,1,Canonical ,https://sendmoneycompare.com/send-money
https://sendmoneycompare.com/send-money?from=USD&to=SAR&amount=1000,send-money?from=USD&to=SAR&amount=1000,https://sendmoneycompare.com/send-money,0,0,0,"00:00, 1 Jan, 1970",0,0%,0,0,0%,0,0,0,1,Canonical ,https://sendmoneycompare.com/send-money
https://sendmoneycompare.com/send-money?from=USD&to=JPY&amount=100,send-money?from=USD&to=JPY&amount=100,https://sendmoneycompare.com/send-money,0,0,0,"00:00, 1 Jan, 1970",0,0%,0,0,0%,0,0,0,1,Canonical ,https://sendmoneycompare.com/send-money
https://sendmoneycompare.com/send-money?from=USD&to=JPY&amount=1000,send-money?from=USD&to=JPY&amount=1000,https://sendmoneycompare.com/send-money,0,0,0,"00:00, 1 Jan, 1970",0,0%,0,0,0%,0,0,0,1,Canonical ,https://sendmoneycompare.com/send-money
https://sendmoneycompare.com/send-money?from=USD&to=THB&amount=100,send-money?from=USD&to=THB&amount=100,https://sendmoneycompare.com/send-money,0,0,0,"00:00, 1 Jan, 1970",0,0%,0,0,0%,0,0,0,1,Canonical ,https://sendmoneycompare.com/send-money
https://sendmoneycompare.com/send-money?from=USD&to=THB&amount=1000,send-money?from=USD&to=THB&amount=1000,https://sendmoneycompare.com/send-money,0,0,0,"00:00, 1 Jan, 1970",0,0%,0,0,0%,0,0,0,1,Canonical ,https://sendmoneycompare.com/send-money
https://sendmoneycompare.com/send-money?from=USD&to=TRY&amount=100,send-money?from=USD&to=TRY&amount=100,https://sendmoneycompare.com/send-money,0,0,0,"00:00, 1 Jan, 1970",0,0%,0,0,0%,0,0,0,1,Canonical ,https://sendmoneycompare.com/send-money
https://sendmoneycompare.com/send-money?from=USD&to=TRY&amount=1000,send-money?from=USD&to=TRY&amount=1000,https://sendmoneycompare.com/send-money,0,0,0,"00:00, 1 Jan, 1970",0,0%,0,0,0%,0,0,0,1,Canonical ,https://sendmoneycompare.com/send-money
https://sendmoneycompare.com/send-money?from=USD&to=CNY&amount=450,send-money?from=USD&to=CNY&amount=450,https://sendmoneycompare.com/send-money,0,0,0,"00:00, 1 Jan, 1970",0,0%,0,0,0%,0,0,0,1,Canonical ,https://sendmoneycompare.com/send-money
https://sendmoneycompare.com/send-money?from=GBP&to=INR&amount=450,send-money?from=GBP&to=INR&amount=450,https://sendmoneycompare.com/send-money,0,0,0,"00:00, 1 Jan, 1970",0,0%,0,0,0%,0,0,0,1,Canonical ,https://sendmoneycompare.com/send-money
https://sendmoneycompare.com/send-money?from=GBP&to=NGN&amount=650,send-money?from=GBP&to=NGN&amount=650,https://sendmoneycompare.com/send-money,0,0,0,"00:00, 1 Jan, 1970",0,0%,0,0,0%,0,0,0,1,Canonical ,https://sendmoneycompare.com/send-money
https://sendmoneycompare.com/send-money?from=GBP&to=KES&amount=450,send-money?from=GBP&to=KES&amount=450,https://sendmoneycompare.com/send-money,0,0,0,"00:00, 1 Jan, 1970",0,0%,0,0,0%,0,0,0,1,Canonical ,https://sendmoneycompare.com/send-money
https://sendmoneycompare.com/send-money?from=USD&to=INR&amount=650,send-money?from=USD&to=INR&amount=650,https://sendmoneycompare.com/send-money,0,0,0,"00:00, 1 Jan, 1970",0,0%,0,0,0%,0,0,0,1,Canonical ,https://sendmoneycompare.com/send-money
https://sendmoneycompare.com/send-money?from=USD&to=MXN&amount=1300,send-money?from=USD&to=MXN&amount=1300,https://sendmoneycompare.com/send-money,0,0,0,"00:00, 1 Jan, 1970",0,0%,0,0,0%,0,0,0,1,Canonical ,https://sendmoneycompare.com/send-money
https://sendmoneycompare.com/send-money?from=USD&to=JMD&amount=500,send-money?from=USD&to=JMD&amount=500,https://sendmoneycompare.com/send-money,0,0,0,"00:00, 1 Jan, 1970",0,0%,0,0,0%,0,0,0,1,Canonical ,https://sendmoneycompare.com/send-money
https://sendmoneycompare.com/send-money?from=USD&to=PHP&amount=2000,send-money?from=USD&to=PHP&amount=2000,https://sendmoneycompare.com/send-money,0,0,0,"00:00, 1 Jan, 1970",0,0%,0,0,0%,0,0,0,1,Canonical ,https://sendmoneycompare.com/send-money
https://sendmoneycompare.com/send-money?from=USD&to=NGN&amount=2000,send-money?from=USD&to=NGN&amount=2000,https://sendmoneycompare.com/send-money,0,0,0,"00:00, 1 Jan, 1970",0,0%,0,0,0%,0,0,0,1,Canonical ,https://sendmoneycompare.com/send-money
https://sendmoneycompare.com/send-money?from=AUD&to=INR&amount=500,send-money?from=AUD&to=INR&amount=500,https://sendmoneycompare.com/send-money,0,0,0,"00:00, 1 Jan, 1970",0,0%,0,0,0%,0,0,0,1,Canonical ,https://sendmoneycompare.com/send-money
https://sendmoneycompare.com/send-money?from=GBP&to=NGN&amount=2000,send-money?from=GBP&to=NGN&amount=2000,https://sendmoneycompare.com/send-money,0,0,0,"00:00, 1 Jan, 1970",0,0%,0,0,0%,0,0,0,1,Canonical ,https://sendmoneycompare.com/send-money
