"url","title","canonical","noindex","html_bytes_uncompressed","h1_count","json_ld_parses"
"https://sendmoneycompare.com","Best Money Transfer Apps (2026): Ranked by Real Cost","https://sendmoneycompare.com","false","254888","1","true"
"https://sendmoneycompare.com/about","About SendMoneyCompare — Our Mission & Story","https://sendmoneycompare.com/about","false","116652","1","true"
"https://sendmoneycompare.com/about/ahsan-mukhtar","Ahsan Mukhtar — Co-founder, Marketing & Partnerships","https://sendmoneycompare.com/about/ahsan-mukhtar","false","108446","1","true"
"https://sendmoneycompare.com/about/akif-hazarvi","Akif Hazarvi — Editor-in-Chief at SendMoneyCompare","https://sendmoneycompare.com/about/akif-hazarvi","false","126975","1","true"
"https://sendmoneycompare.com/about/awais-imran","Awais Imran — Content Writer & Reviews Editor at SendMoneyCompare","https://sendmoneycompare.com/about/awais-imran","false","106526","1","true"
"https://sendmoneycompare.com/banks","Bank International Transfer Fees Compared (2026) | SendMoneyCompare","https://sendmoneycompare.com/banks","false","115081","1","true"
"https://sendmoneycompare.com/banks/barclays","Barclays International Transfer Fees | SendMoneyCompare","https://sendmoneycompare.com/banks/barclays","true","208776","1","true"
"https://sendmoneycompare.com/banks/chase","Chase International Wire Transfer Fees | SendMoneyCompare","https://sendmoneycompare.com/banks/chase","false","190494","1","true"
"https://sendmoneycompare.com/banks/hsbc","HSBC International Transfer Fees | SendMoneyCompare","https://sendmoneycompare.com/banks/hsbc","false","223470","1","true"
"https://sendmoneycompare.com/banks/lloyds","Lloyds Bank International Transfer Fees | SendMoneyCompare","https://sendmoneycompare.com/banks/lloyds","true","198743","1","true"
"https://sendmoneycompare.com/banks/wells-fargo","Wells Fargo International Wire Transfer Fees | SendMoneyCompare","https://sendmoneycompare.com/banks/wells-fargo","true","196339","1","true"
"https://sendmoneycompare.com/business","B2B International Payments — Compare Providers (2026)","https://sendmoneycompare.com/business","false","133818","1","true"
"https://sendmoneycompare.com/business/b2b-transfers","B2B International Money Transfer — Compare Business Providers (2026)","https://sendmoneycompare.com/business/b2b-transfers","true","246031","1","true"
"https://sendmoneycompare.com/business/bulk-payments","Bulk International Payments — Compare Batch Payment Providers (2026)","https://sendmoneycompare.com/business/bulk-payments","true","202935","1","true"
"https://sendmoneycompare.com/business/compare","Best Business Payment Providers Compared (7 September 2026)","https://sendmoneycompare.com/business/compare","false","271281","1","true"
"https://sendmoneycompare.com/business/small-business","Small Business International Payments — Cheapest Providers (2026)","https://sendmoneycompare.com/business/small-business","true","211299","1","true"
"https://sendmoneycompare.com/business/vendor-payments","International Vendor Payments — Cheapest Way to Pay Suppliers (2026)","https://sendmoneycompare.com/business/vendor-payments","false","204233","1","true"
"https://sendmoneycompare.com/cash-out","Cash Out Crypto by Country — Cheapest USDT/USDC Off-Ramp (2026)","https://sendmoneycompare.com/cash-out","true","109356","1","true"
"https://sendmoneycompare.com/cash-out/brazil","Cash Out Crypto in Brazil (2026) — Cheapest USDT/USDC Off-Ramp","https://sendmoneycompare.com/cash-out/brazil","true","121993","1","true"
"https://sendmoneycompare.com/cash-out/india","Cash Out Crypto in India (2026) — Cheapest USDT/USDC Off-Ramp","https://sendmoneycompare.com/cash-out/india","true","124169","1","true"
"https://sendmoneycompare.com/cash-out/kenya","Cash Out Crypto in Kenya (2026) — Cheapest USDT/USDC Off-Ramp","https://sendmoneycompare.com/cash-out/kenya","true","122810","1","true"
"https://sendmoneycompare.com/cash-out/mexico","Cash Out Crypto in Mexico (2026) — Cheapest USDT/USDC Off-Ramp","https://sendmoneycompare.com/cash-out/mexico","true","123037","1","true"
"https://sendmoneycompare.com/cash-out/nigeria","Cash Out Crypto in Nigeria (2026) — Cheapest USDT/USDC Off-Ramp","https://sendmoneycompare.com/cash-out/nigeria","true","123668","1","true"
"https://sendmoneycompare.com/cash-out/philippines","Cash Out Crypto in Philippines (2026) — Cheapest USDT/USDC Off-Ramp","https://sendmoneycompare.com/cash-out/philippines","true","125144","1","true"
"https://sendmoneycompare.com/companies","Best Money Transfer Companies 2026: 50+ Apps Ranked (Real Fees)","https://sendmoneycompare.com/companies","false","409730","1","true"
"https://sendmoneycompare.com/companies/ace-money-transfer","ACE Money Transfer Review 2026 — Cheaper Options on Your Route?","https://sendmoneycompare.com/companies/ace-money-transfer","false","156763","1","true"
"https://sendmoneycompare.com/companies/anz","ANZ Review 2026 — Cheaper Options on Your Route?","https://sendmoneycompare.com/companies/anz","true","147342","1","true"
"https://sendmoneycompare.com/companies/bank-of-america","Bank of America Review 2026 — Cheaper Options on Your Route?","https://sendmoneycompare.com/companies/bank-of-america","true","152321","1","true"
"https://sendmoneycompare.com/companies/barclays","Barclays Review 2026 — Cheaper Options on Your Route?","https://sendmoneycompare.com/companies/barclays","true","149602","1","true"
"https://sendmoneycompare.com/companies/boss-money","BOSS Money Review 2026 — Cheaper Options on Your Route?","https://sendmoneycompare.com/companies/boss-money","true","151475","1","true"
"https://sendmoneycompare.com/companies/chase","Chase Review 2026 — Cheaper Options on Your Route?","https://sendmoneycompare.com/companies/chase","true","154359","1","true"
"https://sendmoneycompare.com/companies/commonwealth-bank","Commonwealth Bank Review 2026 — Cheaper Options on Your Route?","https://sendmoneycompare.com/companies/commonwealth-bank","true","149954","1","true"
"https://sendmoneycompare.com/companies/currencies-direct","Currencies Direct Review 2026: ★4.9 — Cheaper Options on Your Route?","https://sendmoneycompare.com/companies/currencies-direct","true","152599","1","true"
"https://sendmoneycompare.com/companies/currencyfair","CurrencyFair Review 2026 — Cheaper Options on Your Route?","https://sendmoneycompare.com/companies/currencyfair","true","151925","1","true"
"https://sendmoneycompare.com/companies/dahabshiil","Dahabshiil Review 2026 — Cheaper Options on Your Route?","https://sendmoneycompare.com/companies/dahabshiil","true","150391","1","true"
"https://sendmoneycompare.com/companies/deutsche-bank","Deutsche Bank Review 2026 — Cheaper Options on Your Route?","https://sendmoneycompare.com/companies/deutsche-bank","true","149943","1","true"
"https://sendmoneycompare.com/companies/fairfx","FairFX Review 2026 — Cheaper Options on Your Route?","https://sendmoneycompare.com/companies/fairfx","true","149698","1","true"
"https://sendmoneycompare.com/companies/gme-remit","GME Remit Review 2026 — Cheaper Options on Your Route?","https://sendmoneycompare.com/companies/gme-remit","true","155443","1","true"
"https://sendmoneycompare.com/companies/hsbc","HSBC Review 2026 — Cheaper Options on Your Route?","https://sendmoneycompare.com/companies/hsbc","true","154354","1","true"
"https://sendmoneycompare.com/companies/instarem","InstaReM Review 2026: ★4.1 — Cheaper Options on Your Route?","https://sendmoneycompare.com/companies/instarem","false","157171","1","true"
"https://sendmoneycompare.com/companies/koho","KOHO Review 2026 — Cheaper Options on Your Route?","https://sendmoneycompare.com/companies/koho","true","149427","1","true"
"https://sendmoneycompare.com/companies/lemfi","LemFi Review 2026 — Cheaper Options on Your Route?","https://sendmoneycompare.com/companies/lemfi","false","154738","1","true"
"https://sendmoneycompare.com/companies/lloyds","Lloyds Bank Review 2026 — Cheaper Options on Your Route?","https://sendmoneycompare.com/companies/lloyds","true","148797","1","true"
"https://sendmoneycompare.com/companies/monese","Monese Review 2026 — Cheaper Options on Your Route?","https://sendmoneycompare.com/companies/monese","true","151550","1","true"
"https://sendmoneycompare.com/companies/moneycorp","Moneycorp Review 2026 — Cheaper Options on Your Route?","https://sendmoneycompare.com/companies/moneycorp","true","149858","1","true"
"https://sendmoneycompare.com/companies/moneygram","MoneyGram Review 2026: ★4.0 — Cheaper Options on Your Route?","https://sendmoneycompare.com/companies/moneygram","false","164701","1","true"
"https://sendmoneycompare.com/companies/mukuru","Mukuru Review 2026 — Cheaper Options on Your Route?","https://sendmoneycompare.com/companies/mukuru","true","150188","1","true"
"https://sendmoneycompare.com/companies/nationwide","Nationwide Review 2026 — Cheaper Options on Your Route?","https://sendmoneycompare.com/companies/nationwide","true","149180","1","true"
"https://sendmoneycompare.com/companies/natwest","NatWest Review 2026 — Cheaper Options on Your Route?","https://sendmoneycompare.com/companies/natwest","true","148321","1","true"
"https://sendmoneycompare.com/companies/ofx","OFX Review 2026: ★4.2 — Cheaper Options on Your Route?","https://sendmoneycompare.com/companies/ofx","false","162860","1","true"
"https://sendmoneycompare.com/companies/panda-remit","Panda Remit Review 2026 — Cheaper Options on Your Route?","https://sendmoneycompare.com/companies/panda-remit","true","150018","1","true"
"https://sendmoneycompare.com/companies/paypal","PayPal Review 2026: ★1.4 — Cheaper Options on Your Route?","https://sendmoneycompare.com/companies/paypal","false","164555","1","true"
"https://sendmoneycompare.com/companies/paysend","Paysend Review 2026 — Cheaper Options on Your Route?","https://sendmoneycompare.com/companies/paysend","true","149893","1","true"
"https://sendmoneycompare.com/companies/pnb-europe","PNB Europe Review 2026 — Cheaper Options on Your Route?","https://sendmoneycompare.com/companies/pnb-europe","true","149623","1","true"
"https://sendmoneycompare.com/companies/profee","Profee Review 2026 — Cheaper Options on Your Route?","https://sendmoneycompare.com/companies/profee","true","149384","1","true"
"https://sendmoneycompare.com/companies/rbs","Royal Bank of Scotland Review 2026 — Cheaper Options on Your Route?","https://sendmoneycompare.com/companies/rbs","true","149861","1","true"
"https://sendmoneycompare.com/companies/regencyfx","Regency FX Review 2026: ★4.8 — Cheaper Options on Your Route?","https://sendmoneycompare.com/companies/regencyfx","false","154976","1","true"
"https://sendmoneycompare.com/companies/remitly","Remitly Review 2026: ★4.6 — Cheaper Options on Your Route?","https://sendmoneycompare.com/companies/remitly","false","165160","1","true"
"https://sendmoneycompare.com/companies/revolut","Revolut Review 2026: ★4.7 — Cheaper Options on Your Route?","https://sendmoneycompare.com/companies/revolut","false","164595","1","true"
"https://sendmoneycompare.com/companies/ria","Ria Money Transfer Review 2026 — Cheaper Options on Your Route?","https://sendmoneycompare.com/companies/ria","true","153881","1","true"
"https://sendmoneycompare.com/companies/santander","Santander Review 2026 — Cheaper Options on Your Route?","https://sendmoneycompare.com/companies/santander","true","148636","1","true"
"https://sendmoneycompare.com/companies/sbi","State Bank of India Review 2026 — Cheaper Options on Your Route?","https://sendmoneycompare.com/companies/sbi","true","149998","1","true"
"https://sendmoneycompare.com/companies/scotiabank","Scotiabank Review 2026 — Cheaper Options on Your Route?","https://sendmoneycompare.com/companies/scotiabank","true","149921","1","true"
"https://sendmoneycompare.com/companies/sendwave","Sendwave Review 2026 — Cheaper Options on Your Route?","https://sendmoneycompare.com/companies/sendwave","true","150087","1","true"
"https://sendmoneycompare.com/companies/singx","SingX Review 2026 — Cheaper Options on Your Route?","https://sendmoneycompare.com/companies/singx","true","149324","1","true"
"https://sendmoneycompare.com/companies/skrill","Skrill Review 2026 — Cheaper Options on Your Route?","https://sendmoneycompare.com/companies/skrill","true","151471","1","true"
"https://sendmoneycompare.com/companies/skyremit","SkyRemit Review 2026 — Cheaper Options on Your Route?","https://sendmoneycompare.com/companies/skyremit","true","149826","1","true"
"https://sendmoneycompare.com/companies/taptap-send","TapTap Send Review 2026 — Cheaper Options on Your Route?","https://sendmoneycompare.com/companies/taptap-send","false","165309","1","true"
"https://sendmoneycompare.com/companies/td-bank","TD Bank Review 2026 — Cheaper Options on Your Route?","https://sendmoneycompare.com/companies/td-bank","true","149472","1","true"
"https://sendmoneycompare.com/companies/torfx","TorFX Review 2026: ★4.9 — Cheaper Options on Your Route?","https://sendmoneycompare.com/companies/torfx","false","155930","1","true"
"https://sendmoneycompare.com/companies/transfergo","TransferGo Review 2026 — Cheaper Options on Your Route?","https://sendmoneycompare.com/companies/transfergo","true","149768","1","true"
"https://sendmoneycompare.com/companies/united-overseas-bank","United Overseas Bank (UOB) Review 2026 — Fees & Rates","https://sendmoneycompare.com/companies/united-overseas-bank","true","150261","1","true"
"https://sendmoneycompare.com/companies/wells-fargo","Wells Fargo Review 2026 — Cheaper Options on Your Route?","https://sendmoneycompare.com/companies/wells-fargo","true","152348","1","true"
"https://sendmoneycompare.com/companies/western-union","Western Union Review 2026: ★4.3 — Cheaper Options on Your Route?","https://sendmoneycompare.com/companies/western-union","false","165380","1","true"
"https://sendmoneycompare.com/companies/westpac","Westpac Review 2026 — Cheaper Options on Your Route?","https://sendmoneycompare.com/companies/westpac","true","148840","1","true"
"https://sendmoneycompare.com/companies/wise","Wise Review 2026: ★4.3 — Cheaper Options on Your Route?","https://sendmoneycompare.com/companies/wise","false","164429","1","true"
"https://sendmoneycompare.com/companies/worldremit","WorldRemit Review 2026: ★4.0 — Cheaper Options on Your Route?","https://sendmoneycompare.com/companies/worldremit","false","165007","1","true"
"https://sendmoneycompare.com/companies/xe","XE Money Transfer Review 2026: ★4.4 — Cheaper Options on Your Route?","https://sendmoneycompare.com/companies/xe","false","164822","1","true"
"https://sendmoneycompare.com/companies/xoom","Xoom (PayPal) Review 2026: ★4.6 — Cheaper Options on Your Route?","https://sendmoneycompare.com/companies/xoom","false","164568","1","true"
"https://sendmoneycompare.com/compare","Compare Money Transfer Companies & Apps (2026)","https://sendmoneycompare.com/compare","false","246182","1","true"
"https://sendmoneycompare.com/compare/boss-money-vs-remitly","BOSS Money vs Remitly — Fees & Rates (2026)","https://sendmoneycompare.com/compare/boss-money-vs-remitly","true","223930","1","true"
"https://sendmoneycompare.com/compare/chase-vs-hsbc","Chase vs HSBC — Fees & Rates (2026)","https://sendmoneycompare.com/compare/chase-vs-hsbc","false","216415","1","true"
"https://sendmoneycompare.com/compare/chase-vs-revolut","Chase vs Revolut — Fees & Rates (2026)","https://sendmoneycompare.com/compare/chase-vs-revolut","true","223043","1","true"
"https://sendmoneycompare.com/compare/chase-vs-wells-fargo","Chase vs Wells Fargo — Fees & Rates (2026)","https://sendmoneycompare.com/compare/chase-vs-wells-fargo","false","216511","1","true"
"https://sendmoneycompare.com/compare/hsbc-vs-paypal","HSBC vs PayPal — Fees & Rates (2026)","https://sendmoneycompare.com/compare/hsbc-vs-paypal","false","223404","1","true"
"https://sendmoneycompare.com/compare/lloyds-vs-nationwide","Lloyds Bank vs Nationwide — Fees & Rates (2026)","https://sendmoneycompare.com/compare/lloyds-vs-nationwide","false","211043","1","true"
"https://sendmoneycompare.com/compare/moneygram-vs-revolut","MoneyGram vs Revolut — Fees & Rates (2026)","https://sendmoneycompare.com/compare/moneygram-vs-revolut","true","225866","1","true"
"https://sendmoneycompare.com/compare/moneygram-vs-taptap-send","MoneyGram vs TapTap Send — Fees & Rates (2026)","https://sendmoneycompare.com/compare/moneygram-vs-taptap-send","false","228352","1","true"
"https://sendmoneycompare.com/compare/moneygram-vs-wise","MoneyGram vs Wise — Fees & Rates (2026)","https://sendmoneycompare.com/compare/moneygram-vs-wise","false","225324","1","true"
"https://sendmoneycompare.com/compare/moneygram-vs-worldremit","MoneyGram vs WorldRemit — Fees & Rates (2026)","https://sendmoneycompare.com/compare/moneygram-vs-worldremit","false","224878","1","true"
"https://sendmoneycompare.com/compare/moneygram-vs-xoom","MoneyGram vs Xoom (PayPal) — Fees & Rates (2026)","https://sendmoneycompare.com/compare/moneygram-vs-xoom","false","225014","1","true"
"https://sendmoneycompare.com/compare/ofx-vs-moneygram","OFX vs MoneyGram — Fees & Rates (2026)","https://sendmoneycompare.com/compare/ofx-vs-moneygram","false","224735","1","true"
"https://sendmoneycompare.com/compare/ofx-vs-xe","OFX vs XE Money Transfer — Fees & Rates (2026)","https://sendmoneycompare.com/compare/ofx-vs-xe","false","221875","1","true"
"https://sendmoneycompare.com/compare/ofx-vs-xoom","OFX vs Xoom (PayPal) — Fees & Rates (2026)","https://sendmoneycompare.com/compare/ofx-vs-xoom","false","225641","1","true"
"https://sendmoneycompare.com/compare/paypal-vs-moneygram","PayPal vs MoneyGram — Fees & Rates (2026)","https://sendmoneycompare.com/compare/paypal-vs-moneygram","false","226326","1","true"
"https://sendmoneycompare.com/compare/paypal-vs-revolut","PayPal vs Revolut — Fees & Rates (2026)","https://sendmoneycompare.com/compare/paypal-vs-revolut","false","224479","1","true"
"https://sendmoneycompare.com/compare/paypal-vs-western-union","PayPal vs Western Union — Fees & Rates (2026)","https://sendmoneycompare.com/compare/paypal-vs-western-union","true","224701","1","true"
"https://sendmoneycompare.com/compare/paypal-vs-worldremit","PayPal vs WorldRemit — Fees & Rates (2026)","https://sendmoneycompare.com/compare/paypal-vs-worldremit","true","227218","1","true"
"https://sendmoneycompare.com/compare/paypal-vs-xoom","PayPal vs Xoom (PayPal) — Fees & Rates (2026)","https://sendmoneycompare.com/compare/paypal-vs-xoom","false","223881","1","true"
"https://sendmoneycompare.com/compare/remitly-vs-moneygram","Remitly vs MoneyGram — Fees & Rates (2026)","https://sendmoneycompare.com/compare/remitly-vs-moneygram","false","226251","1","true"
"https://sendmoneycompare.com/compare/remitly-vs-paypal","Remitly vs PayPal — Fees & Rates (2026)","https://sendmoneycompare.com/compare/remitly-vs-paypal","false","227856","1","true"
"https://sendmoneycompare.com/compare/remitly-vs-revolut","Remitly vs Revolut — Fees & Rates (2026)","https://sendmoneycompare.com/compare/remitly-vs-revolut","true","228021","1","true"
"https://sendmoneycompare.com/compare/remitly-vs-taptap-send","Remitly vs TapTap Send — Fees & Rates (2026)","https://sendmoneycompare.com/compare/remitly-vs-taptap-send","false","229807","1","true"
"https://sendmoneycompare.com/compare/remitly-vs-western-union","Remitly vs Western Union — Fees & Rates (2026)","https://sendmoneycompare.com/compare/remitly-vs-western-union","false","229985","1","true"
"https://sendmoneycompare.com/compare/remitly-vs-worldremit","Remitly vs WorldRemit — Fees & Rates (2026)","https://sendmoneycompare.com/compare/remitly-vs-worldremit","false","225793","1","true"
"https://sendmoneycompare.com/compare/remitly-vs-xe","Remitly vs XE Money Transfer — Fees & Rates (2026)","https://sendmoneycompare.com/compare/remitly-vs-xe","false","228313","1","true"
"https://sendmoneycompare.com/compare/remitly-vs-xoom","Remitly vs Xoom (PayPal) — Fees & Rates (2026)","https://sendmoneycompare.com/compare/remitly-vs-xoom","false","226128","1","true"
"https://sendmoneycompare.com/compare/revolut-vs-hsbc","Revolut vs HSBC — Fees & Rates (2026)","https://sendmoneycompare.com/compare/revolut-vs-hsbc","false","222903","1","true"
"https://sendmoneycompare.com/compare/revolut-vs-western-union","Revolut vs Western Union — Fees & Rates (2026)","https://sendmoneycompare.com/compare/revolut-vs-western-union","true","228806","1","true"
"https://sendmoneycompare.com/compare/revolut-vs-worldremit","Revolut vs WorldRemit — Fees & Rates (2026)","https://sendmoneycompare.com/compare/revolut-vs-worldremit","true","226991","1","true"
"https://sendmoneycompare.com/compare/revolut-vs-xoom","Revolut vs Xoom (PayPal) — Fees & Rates (2026)","https://sendmoneycompare.com/compare/revolut-vs-xoom","true","225560","1","true"
"https://sendmoneycompare.com/compare/western-union-vs-bank-of-america","Western Union vs Bank of America — Fees & Rates (2026)","https://sendmoneycompare.com/compare/western-union-vs-bank-of-america","false","225277","1","true"
"https://sendmoneycompare.com/compare/western-union-vs-moneygram","Western Union vs MoneyGram — Fees & Rates (2026)","https://sendmoneycompare.com/compare/western-union-vs-moneygram","false","221769","1","true"
"https://sendmoneycompare.com/compare/western-union-vs-worldremit","Western Union vs WorldRemit — Fees & Rates (2026)","https://sendmoneycompare.com/compare/western-union-vs-worldremit","true","228264","1","true"
"https://sendmoneycompare.com/compare/western-union-vs-xoom","Western Union vs Xoom (PayPal) — Fees & Rates (2026)","https://sendmoneycompare.com/compare/western-union-vs-xoom","true","225737","1","true"
"https://sendmoneycompare.com/compare/wise-vs-moneygram","Wise vs MoneyGram — Fees & Rates (2026)","https://sendmoneycompare.com/compare/wise-vs-moneygram","true","225010","1","true"
"https://sendmoneycompare.com/compare/wise-vs-paypal","Wise vs PayPal — Fees & Rates (2026)","https://sendmoneycompare.com/compare/wise-vs-paypal","false","224526","1","true"
"https://sendmoneycompare.com/compare/wise-vs-remitly","Wise vs Remitly — Fees & Rates (2026)","https://sendmoneycompare.com/compare/wise-vs-remitly","false","227343","1","true"
"https://sendmoneycompare.com/compare/wise-vs-revolut","Wise vs Revolut — Fees & Rates (2026)","https://sendmoneycompare.com/compare/wise-vs-revolut","false","224873","1","true"
"https://sendmoneycompare.com/compare/wise-vs-taptap-send","Wise vs TapTap Send — Fees & Rates (2026)","https://sendmoneycompare.com/compare/wise-vs-taptap-send","false","227906","1","true"
"https://sendmoneycompare.com/compare/wise-vs-western-union","Wise vs Western Union — Fees & Rates (2026)","https://sendmoneycompare.com/compare/wise-vs-western-union","false","226791","1","true"
"https://sendmoneycompare.com/compare/wise-vs-westpac","Wise vs Westpac — Fees & Rates (2026)","https://sendmoneycompare.com/compare/wise-vs-westpac","false","220586","1","true"
"https://sendmoneycompare.com/compare/wise-vs-worldremit","Wise vs WorldRemit — Fees & Rates (2026)","https://sendmoneycompare.com/compare/wise-vs-worldremit","false","228738","1","true"
"https://sendmoneycompare.com/compare/wise-vs-xe","Wise vs XE Money Transfer — Fees & Rates (2026)","https://sendmoneycompare.com/compare/wise-vs-xe","false","226836","1","true"
"https://sendmoneycompare.com/compare/wise-vs-xoom","Wise vs Xoom (PayPal) — Fees & Rates (2026)","https://sendmoneycompare.com/compare/wise-vs-xoom","true","226381","1","true"
"https://sendmoneycompare.com/compare/worldremit-vs-xoom","WorldRemit vs Xoom (PayPal) — Fees & Rates (2026)","https://sendmoneycompare.com/compare/worldremit-vs-xoom","true","226100","1","true"
"https://sendmoneycompare.com/compare/xe-vs-moneygram","XE Money Transfer vs MoneyGram — Fees & Rates (2026)","https://sendmoneycompare.com/compare/xe-vs-moneygram","true","226297","1","true"
"https://sendmoneycompare.com/compare/xe-vs-paypal","XE Money Transfer vs PayPal — Fees & Rates (2026)","https://sendmoneycompare.com/compare/xe-vs-paypal","true","226872","1","true"
"https://sendmoneycompare.com/compare/xe-vs-revolut","XE Money Transfer vs Revolut — Fees & Rates (2026)","https://sendmoneycompare.com/compare/xe-vs-revolut","true","226437","1","true"
"https://sendmoneycompare.com/compare/xe-vs-western-union","XE Money Transfer vs Western Union — Fees & Rates (2026)","https://sendmoneycompare.com/compare/xe-vs-western-union","true","229605","1","true"
"https://sendmoneycompare.com/compare/xe-vs-worldremit","XE Money Transfer vs WorldRemit — Fees & Rates (2026)","https://sendmoneycompare.com/compare/xe-vs-worldremit","true","226983","1","true"
"https://sendmoneycompare.com/compare/xe-vs-xoom","XE Money Transfer vs Xoom (PayPal) — Fees & Rates (2026)","https://sendmoneycompare.com/compare/xe-vs-xoom","true","226163","1","true"
"https://sendmoneycompare.com/compare-money-transfer","Compare Money Transfer Services 2026 — Live Rates & Fees","https://sendmoneycompare.com/compare","false","345194","1","true"
"https://sendmoneycompare.com/contact","Contact SendMoneyCompare","https://sendmoneycompare.com/contact","false","103026","1","true"
"https://sendmoneycompare.com/cookies","Cookie Policy — SendMoneyCompare","https://sendmoneycompare.com/cookies","false","111443","1","true"
"https://sendmoneycompare.com/corrections","Corrections & Updates — SendMoneyCompare","https://sendmoneycompare.com/corrections","false","112078","1","true"
"https://sendmoneycompare.com/currency-converter","Currency Converter & Markup Checker (2026)","https://sendmoneycompare.com/currency-converter","false","229930","1","true"
"https://sendmoneycompare.com/disclaimer","Disclaimer — SendMoneyCompare","https://sendmoneycompare.com/disclaimer","false","106320","1","true"
"https://sendmoneycompare.com/editorial-policy","Editorial Policy — SendMoneyCompare","https://sendmoneycompare.com/editorial-policy","false","103284","1","true"
"https://sendmoneycompare.com/exchange-rates","Exchange Rates Today — Live Mid-Market Rates & 12-Month Charts","https://sendmoneycompare.com/exchange-rates","false","473341","1","true"
"https://sendmoneycompare.com/exchange-rates/aud-to-inr","Live AUD to INR Exchange Rate Today (2026)","https://sendmoneycompare.com/exchange-rates/aud-to-inr","false","206315","1","true"
"https://sendmoneycompare.com/exchange-rates/cad-to-inr","Live CAD to INR Exchange Rate Today (2026)","https://sendmoneycompare.com/exchange-rates/cad-to-inr","false","206735","1","true"
"https://sendmoneycompare.com/exchange-rates/eur-to-gbp","Live EUR to GBP Exchange Rate Today (2026)","https://sendmoneycompare.com/exchange-rates/eur-to-gbp","false","172488","1","true"
"https://sendmoneycompare.com/exchange-rates/eur-to-usd","Live EUR to USD Exchange Rate Today (2026)","https://sendmoneycompare.com/exchange-rates/eur-to-usd","false","172166","1","true"
"https://sendmoneycompare.com/exchange-rates/gbp-to-eur","GBP to EUR Today — How Much Is £1,000 in Euros?","https://sendmoneycompare.com/exchange-rates/gbp-to-eur","false","205126","1","true"
"https://sendmoneycompare.com/exchange-rates/gbp-to-inr","Live GBP to INR Exchange Rate Today (2026)","https://sendmoneycompare.com/exchange-rates/gbp-to-inr","false","213185","1","true"
"https://sendmoneycompare.com/exchange-rates/gbp-to-pkr","Live GBP to PKR Exchange Rate Today (2026)","https://sendmoneycompare.com/exchange-rates/gbp-to-pkr","false","208925","1","true"
"https://sendmoneycompare.com/exchange-rates/gbp-to-usd","Live GBP to USD Exchange Rate Today (2026)","https://sendmoneycompare.com/exchange-rates/gbp-to-usd","false","176740","1","true"
"https://sendmoneycompare.com/exchange-rates/history","Historical Exchange Rates — 90+ Currency Corridors (2026)","https://sendmoneycompare.com/exchange-rates/history","false","487825","1","true"
"https://sendmoneycompare.com/exchange-rates/history/aud-to-usd","AUD to USD Exchange Rate History — Rate Trends (September 2026)","https://sendmoneycompare.com/exchange-rates/history/aud-to-usd","true","676825","1","true"
"https://sendmoneycompare.com/exchange-rates/history/cad-to-usd","CAD to USD Exchange Rate History — Rate Trends (September 2026)","https://sendmoneycompare.com/exchange-rates/history/cad-to-usd","true","669752","1","true"
"https://sendmoneycompare.com/exchange-rates/history/eur-to-gbp","EUR to GBP Exchange Rate History — Rate Trends (September 2026)","https://sendmoneycompare.com/exchange-rates/history/eur-to-gbp","true","693630","1","true"
"https://sendmoneycompare.com/exchange-rates/history/eur-to-usd","EUR to USD Exchange Rate History — Rate Trends (September 2026)","https://sendmoneycompare.com/exchange-rates/history/eur-to-usd","true","684897","1","true"
"https://sendmoneycompare.com/exchange-rates/history/gbp-to-eur","GBP to EUR Exchange Rate History — Rate Trends (September 2026)","https://sendmoneycompare.com/exchange-rates/history/gbp-to-eur","true","896602","1","true"
"https://sendmoneycompare.com/exchange-rates/history/gbp-to-usd","GBP to USD Exchange Rate History — Rate Trends (September 2026)","https://sendmoneycompare.com/exchange-rates/history/gbp-to-usd","true","768317","1","true"
"https://sendmoneycompare.com/exchange-rates/history/usd-to-aud","USD to AUD Exchange Rate History — Rate Trends (September 2026)","https://sendmoneycompare.com/exchange-rates/history/usd-to-aud","true","317779","1","true"
"https://sendmoneycompare.com/exchange-rates/history/usd-to-cad","USD to CAD Exchange Rate History — Rate Trends (September 2026)","https://sendmoneycompare.com/exchange-rates/history/usd-to-cad","true","339321","1","true"
"https://sendmoneycompare.com/exchange-rates/history/usd-to-eur","USD to EUR Exchange Rate History — Rate Trends (September 2026)","https://sendmoneycompare.com/exchange-rates/history/usd-to-eur","true","753889","1","true"
"https://sendmoneycompare.com/exchange-rates/history/usd-to-gbp","USD to GBP Exchange Rate History — Rate Trends (September 2026)","https://sendmoneycompare.com/exchange-rates/history/usd-to-gbp","true","742329","1","true"
"https://sendmoneycompare.com/exchange-rates/history/usd-to-hnl","USD to HNL Exchange Rate History — Rate Trends (September 2026)","https://sendmoneycompare.com/exchange-rates/history/usd-to-hnl","false","619155","1","true"
"https://sendmoneycompare.com/exchange-rates/history/usd-to-jpy","USD to JPY Exchange Rate History — Rate Trends (September 2026)","https://sendmoneycompare.com/exchange-rates/history/usd-to-jpy","true","606310","1","true"
"https://sendmoneycompare.com/exchange-rates/usd-to-aud","Live USD to AUD Exchange Rate Today (2026)","https://sendmoneycompare.com/exchange-rates/usd-to-aud","false","180080","1","true"
"https://sendmoneycompare.com/exchange-rates/usd-to-brl","USD to BRL Today: Live Dollar to Real Rate (2026)","https://sendmoneycompare.com/exchange-rates/usd-to-brl","false","211347","1","true"
"https://sendmoneycompare.com/exchange-rates/usd-to-cad","Live USD to CAD Exchange Rate Today (2026)","https://sendmoneycompare.com/exchange-rates/usd-to-cad","false","180544","1","true"
"https://sendmoneycompare.com/exchange-rates/usd-to-cny","Live USD to CNY Exchange Rate Today (2026)","https://sendmoneycompare.com/exchange-rates/usd-to-cny","false","180677","1","true"
"https://sendmoneycompare.com/exchange-rates/usd-to-eur","Live USD to EUR Exchange Rate Today (2026)","https://sendmoneycompare.com/exchange-rates/usd-to-eur","false","180012","1","true"
"https://sendmoneycompare.com/exchange-rates/usd-to-gbp","Live USD to GBP Exchange Rate Today (2026)","https://sendmoneycompare.com/exchange-rates/usd-to-gbp","false","180010","1","true"
"https://sendmoneycompare.com/exchange-rates/usd-to-inr","Live USD to INR Exchange Rate Today (2026)","https://sendmoneycompare.com/exchange-rates/usd-to-inr","false","212510","1","true"
"https://sendmoneycompare.com/exchange-rates/usd-to-jpy","Live USD to JPY Exchange Rate Today (2026)","https://sendmoneycompare.com/exchange-rates/usd-to-jpy","false","179770","1","true"
"https://sendmoneycompare.com/exchange-rates/usd-to-mxn","Live USD to MXN Exchange Rate Today (2026)","https://sendmoneycompare.com/exchange-rates/usd-to-mxn","false","210141","1","true"
"https://sendmoneycompare.com/exchange-rates/usd-to-ngn","Live USD to NGN Exchange Rate Today (2026)","https://sendmoneycompare.com/exchange-rates/usd-to-ngn","false","213041","1","true"
"https://sendmoneycompare.com/exchange-rates/usd-to-php","Live USD to PHP Exchange Rate Today (2026)","https://sendmoneycompare.com/exchange-rates/usd-to-php","false","209847","1","true"
"https://sendmoneycompare.com/exchange-rates/usd-to-pkr","Live USD to PKR Exchange Rate Today (2026)","https://sendmoneycompare.com/exchange-rates/usd-to-pkr","false","212746","1","true"
"https://sendmoneycompare.com/for-ai","For AI Systems — SendMoneyCompare Data & API","https://sendmoneycompare.com/for-ai","false","153977","1","true"
"https://sendmoneycompare.com/guides","Money Transfer Guides — Save on Fees & Exchange Rates (2026)","https://sendmoneycompare.com/guides","false","243876","1","true"
"https://sendmoneycompare.com/guides/are-wire-transfers-safe","Are Wire Transfers Safe? | SendMoneyCompare","https://sendmoneycompare.com/guides/are-wire-transfers-safe","false","252296","1","true"
"https://sendmoneycompare.com/guides/authorization-vs-settlement-stablecoins","Why “Payment Approved” Isn’t Real Money | SendMoneyCompare","https://sendmoneycompare.com/guides/authorization-vs-settlement-stablecoins","false","267657","1","true"
"https://sendmoneycompare.com/guides/average-remittance-fees-2026","Average Remittance Fees 2026 | SendMoneyCompare","https://sendmoneycompare.com/guides/average-remittance-fees-2026","false","247521","1","true"
"https://sendmoneycompare.com/guides/b2b-international-payments-guide","B2B International Payments 2026 | SendMoneyCompare","https://sendmoneycompare.com/guides/b2b-international-payments-guide","false","247795","1","true"
"https://sendmoneycompare.com/guides/bank-vs-app-transfer-cost-2026","Bank vs App Transfer Cost Index — 7 September 2026 Data","https://sendmoneycompare.com/guides/bank-vs-app-transfer-cost-2026","false","123239","1","true"
"https://sendmoneycompare.com/guides/bank-vs-app-vs-agent-cost-comparison","Bank vs App vs Agent | SendMoneyCompare","https://sendmoneycompare.com/guides/bank-vs-app-vs-agent-cost-comparison","true","241983","1","true"
"https://sendmoneycompare.com/guides/bank-wire-transfer-fees-2026","Bank Wire Transfer Fees 2026 | SendMoneyCompare","https://sendmoneycompare.com/guides/bank-wire-transfer-fees-2026","false","273159","1","true"
"https://sendmoneycompare.com/guides/best-apps-send-money-uk-to-nigeria-2026","Best Apps to Send Money UK to Nigeria July 2026 | SendMoneyCompare","https://sendmoneycompare.com/guides/best-apps-send-money-uk-to-nigeria-2026","false","260150","1","true"
"https://sendmoneycompare.com/guides/best-apps-to-send-money-from-us-2026","Best Apps to Send Money Abroad from the US (2026) | SendMoneyCompare","https://sendmoneycompare.com/guides/best-apps-to-send-money-from-us-2026","false","259769","1","true"
"https://sendmoneycompare.com/guides/best-day-to-send-money-abroad","Is It Cheaper to Send Money on a Weekday? We Checked 3,290,393 Quotes","https://sendmoneycompare.com/guides/best-day-to-send-money-abroad","false","153679","1","true"
"https://sendmoneycompare.com/guides/best-money-transfer-apps","Best Send Money Apps 2026 — Save up to 95% vs Banks | SendMoneyCompare","https://sendmoneycompare.com/guides/best-money-transfer-apps","false","265681","1","true"
"https://sendmoneycompare.com/guides/best-money-transfer-apps-china-yuan","Best Apps to Send CNY from China (2026)","https://sendmoneycompare.com/guides/best-money-transfer-apps-china-yuan","true","247877","1","true"
"https://sendmoneycompare.com/guides/best-money-transfer-apps-expats-2026","Best Money Transfer Apps for Expats Living Abroad | SendMoneyCompare","https://sendmoneycompare.com/guides/best-money-transfer-apps-expats-2026","true","238166","1","true"
"https://sendmoneycompare.com/guides/best-money-transfer-apps-large-transfers","Best Apps for Large International Transfers ($10k+) 2026","https://sendmoneycompare.com/guides/best-money-transfer-apps-large-transfers","false","299982","1","true"
"https://sendmoneycompare.com/guides/best-money-transfer-rates-eid-holi-2026","Eid & Holi 2026 Transfer Rates Compared","https://sendmoneycompare.com/guides/best-money-transfer-rates-eid-holi-2026","true","305706","1","true"
"https://sendmoneycompare.com/guides/best-money-transfer-services","Best Money Transfer Services 2026: Ranked by Cost | SendMoneyCompare","https://sendmoneycompare.com/guides/best-money-transfer-services","false","264499","1","true"
"https://sendmoneycompare.com/guides/bulk-international-payments-guide","Bulk International Payments | SendMoneyCompare","https://sendmoneycompare.com/guides/bulk-international-payments-guide","true","328988","1","true"
"https://sendmoneycompare.com/guides/business-international-payments-guide","International Business Payments: Wise vs OFX vs Revolut (2026)","https://sendmoneycompare.com/guides/business-international-payments-guide","false","279003","1","true"
"https://sendmoneycompare.com/guides/business-money-transfers-provider-review","Best International Money Transfer for Business 2026 | SendMoneyCompare","https://sendmoneycompare.com/guides/business-money-transfers-provider-review","false","285854","1","true"
"https://sendmoneycompare.com/guides/business-payments-australia-to-india","Australia to India Business Payments | SendMoneyCompare","https://sendmoneycompare.com/guides/business-payments-australia-to-india","true","233443","1","true"
"https://sendmoneycompare.com/guides/business-payments-canada-to-usa","Canada to USA Business Payments | SendMoneyCompare","https://sendmoneycompare.com/guides/business-payments-canada-to-usa","true","233779","1","true"
"https://sendmoneycompare.com/guides/business-payments-uk-to-europe","UK to Europe Business Payments | SendMoneyCompare","https://sendmoneycompare.com/guides/business-payments-uk-to-europe","true","232805","1","true"
"https://sendmoneycompare.com/guides/business-payments-uk-to-india","UK to India Business Payments | SendMoneyCompare","https://sendmoneycompare.com/guides/business-payments-uk-to-india","true","233838","1","true"
"https://sendmoneycompare.com/guides/business-payments-usa-to-australia","USA to Australia Business Payments | SendMoneyCompare","https://sendmoneycompare.com/guides/business-payments-usa-to-australia","true","233119","1","true"
"https://sendmoneycompare.com/guides/business-payments-usa-to-canada","USA to Canada Business Payments | SendMoneyCompare","https://sendmoneycompare.com/guides/business-payments-usa-to-canada","true","241667","1","true"
"https://sendmoneycompare.com/guides/business-payments-usa-to-china","USA to China Business Payments | SendMoneyCompare","https://sendmoneycompare.com/guides/business-payments-usa-to-china","true","238836","1","true"
"https://sendmoneycompare.com/guides/business-payments-usa-to-europe","USA to Europe Business Payments | SendMoneyCompare","https://sendmoneycompare.com/guides/business-payments-usa-to-europe","true","233969","1","true"
"https://sendmoneycompare.com/guides/business-payments-usa-to-india","USA to India Business Payments | SendMoneyCompare","https://sendmoneycompare.com/guides/business-payments-usa-to-india","true","239832","1","true"
"https://sendmoneycompare.com/guides/business-payments-usa-to-mexico","USA to Mexico Business Payments | SendMoneyCompare","https://sendmoneycompare.com/guides/business-payments-usa-to-mexico","true","233585","1","true"
"https://sendmoneycompare.com/guides/business-payments-usa-to-philippines","USA to Philippines Business Payments | SendMoneyCompare","https://sendmoneycompare.com/guides/business-payments-usa-to-philippines","true","233702","1","true"
"https://sendmoneycompare.com/guides/business-payments-usa-to-uk","USA to UK Business Payments: USD to GBP Guide 2026 | SendMoneyCompare","https://sendmoneycompare.com/guides/business-payments-usa-to-uk","true","232897","1","true"
"https://sendmoneycompare.com/guides/cheapest-way-to-send-money-internationally","Cheapest Way to Send Money Internationally in 2026 | SendMoneyCompare","https://sendmoneycompare.com/guides/cheapest-way-to-send-money-internationally","false","241090","1","true"
"https://sendmoneycompare.com/guides/compare-exchange-rates-multiple-currencies","Multi-Currency Exchange Rate Comparison Tool","https://sendmoneycompare.com/guides/compare-exchange-rates-multiple-currencies","true","243790","1","true"
"https://sendmoneycompare.com/guides/cost-of-sending-1000-abroad","Cost of Sending $1,000 Abroad | SendMoneyCompare","https://sendmoneycompare.com/guides/cost-of-sending-1000-abroad","true","270080","1","true"
"https://sendmoneycompare.com/guides/crypto-banking-licenses-2026","Crypto Banking Licenses 2026 | SendMoneyCompare","https://sendmoneycompare.com/guides/crypto-banking-licenses-2026","true","272105","1","true"
"https://sendmoneycompare.com/guides/currency-converter-vs-bank-app-travel","Currency Converter vs Bank App: Which Rate Wins?","https://sendmoneycompare.com/guides/currency-converter-vs-bank-app-travel","true","240087","1","true"
"https://sendmoneycompare.com/guides/eu-instant-payments-2026","EU Instant Payments 2026 | SendMoneyCompare","https://sendmoneycompare.com/guides/eu-instant-payments-2026","false","243435","1","true"
"https://sendmoneycompare.com/guides/euro-forecast-2026","Euro Forecast 2026–2027: EUR vs US Dollar | SendMoneyCompare","https://sendmoneycompare.com/guides/euro-forecast-2026","false","251988","1","true"
"https://sendmoneycompare.com/guides/exchange-rate-markup-explained","Exchange Rate Markup Explained: Spot Hidden Fees | SendMoneyCompare","https://sendmoneycompare.com/guides/exchange-rate-markup-explained","false","228013","1","true"
"https://sendmoneycompare.com/guides/fastest-way-to-send-money-internationally","Fastest Way to Send Money Internationally | SendMoneyCompare","https://sendmoneycompare.com/guides/fastest-way-to-send-money-internationally","false","257473","1","true"
"https://sendmoneycompare.com/guides/fx-cost-vs-purchasing-power","The Cheaper the Move, the More Your Transfer Fee Costs You","https://sendmoneycompare.com/guides/fx-cost-vs-purchasing-power","false","172313","1","true"
"https://sendmoneycompare.com/guides/fx-hedging-strategies-small-business","FX Hedging for Small Business | SendMoneyCompare","https://sendmoneycompare.com/guides/fx-hedging-strategies-small-business","true","235100","1","true"
"https://sendmoneycompare.com/guides/gbp-forecast-2026","GBP Forecast 2026: How Far Can the Pound Move?","https://sendmoneycompare.com/guides/gbp-forecast-2026","false","150157","1","true"
"https://sendmoneycompare.com/guides/global-remittance-trends-2026","International Money Transfer Statistics 2026 | SendMoneyCompare","https://sendmoneycompare.com/guides/global-remittance-trends-2026","false","262178","1","true"
"https://sendmoneycompare.com/guides/hidden-fees-international-transfers","Hidden International Transfer Fees: What Banks Don't Show","https://sendmoneycompare.com/guides/hidden-fees-international-transfers","false","252422","1","true"
"https://sendmoneycompare.com/guides/how-euribor-affects-euro-transfers","How Euribor Affects Euro Transfers Abroad | SendMoneyCompare","https://sendmoneycompare.com/guides/how-euribor-affects-euro-transfers","true","253864","1","true"
"https://sendmoneycompare.com/guides/how-to-buy-spacex-nvidia-stock-using-revolut","How to Buy SpaceX & Nvidia Stock using Revolut | SendMoneyCompare","https://sendmoneycompare.com/guides/how-to-buy-spacex-nvidia-stock-using-revolut","false","273714","1","true"
"https://sendmoneycompare.com/guides/how-to-pay-international-freelancers-contractors","How to Pay International Freelancers in 2026 | SendMoneyCompare","https://sendmoneycompare.com/guides/how-to-pay-international-freelancers-contractors","false","298750","1","true"
"https://sendmoneycompare.com/guides/how-to-pay-international-suppliers","How to Pay International Suppliers in 2026 | SendMoneyCompare","https://sendmoneycompare.com/guides/how-to-pay-international-suppliers","false","239060","1","true"
"https://sendmoneycompare.com/guides/how-to-send-large-amounts-internationally","How to Send Large Amounts Internationally | SendMoneyCompare","https://sendmoneycompare.com/guides/how-to-send-large-amounts-internationally","false","263044","1","true"
"https://sendmoneycompare.com/guides/how-to-send-money-abroad","How to Send Money Internationally: Compare 5 Methods by Cost","https://sendmoneycompare.com/guides/how-to-send-money-abroad","false","242754","1","true"
"https://sendmoneycompare.com/guides/how-to-send-money-from-china","How to Send Money from China (CNY) Abroad 2026 | SendMoneyCompare","https://sendmoneycompare.com/guides/how-to-send-money-from-china","false","277949","1","true"
"https://sendmoneycompare.com/guides/how-to-send-money-to-india-2026","How to Send Money to India Internationally | SendMoneyCompare","https://sendmoneycompare.com/guides/how-to-send-money-to-india-2026","true","360680","1","true"
"https://sendmoneycompare.com/guides/iban-numbers-explained","IBAN Number Format Explained | SendMoneyCompare","https://sendmoneycompare.com/guides/iban-numbers-explained","false","222392","1","true"
"https://sendmoneycompare.com/guides/international-payroll-pay-remote-teams","International Payroll | SendMoneyCompare","https://sendmoneycompare.com/guides/international-payroll-pay-remote-teams","true","236665","1","true"
"https://sendmoneycompare.com/guides/invoicing-international-clients-multiple-currencies","Invoicing International Clients: Multi-Currency Guide","https://sendmoneycompare.com/guides/invoicing-international-clients-multiple-currencies","false","236885","1","true"
"https://sendmoneycompare.com/guides/large-business-transfers-from-china-cny","Large Business Transfers from China (CNY) | SendMoneyCompare","https://sendmoneycompare.com/guides/large-business-transfers-from-china-cny","true","257213","1","true"
"https://sendmoneycompare.com/guides/lowest-fx-fees-business-payments-2026","Lowest Business FX Fees 2026 | SendMoneyCompare","https://sendmoneycompare.com/guides/lowest-fx-fees-business-payments-2026","true","308483","1","true"
"https://sendmoneycompare.com/guides/money-transfer-limits-by-provider-country","International Transfer Limits by Provider (2026) | SendMoneyCompare","https://sendmoneycompare.com/guides/money-transfer-limits-by-provider-country","false","241761","1","true"
"https://sendmoneycompare.com/guides/money-transfer-promo-codes-referral-programs","Money Transfer Promo Codes July 2026 | SendMoneyCompare","https://sendmoneycompare.com/guides/money-transfer-promo-codes-referral-programs","true","293933","1","true"
"https://sendmoneycompare.com/guides/money-transfer-safety-guide","Are Money Transfer Companies Safe? | SendMoneyCompare","https://sendmoneycompare.com/guides/money-transfer-safety-guide","false","342623","1","true"
"https://sendmoneycompare.com/guides/multi-currency-account-wars-2026","Multi-Currency Account Wars | SendMoneyCompare","https://sendmoneycompare.com/guides/multi-currency-account-wars-2026","false","258864","1","true"
"https://sendmoneycompare.com/guides/multi-currency-accounts-exchange-rates","Multi-Currency Accounts: Xe vs Wise vs Revolut | SendMoneyCompare","https://sendmoneycompare.com/guides/multi-currency-accounts-exchange-rates","false","268550","1","true"
"https://sendmoneycompare.com/guides/ofx-review-2026","OFX Review 2026 | SendMoneyCompare","https://sendmoneycompare.com/guides/ofx-review-2026","false","263078","1","true"
"https://sendmoneycompare.com/guides/pakistan-remittance-loss-2026","Pakistan Remittance Losses 2026: The Real Cost","https://sendmoneycompare.com/guides/pakistan-remittance-loss-2026","true","291169","1","true"
"https://sendmoneycompare.com/guides/pakistan-rupee-forecast-2026","Pakistan Rupee Forecast 2026 | SendMoneyCompare","https://sendmoneycompare.com/guides/pakistan-rupee-forecast-2026","false","315322","1","true"
"https://sendmoneycompare.com/guides/ramadan-2026-money-transfer-deals-promotions","Ramadan 2026 Money Transfer Deals | SendMoneyCompare","https://sendmoneycompare.com/guides/ramadan-2026-money-transfer-deals-promotions","true","235759","1","true"
"https://sendmoneycompare.com/guides/receive-international-payments-freelancer","Receiving International Payments as a Freelancer: What to Use","https://sendmoneycompare.com/guides/receive-international-payments-freelancer","false","243537","1","true"
"https://sendmoneycompare.com/guides/revolut-foreign-transaction-fees-2026","Revolut Foreign Transaction Fees Explained (2026) | SendMoneyCompare","https://sendmoneycompare.com/guides/revolut-foreign-transaction-fees-2026","false","249674","1","true"
"https://sendmoneycompare.com/guides/revolut-us-banking-license-2026","Revolut US Banking License 2026: What It Means | SendMoneyCompare","https://sendmoneycompare.com/guides/revolut-us-banking-license-2026","false","247124","1","true"
"https://sendmoneycompare.com/guides/send-money-australia-to-india","Send Money from Australia to India | SendMoneyCompare","https://sendmoneycompare.com/guides/send-money-australia-to-india","false","249539","1","true"
"https://sendmoneycompare.com/guides/send-money-canada-to-india-guide","Send Money from Canada to India: Best Ways in 2026 | SendMoneyCompare","https://sendmoneycompare.com/guides/send-money-canada-to-india-guide","false","262777","1","true"
"https://sendmoneycompare.com/guides/send-money-home-ramadan-eid-2026","Send Money Home for Ramadan & Eid 2026: Best Rates | SendMoneyCompare","https://sendmoneycompare.com/guides/send-money-home-ramadan-eid-2026","true","254985","1","true"
"https://sendmoneycompare.com/guides/send-money-to-australia-guide","Cheapest Way to Send Money to Australia | SendMoneyCompare","https://sendmoneycompare.com/guides/send-money-to-australia-guide","false","280055","1","true"
"https://sendmoneycompare.com/guides/send-money-to-bangladesh-guide","Send Money to Bangladesh | SendMoneyCompare","https://sendmoneycompare.com/guides/send-money-to-bangladesh-guide","false","253945","1","true"
"https://sendmoneycompare.com/guides/send-money-to-brazil-guide","Send Money to Brazil 2026 | SendMoneyCompare","https://sendmoneycompare.com/guides/send-money-to-brazil-guide","false","307614","1","true"
"https://sendmoneycompare.com/guides/send-money-to-china-guide","How to Send Money to China from the USA (2026) | SendMoneyCompare","https://sendmoneycompare.com/guides/send-money-to-china-guide","false","269031","1","true"
"https://sendmoneycompare.com/guides/send-money-to-colombia-guide","Cheapest Way to Send Money to Colombia 2026 | SendMoneyCompare","https://sendmoneycompare.com/guides/send-money-to-colombia-guide","false","259925","1","true"
"https://sendmoneycompare.com/guides/send-money-to-egypt-guide","Send Money to Egypt 2026 | SendMoneyCompare","https://sendmoneycompare.com/guides/send-money-to-egypt-guide","false","315108","1","true"
"https://sendmoneycompare.com/guides/send-money-to-ethiopia-guide","Cheapest Way to Send Money to Ethiopia 2026 | SendMoneyCompare","https://sendmoneycompare.com/guides/send-money-to-ethiopia-guide","false","229622","1","true"
"https://sendmoneycompare.com/guides/send-money-to-india-cash-pickup-ria","Send Money to India via Ria Cash Pickup | SendMoneyCompare","https://sendmoneycompare.com/guides/send-money-to-india-cash-pickup-ria","false","286678","1","true"
"https://sendmoneycompare.com/guides/send-money-to-india-from-usa-guide","Send Money from USA to India | SendMoneyCompare","https://sendmoneycompare.com/guides/send-money-to-india-from-usa-guide","false","343666","1","true"
"https://sendmoneycompare.com/guides/send-money-to-india-guide","Best Ways to Send Money to India (2026) | SendMoneyCompare","https://sendmoneycompare.com/guides/send-money-to-india-guide","false","237223","1","true"
"https://sendmoneycompare.com/guides/send-money-to-jamaica-guide","Send Money to Jamaica | SendMoneyCompare","https://sendmoneycompare.com/guides/send-money-to-jamaica-guide","false","229113","1","true"
"https://sendmoneycompare.com/guides/send-money-to-kenya-from-usa-guide","Send Money to Kenya from USA | SendMoneyCompare","https://sendmoneycompare.com/guides/send-money-to-kenya-from-usa-guide","false","247211","1","true"
"https://sendmoneycompare.com/guides/send-money-to-kenya-guide","Cheapest Way to Send Money to Kenya | SendMoneyCompare","https://sendmoneycompare.com/guides/send-money-to-kenya-guide","false","269860","1","true"
"https://sendmoneycompare.com/guides/send-money-to-mexico-guide","Cheapest Way to Send Money to Mexico (2026) | SendMoneyCompare","https://sendmoneycompare.com/guides/send-money-to-mexico-guide","false","253631","1","true"
"https://sendmoneycompare.com/guides/send-money-to-morocco-guide","Cheapest Way to Send Money to Morocco | SendMoneyCompare","https://sendmoneycompare.com/guides/send-money-to-morocco-guide","true","263736","1","true"
"https://sendmoneycompare.com/guides/send-money-to-nepal-guide","Best Way to Send Money to Nepal 2026 | SendMoneyCompare","https://sendmoneycompare.com/guides/send-money-to-nepal-guide","false","276914","1","true"
"https://sendmoneycompare.com/guides/send-money-to-nigeria-from-usa-uk-canada-australia","Send Money to Nigeria 2026 | SendMoneyCompare","https://sendmoneycompare.com/guides/send-money-to-nigeria-from-usa-uk-canada-australia","false","249040","1","true"
"https://sendmoneycompare.com/guides/send-money-to-nigeria-guide","Cheapest Way to Send Money to Nigeria (2026) | SendMoneyCompare","https://sendmoneycompare.com/guides/send-money-to-nigeria-guide","false","253900","1","true"
"https://sendmoneycompare.com/guides/send-money-to-pakistan-guide","Best Way to Send Money to Pakistan 2026 | SendMoneyCompare","https://sendmoneycompare.com/guides/send-money-to-pakistan-guide","false","267892","1","true"
"https://sendmoneycompare.com/guides/send-money-to-philippines-guide","Send Money to the Philippines: Cheapest Ways 2026 | SendMoneyCompare","https://sendmoneycompare.com/guides/send-money-to-philippines-guide","false","255179","1","true"
"https://sendmoneycompare.com/guides/send-money-to-poland-guide","Cheapest Way to Send Money to Poland | SendMoneyCompare","https://sendmoneycompare.com/guides/send-money-to-poland-guide","false","261150","1","true"
"https://sendmoneycompare.com/guides/send-money-to-romania-guide","Cheapest Way to Send Money to Romania | SendMoneyCompare","https://sendmoneycompare.com/guides/send-money-to-romania-guide","true","267601","1","true"
"https://sendmoneycompare.com/guides/send-money-to-south-africa-guide","Cheapest Way to Send Money to South Africa | SendMoneyCompare","https://sendmoneycompare.com/guides/send-money-to-south-africa-guide","false","276565","1","true"
"https://sendmoneycompare.com/guides/send-money-to-south-korea-guide","Cheapest Way to Send Money to South Korea | SendMoneyCompare","https://sendmoneycompare.com/guides/send-money-to-south-korea-guide","false","271967","1","true"
"https://sendmoneycompare.com/guides/send-money-to-spain-guide","Cheapest Way to Send Money to Spain 2026 | SendMoneyCompare","https://sendmoneycompare.com/guides/send-money-to-spain-guide","false","225335","1","true"
"https://sendmoneycompare.com/guides/send-money-to-sri-lanka-guide","Send Money to Sri Lanka | SendMoneyCompare","https://sendmoneycompare.com/guides/send-money-to-sri-lanka-guide","false","234594","1","true"
"https://sendmoneycompare.com/guides/send-money-to-turkey-guide","Send Money to Turkey | SendMoneyCompare","https://sendmoneycompare.com/guides/send-money-to-turkey-guide","false","235487","1","true"
"https://sendmoneycompare.com/guides/send-money-to-uk-guide","Cheapest Way to Send Money to the UK 2026 | SendMoneyCompare","https://sendmoneycompare.com/guides/send-money-to-uk-guide","false","266658","1","true"
"https://sendmoneycompare.com/guides/send-money-to-vietnam-guide","Send Money to Vietnam | SendMoneyCompare","https://sendmoneycompare.com/guides/send-money-to-vietnam-guide","false","234418","1","true"
"https://sendmoneycompare.com/guides/send-money-uae-to-india-guide","Send Money from UAE to India 2026 (AED to INR) | SendMoneyCompare","https://sendmoneycompare.com/guides/send-money-uae-to-india-guide","false","265911","1","true"
"https://sendmoneycompare.com/guides/send-money-uae-to-pakistan-guide","Send Money from UAE to Pakistan 2026 | SendMoneyCompare","https://sendmoneycompare.com/guides/send-money-uae-to-pakistan-guide","false","338092","1","true"
"https://sendmoneycompare.com/guides/send-money-uk-to-bangladesh-guide","Send Money from UK to Bangladesh: Best Ways in 2026 | SendMoneyCompare","https://sendmoneycompare.com/guides/send-money-uk-to-bangladesh-guide","true","277125","1","true"
"https://sendmoneycompare.com/guides/send-money-uk-to-india-guide","Send Money from UK to India: Best Ways 2026 | SendMoneyCompare","https://sendmoneycompare.com/guides/send-money-uk-to-india-guide","false","261185","1","true"
"https://sendmoneycompare.com/guides/send-money-uk-to-nigeria-guide","Send Money from UK to Nigeria | SendMoneyCompare","https://sendmoneycompare.com/guides/send-money-uk-to-nigeria-guide","false","267975","1","true"
"https://sendmoneycompare.com/guides/send-money-usa-to-mexico-cost-guide","USA to Mexico Money Transfer | SendMoneyCompare","https://sendmoneycompare.com/guides/send-money-usa-to-mexico-cost-guide","true","301103","1","true"
"https://sendmoneycompare.com/guides/sent-money-to-the-wrong-person","Sent Money to the Wrong Person? Your Rights and Next Steps","https://sendmoneycompare.com/guides/sent-money-to-the-wrong-person","false","261071","1","true"
"https://sendmoneycompare.com/guides/stablecoin-international-transfers-guide","Sending Money Abroad with Stablecoins in 2026 | SendMoneyCompare","https://sendmoneycompare.com/guides/stablecoin-international-transfers-guide","false","250852","1","true"
"https://sendmoneycompare.com/guides/stablecoin-vs-wire-transfer-comparison","Stablecoin vs Wire Transfer vs Wise | SendMoneyCompare","https://sendmoneycompare.com/guides/stablecoin-vs-wire-transfer-comparison","false","237979","1","true"
"https://sendmoneycompare.com/guides/swift-codes-explained","What Is a SWIFT Code? | SendMoneyCompare","https://sendmoneycompare.com/guides/swift-codes-explained","false","223557","1","true"
"https://sendmoneycompare.com/guides/taptap-send-vs-wise-remitly-usd-to-pkr","TapTap Send vs Wise, Remitly & XE | SendMoneyCompare","https://sendmoneycompare.com/guides/taptap-send-vs-wise-remitly-usd-to-pkr","true","252312","1","true"
"https://sendmoneycompare.com/guides/top-money-transfer-apps-usa-to-india-2026","Top Money Transfer Apps: USA to India 2026 | SendMoneyCompare","https://sendmoneycompare.com/guides/top-money-transfer-apps-usa-to-india-2026","true","278910","1","true"
"https://sendmoneycompare.com/guides/traveling-multiple-countries-currency-guide","Multi-Country Travel | SendMoneyCompare","https://sendmoneycompare.com/guides/traveling-multiple-countries-currency-guide","true","250333","1","true"
"https://sendmoneycompare.com/guides/us-dollar-forecast-2026","USD Dollar Index Forecast 2026: 6 Bank DXY Targets | SendMoneyCompare","https://sendmoneycompare.com/guides/us-dollar-forecast-2026","false","266714","1","true"
"https://sendmoneycompare.com/guides/us-remittance-tax-2026","US Remittance Tax 2026 | SendMoneyCompare","https://sendmoneycompare.com/guides/us-remittance-tax-2026","true","270508","1","true"
"https://sendmoneycompare.com/guides/wire-transfer-guide","Wire Transfer Fees 2026 | SendMoneyCompare","https://sendmoneycompare.com/guides/wire-transfer-guide","false","327221","1","true"
"https://sendmoneycompare.com/guides/wise-vs-remitly-comparison","Wise vs Remitly 2026: Which Is Cheaper? | SendMoneyCompare","https://sendmoneycompare.com/guides/wise-vs-remitly-comparison","false","228892","1","true"
"https://sendmoneycompare.com/guides/wise-vs-remitly-vs-xoom-vs-xe","Wise vs Remitly vs Xoom vs XE — Measured Cost Comparison","https://sendmoneycompare.com/guides/wise-vs-remitly-vs-xoom-vs-xe","false","240148","1","true"
"https://sendmoneycompare.com/guides/xe-business-payments-review","Xe Business Payments Review 2026 | SendMoneyCompare","https://sendmoneycompare.com/guides/xe-business-payments-review","true","284024","1","true"
"https://sendmoneycompare.com/guides/xe-tax-season-cross-border-money-2026","Moving Money for Tax Season 2026 | SendMoneyCompare","https://sendmoneycompare.com/guides/xe-tax-season-cross-border-money-2026","false","299094","1","true"
"https://sendmoneycompare.com/how-we-review","How We Review Providers — Our 5-Criteria Scoring System","https://sendmoneycompare.com/how-we-review","false","110753","1","true"
"https://sendmoneycompare.com/iban","IBAN Lookup — Format, Example & Validator for 89+ Countries (2026)","https://sendmoneycompare.com/iban","false","295852","1","true"
"https://sendmoneycompare.com/iban/albania","Albania IBAN: 28-Char Format + Example (2026)","https://sendmoneycompare.com/iban/albania","true","150426","1","true"
"https://sendmoneycompare.com/iban/andorra","Andorra IBAN: 24-Char Format + Example (2026)","https://sendmoneycompare.com/iban/andorra","false","188623","1","true"
"https://sendmoneycompare.com/iban/austria","Austria IBAN: 20-Char Format + Example (2026)","https://sendmoneycompare.com/iban/austria","false","211850","1","true"
"https://sendmoneycompare.com/iban/azerbaijan","Azerbaijan IBAN: 28-Char Format + Example (2026)","https://sendmoneycompare.com/iban/azerbaijan","true","143039","1","true"
"https://sendmoneycompare.com/iban/bahrain","Bahrain IBAN: 22-Char Format + Example (2026)","https://sendmoneycompare.com/iban/bahrain","true","179338","1","true"
"https://sendmoneycompare.com/iban/belgium","Belgian IBAN: 16-Char Format + Example (2026)","https://sendmoneycompare.com/iban/belgium","false","214024","1","true"
"https://sendmoneycompare.com/iban/bosnia-and-herzegovina","Bosnia And Herzegovina IBAN: 20-Char Format + Example (2026)","https://sendmoneycompare.com/iban/bosnia-and-herzegovina","true","151028","1","true"
"https://sendmoneycompare.com/iban/brazil","Brazil IBAN: 29-Char Format + Example (2026)","https://sendmoneycompare.com/iban/brazil","false","222508","1","true"
"https://sendmoneycompare.com/iban/british-virgin-islands","Virgin Islands IBAN: 24-Char Format + Example (2026)","https://sendmoneycompare.com/iban/british-virgin-islands","true","143736","1","true"
"https://sendmoneycompare.com/iban/bulgaria","Bulgaria IBAN: 22-Char Format + Example (2026)","https://sendmoneycompare.com/iban/bulgaria","true","197367","1","true"
"https://sendmoneycompare.com/iban/costa-rica","Costa Rica IBAN: 22-Char Format + Example (2026)","https://sendmoneycompare.com/iban/costa-rica","false","174782","1","true"
"https://sendmoneycompare.com/iban/croatia","Croatia IBAN: 21-Char Format + Example (2026)","https://sendmoneycompare.com/iban/croatia","false","205335","1","true"
"https://sendmoneycompare.com/iban/cyprus","Cyprus IBAN: 28-Char Format + Example (2026)","https://sendmoneycompare.com/iban/cyprus","false","208080","1","true"
"https://sendmoneycompare.com/iban/czechia","Czechia IBAN: 24-Char Format + Example (2026)","https://sendmoneycompare.com/iban/czechia","false","202462","1","true"
"https://sendmoneycompare.com/iban/denmark","Danish IBAN: 18-Char Format + Example (2026)","https://sendmoneycompare.com/iban/denmark","false","181829","1","true"
"https://sendmoneycompare.com/iban/dominican-republic","Dominican Republic IBAN: 28-Char Format + Example (2026)","https://sendmoneycompare.com/iban/dominican-republic","true","192058","1","true"
"https://sendmoneycompare.com/iban/egypt","Egyptian IBAN: 29-Char Format + Example (2026)","https://sendmoneycompare.com/iban/egypt","false","215837","1","true"
"https://sendmoneycompare.com/iban/el-salvador","El Salvador IBAN: 28-Char Format + Example (2026)","https://sendmoneycompare.com/iban/el-salvador","false","145989","1","true"
"https://sendmoneycompare.com/iban/estonia","Estonia IBAN: 20-Char Format + Example (2026)","https://sendmoneycompare.com/iban/estonia","true","194510","1","true"
"https://sendmoneycompare.com/iban/faroe-islands","Faroe Islands IBAN: 18-Char Format + Example (2026)","https://sendmoneycompare.com/iban/faroe-islands","true","159258","1","true"
"https://sendmoneycompare.com/iban/finland","Finnish IBAN: 18-Char Format + Example (2026)","https://sendmoneycompare.com/iban/finland","false","207209","1","true"
"https://sendmoneycompare.com/iban/france","France IBAN: 27-Char Format + Example (2026)","https://sendmoneycompare.com/iban/france","false","224524","1","true"
"https://sendmoneycompare.com/iban/georgia","Georgia IBAN: 22-Char Format + Example (2026)","https://sendmoneycompare.com/iban/georgia","false","163611","1","true"
"https://sendmoneycompare.com/iban/germany","German IBAN: 22-Char Format + Example (2026)","https://sendmoneycompare.com/iban/germany","false","245699","1","true"
"https://sendmoneycompare.com/iban/gibraltar","Gibraltar IBAN: 23-Char Format + Example (2026)","https://sendmoneycompare.com/iban/gibraltar","true","143675","1","true"
"https://sendmoneycompare.com/iban/greece","Greece IBAN: 27-Char Format + Example (2026)","https://sendmoneycompare.com/iban/greece","false","211406","1","true"
"https://sendmoneycompare.com/iban/greenland","Greenland IBAN: 18-Char Format + Example (2026)","https://sendmoneycompare.com/iban/greenland","true","156478","1","true"
"https://sendmoneycompare.com/iban/guatemala","Guatemala IBAN: 28-Char Format + Example (2026)","https://sendmoneycompare.com/iban/guatemala","true","190601","1","true"
"https://sendmoneycompare.com/iban/hungary","Hungarian IBAN: 28-Char Format + Example (2026)","https://sendmoneycompare.com/iban/hungary","false","212426","1","true"
"https://sendmoneycompare.com/iban/iceland","Iceland IBAN: 26-Char Format + Example (2026)","https://sendmoneycompare.com/iban/iceland","true","147444","1","true"
"https://sendmoneycompare.com/iban/ireland","Irish IBAN: 22-Char Format + Example (2026)","https://sendmoneycompare.com/iban/ireland","false","211985","1","true"
"https://sendmoneycompare.com/iban/israel","Israel IBAN: 23-Char Format + Example (2026)","https://sendmoneycompare.com/iban/israel","false","214548","1","true"
"https://sendmoneycompare.com/iban/italy","Italian IBAN: 27-Char Format + Example (2026)","https://sendmoneycompare.com/iban/italy","false","230315","1","true"
"https://sendmoneycompare.com/iban/jordan","Jordan IBAN: 30-Char Format + Example (2026)","https://sendmoneycompare.com/iban/jordan","false","191032","1","true"
"https://sendmoneycompare.com/iban/kazakhstan","Kazakhstan IBAN: 20-Char Format + Example (2026)","https://sendmoneycompare.com/iban/kazakhstan","true","159630","1","true"
"https://sendmoneycompare.com/iban/kosovo","Kosovo IBAN: 20-Char Format + Example (2026)","https://sendmoneycompare.com/iban/kosovo","true","196496","1","true"
"https://sendmoneycompare.com/iban/kuwait","Kuwait IBAN: 30-Char Format + Example (2026)","https://sendmoneycompare.com/iban/kuwait","false","178821","1","true"
"https://sendmoneycompare.com/iban/latvia","Latvia IBAN: 21-Char Format + Example (2026)","https://sendmoneycompare.com/iban/latvia","true","190854","1","true"
"https://sendmoneycompare.com/iban/lebanon","Lebanon IBAN: 28-Char Format + Example (2026)","https://sendmoneycompare.com/iban/lebanon","true","147604","1","true"
"https://sendmoneycompare.com/iban/liechtenstein","Liechtenstein IBAN: 21-Char Format + Example (2026)","https://sendmoneycompare.com/iban/liechtenstein","true","157790","1","true"
"https://sendmoneycompare.com/iban/lithuania","Lithuania IBAN: 20-Char Format + Example (2026)","https://sendmoneycompare.com/iban/lithuania","false","191879","1","true"
"https://sendmoneycompare.com/iban/luxembourg","Luxembourg IBAN: 20-Char Format + Example (2026)","https://sendmoneycompare.com/iban/luxembourg","false","203494","1","true"
"https://sendmoneycompare.com/iban/malta","Malta IBAN: 31-Char Format + Example (2026)","https://sendmoneycompare.com/iban/malta","true","193098","1","true"
"https://sendmoneycompare.com/iban/mauritania","Mauritania IBAN: 27-Char Format + Example (2026)","https://sendmoneycompare.com/iban/mauritania","true","151421","1","true"
"https://sendmoneycompare.com/iban/moldova","Moldova IBAN: 24-Char Format + Example (2026)","https://sendmoneycompare.com/iban/moldova","true","143047","1","true"
"https://sendmoneycompare.com/iban/monaco","Monaco IBAN: 27-Char Format + Example (2026)","https://sendmoneycompare.com/iban/monaco","false","191540","1","true"
"https://sendmoneycompare.com/iban/montenegro","Montenegro IBAN: 22-Char Format + Example (2026)","https://sendmoneycompare.com/iban/montenegro","true","191322","1","true"
"https://sendmoneycompare.com/iban/netherlands","Dutch IBAN: 18-Char Format + Example (2026)","https://sendmoneycompare.com/iban/netherlands","false","210141","1","true"
"https://sendmoneycompare.com/iban/north-macedonia","Republic Of North Macedonia IBAN: 19-Char Format + Example (2026)","https://sendmoneycompare.com/iban/north-macedonia","true","146943","1","true"
"https://sendmoneycompare.com/iban/norway","Norway IBAN: 15-Char Format + Example (2026)","https://sendmoneycompare.com/iban/norway","false","182875","1","true"
"https://sendmoneycompare.com/iban/pakistan","Pakistan IBAN: 24-Char Format + Example (2026)","https://sendmoneycompare.com/iban/pakistan","false","222895","1","true"
"https://sendmoneycompare.com/iban/poland","Polish IBAN: 28-Char Format + Example (2026)","https://sendmoneycompare.com/iban/poland","false","228381","1","true"
"https://sendmoneycompare.com/iban/portugal","Portuguese IBAN: 25-Char Format + Example (2026)","https://sendmoneycompare.com/iban/portugal","false","217030","1","true"
"https://sendmoneycompare.com/iban/qatar","Qatar IBAN: 29-Char Format + Example (2026)","https://sendmoneycompare.com/iban/qatar","false","179124","1","true"
"https://sendmoneycompare.com/iban/romania","Romanian IBAN: 24-Char Format + Example (2026)","https://sendmoneycompare.com/iban/romania","false","219929","1","true"
"https://sendmoneycompare.com/iban/san-marino","San Marino IBAN: 27-Char Format + Example (2026)","https://sendmoneycompare.com/iban/san-marino","true","192177","1","true"
"https://sendmoneycompare.com/iban/saudi-arabia","Saudi Arabia IBAN: 24-Char Format + Example (2026)","https://sendmoneycompare.com/iban/saudi-arabia","false","177746","1","true"
"https://sendmoneycompare.com/iban/serbia","Serbia IBAN: 22-Char Format + Example (2026)","https://sendmoneycompare.com/iban/serbia","true","150628","1","true"
"https://sendmoneycompare.com/iban/slovakia","Slovakia IBAN: 24-Char Format + Example (2026)","https://sendmoneycompare.com/iban/slovakia","false","192724","1","true"
"https://sendmoneycompare.com/iban/slovenia","Slovenia IBAN: 19-Char Format + Example (2026)","https://sendmoneycompare.com/iban/slovenia","true","195512","1","true"
"https://sendmoneycompare.com/iban/spain","Spanish IBAN: 24-Char Format + Example (2026)","https://sendmoneycompare.com/iban/spain","false","226746","1","true"
"https://sendmoneycompare.com/iban/sweden","Sweden IBAN: 24-Char Format + Example (2026)","https://sendmoneycompare.com/iban/sweden","false","178248","1","true"
"https://sendmoneycompare.com/iban/switzerland","Switzerland IBAN: 21-Char Format + Example (2026)","https://sendmoneycompare.com/iban/switzerland","false","184376","1","true"
"https://sendmoneycompare.com/iban/timor-leste","Timor-leste IBAN: 23-Char Format + Example (2026)","https://sendmoneycompare.com/iban/timor-leste","true","145530","1","true"
"https://sendmoneycompare.com/iban/turkey","Turkey IBAN: 26-Char Format + Example (2026)","https://sendmoneycompare.com/iban/turkey","false","205079","1","true"
"https://sendmoneycompare.com/iban/uk","UK IBAN: 22-Char Format + Example (2026)","https://sendmoneycompare.com/iban/uk","false","207213","1","true"
"https://sendmoneycompare.com/iban/ukraine","Ukraine IBAN: 29-Char Format + Example (2026)","https://sendmoneycompare.com/iban/ukraine","false","210095","1","true"
"https://sendmoneycompare.com/iban/united-arab-emirates","UAE IBAN: 23-Char Format + Example (2026)","https://sendmoneycompare.com/iban/united-arab-emirates","false","246102","1","true"
"https://sendmoneycompare.com/iban/vatican-city","Holy See IBAN: 22-Char Format + Example (2026)","https://sendmoneycompare.com/iban/vatican-city","true","187482","1","true"
"https://sendmoneycompare.com/methodology","Methodology — How SendMoneyCompare Works","https://sendmoneycompare.com/methodology","false","143179","1","true"
"https://sendmoneycompare.com/news","Money Transfer News 2026 — Provider Updates & Industry Changes","https://sendmoneycompare.com/news","false","173989","1","true"
"https://sendmoneycompare.com/news/absa-thunes-global-pay-africa-remittances","South Africa's Absa and Thunes Launch Digital Remittance Service…","https://sendmoneycompare.com/news/absa-thunes-global-pay-africa-remittances","true","213321","1","true"
"https://sendmoneycompare.com/news/april-2026-central-bank-calendar","April 2026 Central Bank Calendar | SendMoneyCompare","https://sendmoneycompare.com/news/april-2026-central-bank-calendar","false","221050","1","true"
"https://sendmoneycompare.com/news/central-bank-super-week-march-2026","How Central Bank Rate Decisions Affect Your Money Transfers","https://sendmoneycompare.com/news/central-bank-super-week-march-2026","false","220389","1","true"
"https://sendmoneycompare.com/news/china-digital-yuan-interest-bearing-cbdc","Analysis: What Interest-Bearing Digital Yuan Wallets Could Mean for…","https://sendmoneycompare.com/news/china-digital-yuan-interest-bearing-cbdc","false","213193","1","true"
"https://sendmoneycompare.com/news/embedded-finance-regulation-tightening-2026","US Regulators Turn Their Attention to Embedded Finance as…","https://sendmoneycompare.com/news/embedded-finance-regulation-tightening-2026","false","214569","1","true"
"https://sendmoneycompare.com/news/eu-instant-payments-mandate-2026","SEPA Instant Payments 2026: Free 10-Second Transfers Now Mandatory","https://sendmoneycompare.com/news/eu-instant-payments-mandate-2026","false","216270","1","true"
"https://sendmoneycompare.com/news/eu-instant-payments-mandatory-2026","EU Instant Payments Now Mandatory | SendMoneyCompare","https://sendmoneycompare.com/news/eu-instant-payments-mandatory-2026","false","217611","1","true"
"https://sendmoneycompare.com/news/fca-safeguarding-rules-money-transfer-2026","Is Your Money Safe with Wise and Revolut? | SendMoneyCompare","https://sendmoneycompare.com/news/fca-safeguarding-rules-money-transfer-2026","false","219354","1","true"
"https://sendmoneycompare.com/news/fed-holds-rates-march-2026-one-cut-dot-plot","Fed Holds Rates Steady, Signals Just One Cut in 2026","https://sendmoneycompare.com/news/fed-holds-rates-march-2026-one-cut-dot-plot","false","223063","1","true"
"https://sendmoneycompare.com/news/fednow-cross-border-payments-2026","FedNow Opens to Cross-Border Payments | SendMoneyCompare","https://sendmoneycompare.com/news/fednow-cross-border-payments-2026","true","218830","1","true"
"https://sendmoneycompare.com/news/gcash-free-middle-east-transfers-philippines-ofw-2026","GCash Drops All Fees for Filipino Transfers to the Middle East","https://sendmoneycompare.com/news/gcash-free-middle-east-transfers-philippines-ofw-2026","true","224665","1","true"
"https://sendmoneycompare.com/news/global-currency-outlook-may-2026","Global Currency Outlook May 2026 | SendMoneyCompare","https://sendmoneycompare.com/news/global-currency-outlook-may-2026","true","245172","1","true"
"https://sendmoneycompare.com/news/inr-weakest-year-send-money-india-april-2026","INR at 92.98/USD (April 2026) | SendMoneyCompare","https://sendmoneycompare.com/news/inr-weakest-year-send-money-india-april-2026","true","230126","1","true"
"https://sendmoneycompare.com/news/irs-remittance-tax-proposed-regulations-2026","IRS Publishes Remittance Tax Rules | SendMoneyCompare","https://sendmoneycompare.com/news/irs-remittance-tax-proposed-regulations-2026","true","219117","1","true"
"https://sendmoneycompare.com/news/liberation-day-tariffs-remittance-impact-2026","One Year After Liberation Day | SendMoneyCompare","https://sendmoneycompare.com/news/liberation-day-tariffs-remittance-impact-2026","true","222601","1","true"
"https://sendmoneycompare.com/news/mastercard-bvnk-stablecoin-remittance-2026","Mastercard's $1.8B Bet on Stablecoins | SendMoneyCompare","https://sendmoneycompare.com/news/mastercard-bvnk-stablecoin-remittance-2026","true","223480","1","true"
"https://sendmoneycompare.com/news/mexico-62b-remittance-corridor-goes-digital-2026","Mexico's $62B Remittance Corridor Goes Digital | SendMoneyCompare","https://sendmoneycompare.com/news/mexico-62b-remittance-corridor-goes-digital-2026","true","220432","1","true"
"https://sendmoneycompare.com/news/moneyremitter-launches-deals-comparison","SendMoneyCompare Now Shows Promo Codes & Referral Bonuses Alongside…","https://sendmoneycompare.com/news/moneyremitter-launches-deals-comparison","true","216023","1","true"
"https://sendmoneycompare.com/news/nigeria-cbn-naira-only-remittance-rule-2026","Send Money to Nigeria | SendMoneyCompare","https://sendmoneycompare.com/news/nigeria-cbn-naira-only-remittance-rule-2026","true","225609","1","true"
"https://sendmoneycompare.com/news/pakistan-record-41-billion-remittance-2026","Pakistan Remittances Hit Record $41 Billion in 2026 | SendMoneyCompare","https://sendmoneycompare.com/news/pakistan-record-41-billion-remittance-2026","true","230067","1","true"
"https://sendmoneycompare.com/news/paypal-venmo-goes-global-remittances-2026","Venmo Goes Global: PayPal vs Wise vs Remitly | SendMoneyCompare","https://sendmoneycompare.com/news/paypal-venmo-goes-global-remittances-2026","true","229674","1","true"
"https://sendmoneycompare.com/news/revolut-africa-14-corridors-airtel-mtn-orange-money-2026","Revolut Adds 14 Africa Corridors (April 2026) | SendMoneyCompare","https://sendmoneycompare.com/news/revolut-africa-14-corridors-airtel-mtn-orange-money-2026","false","228711","1","true"
"https://sendmoneycompare.com/news/revolut-files-us-bank-charter-2026","Revolut News March 2026 | SendMoneyCompare","https://sendmoneycompare.com/news/revolut-files-us-bank-charter-2026","false","216361","1","true"
"https://sendmoneycompare.com/news/rwanda-launches-national-fintech-centre-2026","Analysis: Rwanda's Ambitions as Africa's Fintech Hub and What It…","https://sendmoneycompare.com/news/rwanda-launches-national-fintech-centre-2026","true","215587","1","true"
"https://sendmoneycompare.com/news/stablecoins-cross-border-payments-2026","Stablecoins Are Quietly Becoming the Backbone of Cross-Border B2B…","https://sendmoneycompare.com/news/stablecoins-cross-border-payments-2026","false","214929","1","true"
"https://sendmoneycompare.com/news/stripe-paypal-acquisition-talks-2026","Stripe Reportedly Exploring PayPal Acquisition in Landmark Fintech…","https://sendmoneycompare.com/news/stripe-paypal-acquisition-talks-2026","true","213797","1","true"
"https://sendmoneycompare.com/news/swift-75-percent-payments-ten-minutes-fsb-stablecoins-thunes-2026","75% of Cross-Border Payments Now Arrive in 10 Minutes","https://sendmoneycompare.com/news/swift-75-percent-payments-ten-minutes-fsb-stablecoins-thunes-2026","false","228240","1","true"
"https://sendmoneycompare.com/news/us-remittance-excise-tax-takes-effect-2026","New 1% US Remittance Tax — What It Means for You | SendMoneyCompare","https://sendmoneycompare.com/news/us-remittance-excise-tax-takes-effect-2026","false","216857","1","true"
"https://sendmoneycompare.com/news/us-remittance-tax-3-months-behavioral-shift-2026","1% US Remittance Tax Update | SendMoneyCompare","https://sendmoneycompare.com/news/us-remittance-tax-3-months-behavioral-shift-2026","true","228774","1","true"
"https://sendmoneycompare.com/news/western-union-ceo-digital-competition-2026","Western Union CEO Concedes Ground to Digital Rivals | SendMoneyCompare","https://sendmoneycompare.com/news/western-union-ceo-digital-competition-2026","true","215501","1","true"
"https://sendmoneycompare.com/news/wise-nasdaq-dual-listing-may-2026","Wise Nasdaq Dual-Listing (May 2026): What It Means | SendMoneyCompare","https://sendmoneycompare.com/news/wise-nasdaq-dual-listing-may-2026","false","226258","1","true"
"https://sendmoneycompare.com/news/world-bank-remittance-costs-q1-2026","Global Remittance Costs Drop to 6.0% in Q1 2026 | SendMoneyCompare","https://sendmoneycompare.com/news/world-bank-remittance-costs-q1-2026","true","221758","1","true"
"https://sendmoneycompare.com/privacy-policy","Privacy Policy — SendMoneyCompare","https://sendmoneycompare.com/privacy-policy","false","121204","1","true"
"https://sendmoneycompare.com/provider-consistency","Provider Consistency Index 2026: Who Wins Most Corridors","https://sendmoneycompare.com/provider-consistency","false","253087","1","true"
"https://sendmoneycompare.com/remittance-cost-index","2026 Remittance Cost Index — Which Provider Is Actually Cheapest?","https://sendmoneycompare.com/remittance-cost-index","false","487220","1","true"
"https://sendmoneycompare.com/research","Money Transfer Research: Our Original Datasets","https://sendmoneycompare.com/research","false","133638","1","true"
"https://sendmoneycompare.com/send-money","Send Money Abroad — Compare 50+ Apps (2026)","https://sendmoneycompare.com/send-money","false","328306","1","true"
"https://sendmoneycompare.com/send-money/aed-to-ars","Cheapest AED to ARS Rates — Compare 15+ Providers (2026)","https://sendmoneycompare.com/send-money/aed-to-ars","true","445330","1","true"
"https://sendmoneycompare.com/send-money/aed-to-brl","Cheapest AED to BRL Rates — Compare 15+ Providers (2026)","https://sendmoneycompare.com/send-money/aed-to-brl","true","478163","1","true"
"https://sendmoneycompare.com/send-money/aed-to-clp","Cheapest AED to CLP Rates — Compare 15+ Providers (2026)","https://sendmoneycompare.com/send-money/aed-to-clp","true","330560","1","true"
"https://sendmoneycompare.com/send-money/aed-to-cop","Cheapest AED to COP Rates — Compare 15+ Providers (2026)","https://sendmoneycompare.com/send-money/aed-to-cop","true","472666","1","true"
"https://sendmoneycompare.com/send-money/aed-to-eur","Cheapest AED to EUR Rates — Compare 15+ Providers (2026)","https://sendmoneycompare.com/send-money/aed-to-eur","true","460193","1","true"
"https://sendmoneycompare.com/send-money/aed-to-ghs","Cheapest AED to GHS Rates — Compare 15+ Providers (2026)","https://sendmoneycompare.com/send-money/aed-to-ghs","true","481836","1","true"
"https://sendmoneycompare.com/send-money/aed-to-hkd","Cheapest AED to HKD Rates — Compare 15+ Providers (2026)","https://sendmoneycompare.com/send-money/aed-to-hkd","true","268521","1","true"
"https://sendmoneycompare.com/send-money/aed-to-idr","Cheapest AED to IDR Rates — Compare 15+ Providers (2026)","https://sendmoneycompare.com/send-money/aed-to-idr","true","590110","1","true"
"https://sendmoneycompare.com/send-money/aed-to-jpy","Cheapest AED to JPY Rates — Compare 15+ Providers (2026)","https://sendmoneycompare.com/send-money/aed-to-jpy","true","268288","1","true"
"https://sendmoneycompare.com/send-money/aed-to-kes","Cheapest AED to KES Rates — Compare 15+ Providers (2026)","https://sendmoneycompare.com/send-money/aed-to-kes","true","600611","1","true"
"https://sendmoneycompare.com/send-money/aed-to-krw","Cheapest AED to KRW Rates — Compare 15+ Providers (2026)","https://sendmoneycompare.com/send-money/aed-to-krw","true","446161","1","true"
"https://sendmoneycompare.com/send-money/aed-to-lkr","Cheapest AED to LKR Rates — Compare 15+ Providers (2026)","https://sendmoneycompare.com/send-money/aed-to-lkr","false","753056","1","true"
"https://sendmoneycompare.com/send-money/aed-to-mxn","Cheapest AED to MXN Rates — Compare 15+ Providers (2026)","https://sendmoneycompare.com/send-money/aed-to-mxn","true","486039","1","true"
"https://sendmoneycompare.com/send-money/aed-to-myr","Cheapest AED to MYR Rates — Compare 15+ Providers (2026)","https://sendmoneycompare.com/send-money/aed-to-myr","true","474090","1","true"
"https://sendmoneycompare.com/send-money/aed-to-ngn","Cheapest AED to NGN Rates — Compare 15+ Providers (2026)","https://sendmoneycompare.com/send-money/aed-to-ngn","true","725644","1","true"
"https://sendmoneycompare.com/send-money/aed-to-pen","Cheapest AED to PEN Rates — Compare 15+ Providers (2026)","https://sendmoneycompare.com/send-money/aed-to-pen","true","455122","1","true"
"https://sendmoneycompare.com/send-money/aed-to-pln","Cheapest AED to PLN Rates — Compare 15+ Providers (2026)","https://sendmoneycompare.com/send-money/aed-to-pln","true","274837","1","true"
"https://sendmoneycompare.com/send-money/aed-to-sgd","Cheapest AED to SGD Rates — Compare 15+ Providers (2026)","https://sendmoneycompare.com/send-money/aed-to-sgd","true","268611","1","true"
"https://sendmoneycompare.com/send-money/aed-to-thb","Cheapest AED to THB Rates — Compare 15+ Providers (2026)","https://sendmoneycompare.com/send-money/aed-to-thb","true","451215","1","true"
"https://sendmoneycompare.com/send-money/aed-to-try","Cheapest AED to TRY Rates — Compare 15+ Providers (2026)","https://sendmoneycompare.com/send-money/aed-to-try","true","483700","1","true"
"https://sendmoneycompare.com/send-money/aed-to-twd","Cheapest AED to TWD Rates — Compare 15+ Providers (2026)","https://sendmoneycompare.com/send-money/aed-to-twd","true","252992","1","true"
"https://sendmoneycompare.com/send-money/aed-to-uah","Cheapest AED to UAH Rates — Compare 15+ Providers (2026)","https://sendmoneycompare.com/send-money/aed-to-uah","true","464898","1","true"
"https://sendmoneycompare.com/send-money/aed-to-vnd","Cheapest AED to VND Rates — Compare 15+ Providers (2026)","https://sendmoneycompare.com/send-money/aed-to-vnd","true","460822","1","true"
"https://sendmoneycompare.com/send-money/aed-to-zar","Cheapest AED to ZAR Rates — Compare 15+ Providers (2026)","https://sendmoneycompare.com/send-money/aed-to-zar","true","482864","1","true"
"https://sendmoneycompare.com/send-money/aud-to-ars","Cheapest AUD to ARS Rates — Compare 15+ Providers (2026)","https://sendmoneycompare.com/send-money/aud-to-ars","false","500751","1","true"
"https://sendmoneycompare.com/send-money/aud-to-bdt","Cheapest Way to Send Money Australia to Bangladesh — AUD→BDT (2026)","https://sendmoneycompare.com/send-money/aud-to-bdt","true","564725","1","true"
"https://sendmoneycompare.com/send-money/aud-to-brl","Cheapest AUD to BRL Rates — Compare 15+ Providers (2026)","https://sendmoneycompare.com/send-money/aud-to-brl","false","605621","1","true"
"https://sendmoneycompare.com/send-money/aud-to-cad","Cheapest AUD to CAD Rates — Compare 15+ Providers (2026)","https://sendmoneycompare.com/send-money/aud-to-cad","true","525222","1","true"
"https://sendmoneycompare.com/send-money/aud-to-clp","Cheapest AUD to CLP Rates — Compare 15+ Providers (2026)","https://sendmoneycompare.com/send-money/aud-to-clp","false","367629","1","true"
"https://sendmoneycompare.com/send-money/aud-to-cny","Cheapest AUD to CNY Rates — Compare 15+ Providers (2026)","https://sendmoneycompare.com/send-money/aud-to-cny","true","805584","1","true"
"https://sendmoneycompare.com/send-money/aud-to-cop","Cheapest AUD to COP Rates — Compare 15+ Providers (2026)","https://sendmoneycompare.com/send-money/aud-to-cop","true","519719","1","true"
"https://sendmoneycompare.com/send-money/aud-to-egp","Cheapest AUD to EGP Rates — Compare 15+ Providers (2026)","https://sendmoneycompare.com/send-money/aud-to-egp","true","492016","1","true"
"https://sendmoneycompare.com/send-money/aud-to-etb","Cheapest AUD to ETB Rates — Compare 15+ Providers (2026)","https://sendmoneycompare.com/send-money/aud-to-etb","true","486191","1","true"
"https://sendmoneycompare.com/send-money/aud-to-eur","Cheapest AUD to EUR Rates — Compare 15+ Providers (2026)","https://sendmoneycompare.com/send-money/aud-to-eur","true","948040","1","true"
"https://sendmoneycompare.com/send-money/aud-to-ghs","Cheapest AUD to GHS Rates — Compare 15+ Providers (2026)","https://sendmoneycompare.com/send-money/aud-to-ghs","false","574447","1","true"
"https://sendmoneycompare.com/send-money/aud-to-hkd","Cheapest AUD to HKD Rates — Compare 15+ Providers (2026)","https://sendmoneycompare.com/send-money/aud-to-hkd","false","385278","1","true"
"https://sendmoneycompare.com/send-money/aud-to-idr","Cheapest AUD to IDR Rates — Compare 15+ Providers (2026)","https://sendmoneycompare.com/send-money/aud-to-idr","true","843712","1","true"
"https://sendmoneycompare.com/send-money/aud-to-jpy","Cheapest AUD to JPY Rates — Compare 15+ Providers (2026)","https://sendmoneycompare.com/send-money/aud-to-jpy","false","375327","1","true"
"https://sendmoneycompare.com/send-money/aud-to-kes","Cheapest AUD to KES Rates — Compare 15+ Providers (2026)","https://sendmoneycompare.com/send-money/aud-to-kes","false","583032","1","true"
"https://sendmoneycompare.com/send-money/aud-to-krw","Cheapest AUD to KRW Rates — Compare 15+ Providers (2026)","https://sendmoneycompare.com/send-money/aud-to-krw","false","545158","1","true"
"https://sendmoneycompare.com/send-money/aud-to-lkr","Cheapest AUD to LKR Rates — Compare 15+ Providers (2026)","https://sendmoneycompare.com/send-money/aud-to-lkr","true","505133","1","true"
"https://sendmoneycompare.com/send-money/aud-to-mad","Cheapest AUD to MAD Rates — Compare 15+ Providers (2026)","https://sendmoneycompare.com/send-money/aud-to-mad","true","486496","1","true"
"https://sendmoneycompare.com/send-money/aud-to-mxn","Cheapest AUD to MXN Rates — Compare 15+ Providers (2026)","https://sendmoneycompare.com/send-money/aud-to-mxn","false","548986","1","true"
"https://sendmoneycompare.com/send-money/aud-to-myr","Cheapest AUD to MYR Rates — Compare 15+ Providers (2026)","https://sendmoneycompare.com/send-money/aud-to-myr","false","542209","1","true"
"https://sendmoneycompare.com/send-money/aud-to-ngn","Cheapest AUD to NGN Rates — Compare 15+ Providers (2026)","https://sendmoneycompare.com/send-money/aud-to-ngn","false","553397","1","true"
"https://sendmoneycompare.com/send-money/aud-to-nzd","Cheapest AUD to NZD Rates — Compare 15+ Providers (2026)","https://sendmoneycompare.com/send-money/aud-to-nzd","false","859793","1","true"
"https://sendmoneycompare.com/send-money/aud-to-pen","Cheapest AUD to PEN Rates — Compare 15+ Providers (2026)","https://sendmoneycompare.com/send-money/aud-to-pen","false","509012","1","true"
"https://sendmoneycompare.com/send-money/aud-to-pln","Cheapest AUD to PLN Rates — Compare 15+ Providers (2026)","https://sendmoneycompare.com/send-money/aud-to-pln","false","355419","1","true"
"https://sendmoneycompare.com/send-money/aud-to-rwf","Cheapest AUD to RWF Rates — Compare 15+ Providers (2026)","https://sendmoneycompare.com/send-money/aud-to-rwf","true","491326","1","true"
"https://sendmoneycompare.com/send-money/aud-to-sgd","Cheapest AUD to SGD Rates — Compare 15+ Providers (2026)","https://sendmoneycompare.com/send-money/aud-to-sgd","false","383821","1","true"
"https://sendmoneycompare.com/send-money/aud-to-thb","Cheapest AUD to THB Rates — Compare 15+ Providers (2026)","https://sendmoneycompare.com/send-money/aud-to-thb","false","913431","1","true"
"https://sendmoneycompare.com/send-money/aud-to-try","Cheapest AUD to TRY Rates — Compare 15+ Providers (2026)","https://sendmoneycompare.com/send-money/aud-to-try","false","547785","1","true"
"https://sendmoneycompare.com/send-money/aud-to-twd","Cheapest AUD to TWD Rates — Compare 15+ Providers (2026)","https://sendmoneycompare.com/send-money/aud-to-twd","true","254844","1","true"
"https://sendmoneycompare.com/send-money/aud-to-tzs","Cheapest AUD to TZS Rates — Compare 15+ Providers (2026)","https://sendmoneycompare.com/send-money/aud-to-tzs","true","477914","1","true"
"https://sendmoneycompare.com/send-money/aud-to-uah","Cheapest AUD to UAH Rates — Compare 15+ Providers (2026)","https://sendmoneycompare.com/send-money/aud-to-uah","true","480965","1","true"
"https://sendmoneycompare.com/send-money/aud-to-ugx","Cheapest AUD to UGX Rates — Compare 15+ Providers (2026)","https://sendmoneycompare.com/send-money/aud-to-ugx","true","488262","1","true"
"https://sendmoneycompare.com/send-money/aud-to-usd","Cheapest AUD to USD Rates — Compare 15+ Providers (2026)","https://sendmoneycompare.com/send-money/aud-to-usd","true","958860","1","true"
"https://sendmoneycompare.com/send-money/aud-to-vnd","Cheapest AUD to VND Rates — Compare 15+ Providers (2026)","https://sendmoneycompare.com/send-money/aud-to-vnd","true","829205","1","true"
"https://sendmoneycompare.com/send-money/aud-to-xaf","Cheapest AUD to XAF Rates — Compare 15+ Providers (2026)","https://sendmoneycompare.com/send-money/aud-to-xaf","true","502229","1","true"
"https://sendmoneycompare.com/send-money/aud-to-xof","Cheapest AUD to XOF Rates — Compare 15+ Providers (2026)","https://sendmoneycompare.com/send-money/aud-to-xof","true","485495","1","true"
"https://sendmoneycompare.com/send-money/aud-to-zar","Cheapest AUD to ZAR Rates — Compare 15+ Providers (2026)","https://sendmoneycompare.com/send-money/aud-to-zar","false","574794","1","true"
"https://sendmoneycompare.com/send-money/australia-to-argentina","Cheapest Way to Send Money Australia to Argentina — AUD→ARS (2026)","https://sendmoneycompare.com/send-money/australia-to-argentina","false","554676","1","true"
"https://sendmoneycompare.com/send-money/australia-to-bangladesh","Cheapest Way to Send Money Australia to Bangladesh — AUD→BDT (2026)","https://sendmoneycompare.com/send-money/australia-to-bangladesh","true","552779","1","true"
"https://sendmoneycompare.com/send-money/australia-to-brazil","Cheapest Way to Send Money Australia to Brazil — AUD→BRL (2026)","https://sendmoneycompare.com/send-money/australia-to-brazil","true","676584","1","true"
"https://sendmoneycompare.com/send-money/australia-to-cameroon","Cheapest Way to Send Money Australia to Cameroon — AUD→XAF (2026)","https://sendmoneycompare.com/send-money/australia-to-cameroon","true","577824","1","true"
"https://sendmoneycompare.com/send-money/australia-to-canada","Cheapest Way to Send Money Australia to Canada — AUD→CAD (2026)","https://sendmoneycompare.com/send-money/australia-to-canada","false","577045","1","true"
"https://sendmoneycompare.com/send-money/australia-to-chile","Cheapest Way to Send Money Australia to Chile — AUD→CLP (2026)","https://sendmoneycompare.com/send-money/australia-to-chile","false","420997","1","true"
"https://sendmoneycompare.com/send-money/australia-to-china","Cheapest Way to Send Money Australia to China — AUD→CNY (2026)","https://sendmoneycompare.com/send-money/australia-to-china","false","879189","1","true"
"https://sendmoneycompare.com/send-money/australia-to-colombia","Cheapest Way to Send Money Australia to Colombia — AUD→COP (2026)","https://sendmoneycompare.com/send-money/australia-to-colombia","false","592779","1","true"
"https://sendmoneycompare.com/send-money/australia-to-croatia","Cheapest Way to Send Money Australia to Croatia — AUD→EUR (2026)","https://sendmoneycompare.com/send-money/australia-to-croatia","false","1020649","1","true"
"https://sendmoneycompare.com/send-money/australia-to-ecuador","Cheapest Way to Send Money Australia to Ecuador — AUD→USD (2026)","https://sendmoneycompare.com/send-money/australia-to-ecuador","false","1012326","1","true"
"https://sendmoneycompare.com/send-money/australia-to-egypt","Cheapest Way to Send Money Australia to Egypt — AUD→EGP (2026)","https://sendmoneycompare.com/send-money/australia-to-egypt","true","555412","1","true"
"https://sendmoneycompare.com/send-money/australia-to-el-salvador","Cheapest Way to Send Money Australia to El Salvador — AUD→USD (2026)","https://sendmoneycompare.com/send-money/australia-to-el-salvador","false","1013029","1","true"
"https://sendmoneycompare.com/send-money/australia-to-ethiopia","Cheapest Way to Send Money Australia to Ethiopia — AUD→ETB (2026)","https://sendmoneycompare.com/send-money/australia-to-ethiopia","true","557494","1","true"
"https://sendmoneycompare.com/send-money/australia-to-europe","Cheapest Way to Send Money Australia to Europe — AUD→EUR (2026)","https://sendmoneycompare.com/send-money/australia-to-europe","false","1020052","1","true"
"https://sendmoneycompare.com/send-money/australia-to-france","Cheapest Way to Send Money Australia to France — AUD→EUR (2026)","https://sendmoneycompare.com/send-money/australia-to-france","false","1020950","1","true"
"https://sendmoneycompare.com/send-money/australia-to-germany","Cheapest Way to Send Money Australia to Germany — AUD→EUR (2026)","https://sendmoneycompare.com/send-money/australia-to-germany","false","1021026","1","true"
"https://sendmoneycompare.com/send-money/australia-to-ghana","Cheapest Way to Send Money Australia to Ghana — AUD→GHS (2026)","https://sendmoneycompare.com/send-money/australia-to-ghana","false","645016","1","true"
"https://sendmoneycompare.com/send-money/australia-to-hong-kong","Cheapest Way to Send Money Australia to Hong Kong — AUD→HKD (2026)","https://sendmoneycompare.com/send-money/australia-to-hong-kong","false","437569","1","true"
"https://sendmoneycompare.com/send-money/australia-to-india","Cheapest Way to Send Money Australia to India — AUD→INR Rates (2026)","https://sendmoneycompare.com/send-money/australia-to-india","false","1197500","1","true"
"https://sendmoneycompare.com/send-money/australia-to-indonesia","Cheapest Way to Send Money Australia to Indonesia — AUD→IDR (2026)","https://sendmoneycompare.com/send-money/australia-to-indonesia","true","912820","1","true"
"https://sendmoneycompare.com/send-money/australia-to-japan","Cheapest Way to Send Money Australia to Japan — AUD→JPY (2026)","https://sendmoneycompare.com/send-money/australia-to-japan","true","444167","1","true"
"https://sendmoneycompare.com/send-money/australia-to-kenya","Cheapest Way to Send Money Australia to Kenya — AUD→KES (2026)","https://sendmoneycompare.com/send-money/australia-to-kenya","true","655284","1","true"
"https://sendmoneycompare.com/send-money/australia-to-malaysia","Cheapest Way to Send Money Australia to Malaysia — AUD→MYR (2026)","https://sendmoneycompare.com/send-money/australia-to-malaysia","false","616184","1","true"
"https://sendmoneycompare.com/send-money/australia-to-mexico","Cheapest Way to Send Money Australia to Mexico — AUD→MXN (2026)","https://sendmoneycompare.com/send-money/australia-to-mexico","true","627597","1","true"
"https://sendmoneycompare.com/send-money/australia-to-morocco","Cheapest Way to Send Money Australia to Morocco — AUD→MAD (2026)","https://sendmoneycompare.com/send-money/australia-to-morocco","true","549955","1","true"
"https://sendmoneycompare.com/send-money/australia-to-new-zealand","Cheapest Way to Send Money Australia to New Zealand — AUD→NZD (2026)","https://sendmoneycompare.com/send-money/australia-to-new-zealand","false","912372","1","true"
"https://sendmoneycompare.com/send-money/australia-to-nigeria","Cheapest Way to Send Money Australia to Nigeria — AUD→NGN (2026)","https://sendmoneycompare.com/send-money/australia-to-nigeria","false","623282","1","true"
"https://sendmoneycompare.com/send-money/australia-to-pakistan","Cheapest Way to Send Money Australia to Pakistan — AUD→PKR (2026)","https://sendmoneycompare.com/send-money/australia-to-pakistan","true","813358","1","true"
"https://sendmoneycompare.com/send-money/australia-to-panama","Cheapest Way to Send Money Australia to Panama — AUD→USD (2026)","https://sendmoneycompare.com/send-money/australia-to-panama","false","1012265","1","true"
"https://sendmoneycompare.com/send-money/australia-to-peru","Cheapest Way to Send Money Australia to Peru — AUD→PEN (2026)","https://sendmoneycompare.com/send-money/australia-to-peru","false","580678","1","true"
"https://sendmoneycompare.com/send-money/australia-to-philippines","Cheapest Way to Send Money Australia to Philippines — AUD→PHP (2026)","https://sendmoneycompare.com/send-money/australia-to-philippines","true","1226455","1","true"
"https://sendmoneycompare.com/send-money/australia-to-poland","Cheapest Way to Send Money Australia to Poland — AUD→PLN (2026)","https://sendmoneycompare.com/send-money/australia-to-poland","false","424293","1","true"
"https://sendmoneycompare.com/send-money/australia-to-rwanda","Cheapest Way to Send Money Australia to Rwanda — AUD→RWF (2026)","https://sendmoneycompare.com/send-money/australia-to-rwanda","true","564168","1","true"
"https://sendmoneycompare.com/send-money/australia-to-senegal","Cheapest Way to Send Money Australia to Senegal — AUD→XOF (2026)","https://sendmoneycompare.com/send-money/australia-to-senegal","true","561137","1","true"
"https://sendmoneycompare.com/send-money/australia-to-singapore","Cheapest Way to Send Money Australia to Singapore — AUD→SGD (2026)","https://sendmoneycompare.com/send-money/australia-to-singapore","false","436112","1","true"
"https://sendmoneycompare.com/send-money/australia-to-south-africa","Cheapest Way to Send Money Australia to South Africa — AUD→ZAR (2026)","https://sendmoneycompare.com/send-money/australia-to-south-africa","true","650391","1","true"
"https://sendmoneycompare.com/send-money/australia-to-south-korea","Cheapest Way to Send Money Australia to South Korea — AUD→KRW (2026)","https://sendmoneycompare.com/send-money/australia-to-south-korea","false","599509","1","true"
"https://sendmoneycompare.com/send-money/australia-to-spain","Cheapest Way to Send Money Australia to Spain — AUD→EUR (2026)","https://sendmoneycompare.com/send-money/australia-to-spain","false","1020622","1","true"
"https://sendmoneycompare.com/send-money/australia-to-sri-lanka","Cheapest Way to Send Money Australia to Sri Lanka — AUD→LKR (2026)","https://sendmoneycompare.com/send-money/australia-to-sri-lanka","true","568347","1","true"
"https://sendmoneycompare.com/send-money/australia-to-taiwan","Cheapest Way to Send Money Australia to Taiwan — AUD→TWD (2026)","https://sendmoneycompare.com/send-money/australia-to-taiwan","true","322635","1","true"
"https://sendmoneycompare.com/send-money/australia-to-tanzania","Cheapest Way to Send Money Australia to Tanzania — AUD→TZS (2026)","https://sendmoneycompare.com/send-money/australia-to-tanzania","true","554068","1","true"
"https://sendmoneycompare.com/send-money/australia-to-thailand","Cheapest Way to Send Money Australia to Thailand — AUD→THB (2026)","https://sendmoneycompare.com/send-money/australia-to-thailand","true","985756","1","true"
"https://sendmoneycompare.com/send-money/australia-to-turkey","Cheapest Way to Send Money Australia to Turkey — AUD→TRY (2026)","https://sendmoneycompare.com/send-money/australia-to-turkey","true","612452","1","true"
"https://sendmoneycompare.com/send-money/australia-to-uganda","Cheapest Way to Send Money Australia to Uganda — AUD→UGX (2026)","https://sendmoneycompare.com/send-money/australia-to-uganda","true","561931","1","true"
"https://sendmoneycompare.com/send-money/australia-to-uk","Cheapest Way to Send Money Australia to UK — AUD→GBP Rates (2026)","https://sendmoneycompare.com/send-money/australia-to-uk","false","1001086","1","true"
"https://sendmoneycompare.com/send-money/australia-to-ukraine","Cheapest Way to Send Money Australia to Ukraine — AUD→UAH (2026)","https://sendmoneycompare.com/send-money/australia-to-ukraine","true","534685","1","true"
"https://sendmoneycompare.com/send-money/australia-to-vietnam","Cheapest Way to Send Money Australia to Vietnam — AUD→VND (2026)","https://sendmoneycompare.com/send-money/australia-to-vietnam","false","896260","1","true"
"https://sendmoneycompare.com/send-money/australia-to-zimbabwe","Cheapest Way to Send Money Australia to Zimbabwe — AUD→ZAR (2026)","https://sendmoneycompare.com/send-money/australia-to-zimbabwe","false","627749","1","true"
"https://sendmoneycompare.com/send-money/austria-to-cameroon","Cheapest Way to Send Money Austria to Cameroon — EUR→XAF (2026)","https://sendmoneycompare.com/send-money/austria-to-cameroon","true","571698","1","true"
"https://sendmoneycompare.com/send-money/austria-to-china","Cheapest Way to Send Money Austria to China — EUR→CNY (2026)","https://sendmoneycompare.com/send-money/austria-to-china","true","565303","1","true"
"https://sendmoneycompare.com/send-money/austria-to-ethiopia","Cheapest Way to Send Money Austria to Ethiopia — EUR→ETB (2026)","https://sendmoneycompare.com/send-money/austria-to-ethiopia","true","555260","1","true"
"https://sendmoneycompare.com/send-money/austria-to-rwanda","Cheapest Way to Send Money Austria to Rwanda — EUR→RWF (2026)","https://sendmoneycompare.com/send-money/austria-to-rwanda","true","563281","1","true"
"https://sendmoneycompare.com/send-money/austria-to-senegal","Cheapest Way to Send Money Austria to Senegal — EUR→XOF (2026)","https://sendmoneycompare.com/send-money/austria-to-senegal","true","570047","1","true"
"https://sendmoneycompare.com/send-money/austria-to-sri-lanka","Cheapest Way to Send Money Austria to Sri Lanka — EUR→LKR (2026)","https://sendmoneycompare.com/send-money/austria-to-sri-lanka","true","610764","1","true"
"https://sendmoneycompare.com/send-money/austria-to-taiwan","Cheapest Way to Send Money Austria to Taiwan — EUR→TWD (2026)","https://sendmoneycompare.com/send-money/austria-to-taiwan","true","322556","1","true"
"https://sendmoneycompare.com/send-money/austria-to-tanzania","Cheapest Way to Send Money Austria to Tanzania — EUR→TZS (2026)","https://sendmoneycompare.com/send-money/austria-to-tanzania","true","558281","1","true"
"https://sendmoneycompare.com/send-money/austria-to-turkey","Cheapest Way to Send Money Austria to Turkey — EUR→TRY (2026)","https://sendmoneycompare.com/send-money/austria-to-turkey","true","1124184","1","true"
"https://sendmoneycompare.com/send-money/austria-to-uganda","Cheapest Way to Send Money Austria to Uganda — EUR→UGX (2026)","https://sendmoneycompare.com/send-money/austria-to-uganda","true","576361","1","true"
"https://sendmoneycompare.com/send-money/bahrain-to-bangladesh","Cheapest Way to Send Money Bahrain to Bangladesh — BHD→BDT (2026)","https://sendmoneycompare.com/send-money/bahrain-to-bangladesh","true","671297","1","true"
"https://sendmoneycompare.com/send-money/bahrain-to-india","Cheapest Way to Send Money Bahrain to India — BHD→INR (2026)","https://sendmoneycompare.com/send-money/bahrain-to-india","false","694493","1","true"
"https://sendmoneycompare.com/send-money/bahrain-to-pakistan","Cheapest Way to Send Money Bahrain to Pakistan — BHD→PKR (2026)","https://sendmoneycompare.com/send-money/bahrain-to-pakistan","true","728290","1","true"
"https://sendmoneycompare.com/send-money/bahrain-to-philippines","Cheapest Way to Send Money Bahrain to Philippines — BHD→PHP (2026)","https://sendmoneycompare.com/send-money/bahrain-to-philippines","true","745938","1","true"
"https://sendmoneycompare.com/send-money/belgium-to-cameroon","Cheapest Way to Send Money Belgium to Cameroon — EUR→XAF (2026)","https://sendmoneycompare.com/send-money/belgium-to-cameroon","true","571708","1","true"
"https://sendmoneycompare.com/send-money/belgium-to-china","Cheapest Way to Send Money Belgium to China — EUR→CNY (2026)","https://sendmoneycompare.com/send-money/belgium-to-china","true","565270","1","true"
"https://sendmoneycompare.com/send-money/belgium-to-ethiopia","Cheapest Way to Send Money Belgium to Ethiopia — EUR→ETB (2026)","https://sendmoneycompare.com/send-money/belgium-to-ethiopia","true","555358","1","true"
"https://sendmoneycompare.com/send-money/belgium-to-mexico","Cheapest Way to Send Money Belgium to Mexico — EUR→MXN (2026)","https://sendmoneycompare.com/send-money/belgium-to-mexico","false","1143971","1","true"
"https://sendmoneycompare.com/send-money/belgium-to-morocco","Cheapest Way to Send Money Belgium to Morocco — EUR→MAD (2026)","https://sendmoneycompare.com/send-money/belgium-to-morocco","true","1128420","1","true"
"https://sendmoneycompare.com/send-money/belgium-to-pakistan","Cheapest Way to Send Money Belgium to Pakistan — EUR→PKR (2026)","https://sendmoneycompare.com/send-money/belgium-to-pakistan","true","1109704","1","true"
"https://sendmoneycompare.com/send-money/belgium-to-rwanda","Cheapest Way to Send Money Belgium to Rwanda — EUR→RWF (2026)","https://sendmoneycompare.com/send-money/belgium-to-rwanda","true","563354","1","true"
"https://sendmoneycompare.com/send-money/belgium-to-senegal","Cheapest Way to Send Money Belgium to Senegal — EUR→XOF (2026)","https://sendmoneycompare.com/send-money/belgium-to-senegal","true","570120","1","true"
"https://sendmoneycompare.com/send-money/belgium-to-sri-lanka","Cheapest Way to Send Money Belgium to Sri Lanka — EUR→LKR (2026)","https://sendmoneycompare.com/send-money/belgium-to-sri-lanka","true","610868","1","true"
"https://sendmoneycompare.com/send-money/belgium-to-taiwan","Cheapest Way to Send Money Belgium to Taiwan — EUR→TWD (2026)","https://sendmoneycompare.com/send-money/belgium-to-taiwan","true","322564","1","true"
"https://sendmoneycompare.com/send-money/belgium-to-tanzania","Cheapest Way to Send Money Belgium to Tanzania — EUR→TZS (2026)","https://sendmoneycompare.com/send-money/belgium-to-tanzania","true","558294","1","true"
"https://sendmoneycompare.com/send-money/belgium-to-uganda","Cheapest Way to Send Money Belgium to Uganda — EUR→UGX (2026)","https://sendmoneycompare.com/send-money/belgium-to-uganda","true","576269","1","true"
"https://sendmoneycompare.com/send-money/bhd-to-bdt","Cheapest BHD to BDT Rates — Compare 15+ Providers (2026)","https://sendmoneycompare.com/send-money/bhd-to-bdt","true","595085","1","true"
"https://sendmoneycompare.com/send-money/bhd-to-inr","Cheapest BHD to INR Rates — Compare 15+ Providers (2026)","https://sendmoneycompare.com/send-money/bhd-to-inr","true","615354","1","true"
"https://sendmoneycompare.com/send-money/bhd-to-php","Cheapest BHD to PHP Rates — Compare 15+ Providers (2026)","https://sendmoneycompare.com/send-money/bhd-to-php","true","663049","1","true"
"https://sendmoneycompare.com/send-money/bhd-to-pkr","Cheapest BHD to PKR Rates — Compare 15+ Providers (2026)","https://sendmoneycompare.com/send-money/bhd-to-pkr","true","646575","1","true"
"https://sendmoneycompare.com/send-money/cad-to-ars","Cheapest CAD to ARS Rates — Compare 15+ Providers (2026)","https://sendmoneycompare.com/send-money/cad-to-ars","false","490858","1","true"
"https://sendmoneycompare.com/send-money/cad-to-bdt","Cheapest CAD to BDT Rates — Compare 15+ Providers (2026)","https://sendmoneycompare.com/send-money/cad-to-bdt","true","558026","1","true"
"https://sendmoneycompare.com/send-money/cad-to-brl","Cheapest CAD to BRL Rates — Compare 15+ Providers (2026)","https://sendmoneycompare.com/send-money/cad-to-brl","false","602103","1","true"
"https://sendmoneycompare.com/send-money/cad-to-clp","Cheapest CAD to CLP Rates — Compare 15+ Providers (2026)","https://sendmoneycompare.com/send-money/cad-to-clp","false","367579","1","true"
"https://sendmoneycompare.com/send-money/cad-to-cny","Cheapest CAD to CNY Rates — Compare 15+ Providers (2026)","https://sendmoneycompare.com/send-money/cad-to-cny","true","494447","1","true"
"https://sendmoneycompare.com/send-money/cad-to-cop","Cheapest CAD to COP Rates — Compare 15+ Providers (2026)","https://sendmoneycompare.com/send-money/cad-to-cop","false","528254","1","true"
"https://sendmoneycompare.com/send-money/cad-to-egp","Cheapest CAD to EGP Rates — Compare 15+ Providers (2026)","https://sendmoneycompare.com/send-money/cad-to-egp","true","496232","1","true"
"https://sendmoneycompare.com/send-money/cad-to-etb","Cheapest CAD to ETB Rates — Compare 15+ Providers (2026)","https://sendmoneycompare.com/send-money/cad-to-etb","true","479018","1","true"
"https://sendmoneycompare.com/send-money/cad-to-eur","Cheapest CAD to EUR Rates — Compare 15+ Providers (2026)","https://sendmoneycompare.com/send-money/cad-to-eur","true","880855","1","true"
"https://sendmoneycompare.com/send-money/cad-to-gbp","Cheapest CAD to GBP Rates — Compare 15+ Providers (2026)","https://sendmoneycompare.com/send-money/cad-to-gbp","true","886623","1","true"
"https://sendmoneycompare.com/send-money/cad-to-ghs","Cheapest CAD to GHS Rates — Compare 15+ Providers (2026)","https://sendmoneycompare.com/send-money/cad-to-ghs","true","573348","1","true"
"https://sendmoneycompare.com/send-money/cad-to-hkd","Cheapest CAD to HKD Rates — Compare 15+ Providers (2026)","https://sendmoneycompare.com/send-money/cad-to-hkd","true","360532","1","true"
"https://sendmoneycompare.com/send-money/cad-to-idr","Cheapest CAD to IDR Rates — Compare 15+ Providers (2026)","https://sendmoneycompare.com/send-money/cad-to-idr","false","534828","1","true"
"https://sendmoneycompare.com/send-money/cad-to-jpy","Cheapest CAD to JPY Rates — Compare 15+ Providers (2026)","https://sendmoneycompare.com/send-money/cad-to-jpy","false","351943","1","true"
"https://sendmoneycompare.com/send-money/cad-to-kes","Cheapest CAD to KES Rates — Compare 15+ Providers (2026)","https://sendmoneycompare.com/send-money/cad-to-kes","false","584735","1","true"
"https://sendmoneycompare.com/send-money/cad-to-krw","Cheapest CAD to KRW Rates — Compare 15+ Providers (2026)","https://sendmoneycompare.com/send-money/cad-to-krw","false","503975","1","true"
"https://sendmoneycompare.com/send-money/cad-to-mad","Cheapest CAD to MAD Rates — Compare 15+ Providers (2026)","https://sendmoneycompare.com/send-money/cad-to-mad","true","488615","1","true"
"https://sendmoneycompare.com/send-money/cad-to-mxn","Cheapest CAD to MXN Rates — Compare 15+ Providers (2026)","https://sendmoneycompare.com/send-money/cad-to-mxn","true","573385","1","true"
"https://sendmoneycompare.com/send-money/cad-to-myr","Cheapest CAD to MYR Rates — Compare 15+ Providers (2026)","https://sendmoneycompare.com/send-money/cad-to-myr","false","534127","1","true"
"https://sendmoneycompare.com/send-money/cad-to-pen","Cheapest CAD to PEN Rates — Compare 15+ Providers (2026)","https://sendmoneycompare.com/send-money/cad-to-pen","false","517949","1","true"
"https://sendmoneycompare.com/send-money/cad-to-pln","Cheapest CAD to PLN Rates — Compare 15+ Providers (2026)","https://sendmoneycompare.com/send-money/cad-to-pln","false","344761","1","true"
"https://sendmoneycompare.com/send-money/cad-to-rwf","Cheapest CAD to RWF Rates — Compare 15+ Providers (2026)","https://sendmoneycompare.com/send-money/cad-to-rwf","true","486870","1","true"
"https://sendmoneycompare.com/send-money/cad-to-sgd","Cheapest CAD to SGD Rates — Compare 15+ Providers (2026)","https://sendmoneycompare.com/send-money/cad-to-sgd","false","352861","1","true"
"https://sendmoneycompare.com/send-money/cad-to-thb","Cheapest CAD to THB Rates — Compare 15+ Providers (2026)","https://sendmoneycompare.com/send-money/cad-to-thb","false","557004","1","true"
"https://sendmoneycompare.com/send-money/cad-to-try","Cheapest CAD to TRY Rates — Compare 15+ Providers (2026)","https://sendmoneycompare.com/send-money/cad-to-try","false","532038","1","true"
"https://sendmoneycompare.com/send-money/cad-to-twd","Cheapest CAD to TWD Rates — Compare 15+ Providers (2026)","https://sendmoneycompare.com/send-money/cad-to-twd","true","254743","1","true"
"https://sendmoneycompare.com/send-money/cad-to-tzs","Cheapest CAD to TZS Rates — Compare 15+ Providers (2026)","https://sendmoneycompare.com/send-money/cad-to-tzs","true","485958","1","true"
"https://sendmoneycompare.com/send-money/cad-to-uah","Cheapest CAD to UAH Rates — Compare 15+ Providers (2026)","https://sendmoneycompare.com/send-money/cad-to-uah","true","480771","1","true"
"https://sendmoneycompare.com/send-money/cad-to-ugx","Cheapest CAD to UGX Rates — Compare 15+ Providers (2026)","https://sendmoneycompare.com/send-money/cad-to-ugx","true","502539","1","true"
"https://sendmoneycompare.com/send-money/cad-to-usd","Cheapest CAD to USD Rates — Compare 15+ Providers (2026)","https://sendmoneycompare.com/send-money/cad-to-usd","false","898500","1","true"
"https://sendmoneycompare.com/send-money/cad-to-vnd","Cheapest CAD to VND Rates — Compare 15+ Providers (2026)","https://sendmoneycompare.com/send-money/cad-to-vnd","false","534472","1","true"
"https://sendmoneycompare.com/send-money/cad-to-xaf","Cheapest CAD to XAF Rates — Compare 15+ Providers (2026)","https://sendmoneycompare.com/send-money/cad-to-xaf","true","472329","1","true"
"https://sendmoneycompare.com/send-money/cad-to-xof","Cheapest CAD to XOF Rates — Compare 15+ Providers (2026)","https://sendmoneycompare.com/send-money/cad-to-xof","true","486349","1","true"
"https://sendmoneycompare.com/send-money/cad-to-zar","Cheapest CAD to ZAR Rates — Compare 15+ Providers (2026)","https://sendmoneycompare.com/send-money/cad-to-zar","false","544107","1","true"
"https://sendmoneycompare.com/send-money/canada-to-argentina","Cheapest Way to Send Money Canada to Argentina — CAD→ARS (2026)","https://sendmoneycompare.com/send-money/canada-to-argentina","false","544582","1","true"
"https://sendmoneycompare.com/send-money/canada-to-bangladesh","Cheapest Way to Send Money Canada to Bangladesh — CAD→BDT (2026)","https://sendmoneycompare.com/send-money/canada-to-bangladesh","true","634219","1","true"
"https://sendmoneycompare.com/send-money/canada-to-brazil","Cheapest Way to Send Money Canada to Brazil — CAD→BRL (2026)","https://sendmoneycompare.com/send-money/canada-to-brazil","false","672644","1","true"
"https://sendmoneycompare.com/send-money/canada-to-cameroon","Cheapest Way to Send Money Canada to Cameroon — CAD→XAF (2026)","https://sendmoneycompare.com/send-money/canada-to-cameroon","true","547809","1","true"
"https://sendmoneycompare.com/send-money/canada-to-chile","Cheapest Way to Send Money Canada to Chile — CAD→CLP (2026)","https://sendmoneycompare.com/send-money/canada-to-chile","false","420628","1","true"
"https://sendmoneycompare.com/send-money/canada-to-china","Cheapest Way to Send Money Canada to China — CAD→CNY (2026)","https://sendmoneycompare.com/send-money/canada-to-china","true","564667","1","true"
"https://sendmoneycompare.com/send-money/canada-to-colombia","Cheapest Way to Send Money Canada to Colombia — CAD→COP (2026)","https://sendmoneycompare.com/send-money/canada-to-colombia","false","601135","1","true"
"https://sendmoneycompare.com/send-money/canada-to-croatia","Cheapest Way to Send Money Canada to Croatia — CAD→EUR (2026)","https://sendmoneycompare.com/send-money/canada-to-croatia","false","953308","1","true"
"https://sendmoneycompare.com/send-money/canada-to-ecuador","Cheapest Way to Send Money Canada to Ecuador — CAD→USD (2026)","https://sendmoneycompare.com/send-money/canada-to-ecuador","false","951974","1","true"
"https://sendmoneycompare.com/send-money/canada-to-egypt","Cheapest Way to Send Money Canada to Egypt — CAD→EGP (2026)","https://sendmoneycompare.com/send-money/canada-to-egypt","true","559394","1","true"
"https://sendmoneycompare.com/send-money/canada-to-el-salvador","Cheapest Way to Send Money Canada to El Salvador — CAD→USD (2026)","https://sendmoneycompare.com/send-money/canada-to-el-salvador","false","952593","1","true"
"https://sendmoneycompare.com/send-money/canada-to-ethiopia","Cheapest Way to Send Money Canada to Ethiopia — CAD→ETB (2026)","https://sendmoneycompare.com/send-money/canada-to-ethiopia","true","549975","1","true"
"https://sendmoneycompare.com/send-money/canada-to-europe","Cheapest Way to Send Money Canada to Europe — CAD→EUR (2026)","https://sendmoneycompare.com/send-money/canada-to-europe","false","952913","1","true"
"https://sendmoneycompare.com/send-money/canada-to-france","Cheapest Way to Send Money Canada to France — CAD→EUR (2026)","https://sendmoneycompare.com/send-money/canada-to-france","false","953584","1","true"
"https://sendmoneycompare.com/send-money/canada-to-germany","Cheapest Way to Send Money Canada to Germany — CAD→EUR (2026)","https://sendmoneycompare.com/send-money/canada-to-germany","false","953788","1","true"
"https://sendmoneycompare.com/send-money/canada-to-ghana","Cheapest Way to Send Money Canada to Ghana — CAD→GHS (2026)","https://sendmoneycompare.com/send-money/canada-to-ghana","true","643751","1","true"
"https://sendmoneycompare.com/send-money/canada-to-hong-kong","Cheapest Way to Send Money Canada to Hong Kong — CAD→HKD (2026)","https://sendmoneycompare.com/send-money/canada-to-hong-kong","false","412482","1","true"
"https://sendmoneycompare.com/send-money/canada-to-india","Cheapest Way to Send Money Canada to India — CAD→INR Rates (2026)","https://sendmoneycompare.com/send-money/canada-to-india","false","1138932","1","true"
"https://sendmoneycompare.com/send-money/canada-to-indonesia","Cheapest Way to Send Money Canada to Indonesia — CAD→IDR (2026)","https://sendmoneycompare.com/send-money/canada-to-indonesia","true","603742","1","true"
"https://sendmoneycompare.com/send-money/canada-to-japan","Cheapest Way to Send Money Canada to Japan — CAD→JPY (2026)","https://sendmoneycompare.com/send-money/canada-to-japan","false","420339","1","true"
"https://sendmoneycompare.com/send-money/canada-to-kenya","Cheapest Way to Send Money Canada to Kenya — CAD→KES (2026)","https://sendmoneycompare.com/send-money/canada-to-kenya","false","656520","1","true"
"https://sendmoneycompare.com/send-money/canada-to-malaysia","Cheapest Way to Send Money Canada to Malaysia — CAD→MYR (2026)","https://sendmoneycompare.com/send-money/canada-to-malaysia","true","608033","1","true"
"https://sendmoneycompare.com/send-money/canada-to-mexico","Cheapest Way to Send Money Canada to Mexico — CAD→MXN (2026)","https://sendmoneycompare.com/send-money/canada-to-mexico","true","651754","1","true"
"https://sendmoneycompare.com/send-money/canada-to-morocco","Cheapest Way to Send Money Canada to Morocco — CAD→MAD (2026)","https://sendmoneycompare.com/send-money/canada-to-morocco","true","551786","1","true"
"https://sendmoneycompare.com/send-money/canada-to-nigeria","Cheapest Way to Send Money Canada to Nigeria — CAD→NGN Rates (2026)","https://sendmoneycompare.com/send-money/canada-to-nigeria","true","880062","1","true"
"https://sendmoneycompare.com/send-money/canada-to-pakistan","Cheapest Way to Send Money Canada to Pakistan — CAD→PKR Rates (2026)","https://sendmoneycompare.com/send-money/canada-to-pakistan","true","902835","1","true"
"https://sendmoneycompare.com/send-money/canada-to-panama","Cheapest Way to Send Money Canada to Panama — CAD→USD (2026)","https://sendmoneycompare.com/send-money/canada-to-panama","false","951696","1","true"
"https://sendmoneycompare.com/send-money/canada-to-peru","Cheapest Way to Send Money Canada to Peru — CAD→PEN (2026)","https://sendmoneycompare.com/send-money/canada-to-peru","false","589498","1","true"
"https://sendmoneycompare.com/send-money/canada-to-philippines","Cheapest Way to Send Money Canada to Philippines — CAD→PHP (2026)","https://sendmoneycompare.com/send-money/canada-to-philippines","false","1162642","1","true"
"https://sendmoneycompare.com/send-money/canada-to-poland","Cheapest Way to Send Money Canada to Poland — CAD→PLN (2026)","https://sendmoneycompare.com/send-money/canada-to-poland","true","413538","1","true"
"https://sendmoneycompare.com/send-money/canada-to-rwanda","Cheapest Way to Send Money Canada to Rwanda — CAD→RWF (2026)","https://sendmoneycompare.com/send-money/canada-to-rwanda","true","559388","1","true"
"https://sendmoneycompare.com/send-money/canada-to-senegal","Cheapest Way to Send Money Canada to Senegal — CAD→XOF (2026)","https://sendmoneycompare.com/send-money/canada-to-senegal","true","561667","1","true"
"https://sendmoneycompare.com/send-money/canada-to-singapore","Cheapest Way to Send Money Canada to Singapore — CAD→SGD (2026)","https://sendmoneycompare.com/send-money/canada-to-singapore","false","405048","1","true"
"https://sendmoneycompare.com/send-money/canada-to-south-africa","Cheapest Way to Send Money Canada to South Africa — CAD→ZAR (2026)","https://sendmoneycompare.com/send-money/canada-to-south-africa","false","619477","1","true"
"https://sendmoneycompare.com/send-money/canada-to-south-korea","Cheapest Way to Send Money Canada to South Korea — CAD→KRW (2026)","https://sendmoneycompare.com/send-money/canada-to-south-korea","false","556378","1","true"
"https://sendmoneycompare.com/send-money/canada-to-spain","Cheapest Way to Send Money Canada to Spain — CAD→EUR (2026)","https://sendmoneycompare.com/send-money/canada-to-spain","false","953478","1","true"
"https://sendmoneycompare.com/send-money/canada-to-taiwan","Cheapest Way to Send Money Canada to Taiwan — CAD→TWD (2026)","https://sendmoneycompare.com/send-money/canada-to-taiwan","true","322445","1","true"
"https://sendmoneycompare.com/send-money/canada-to-tanzania","Cheapest Way to Send Money Canada to Tanzania — CAD→TZS (2026)","https://sendmoneycompare.com/send-money/canada-to-tanzania","true","562098","1","true"
"https://sendmoneycompare.com/send-money/canada-to-thailand","Cheapest Way to Send Money Canada to Thailand — CAD→THB (2026)","https://sendmoneycompare.com/send-money/canada-to-thailand","false","629329","1","true"
"https://sendmoneycompare.com/send-money/canada-to-turkey","Cheapest Way to Send Money Canada to Turkey — CAD→TRY (2026)","https://sendmoneycompare.com/send-money/canada-to-turkey","false","596332","1","true"
"https://sendmoneycompare.com/send-money/canada-to-uganda","Cheapest Way to Send Money Canada to Uganda — CAD→UGX (2026)","https://sendmoneycompare.com/send-money/canada-to-uganda","true","575779","1","true"
"https://sendmoneycompare.com/send-money/canada-to-uk","Cheapest Way to Send Money Canada to United Kingdom — CAD→GBP (2026)","https://sendmoneycompare.com/send-money/canada-to-uk","false","958888","1","true"
"https://sendmoneycompare.com/send-money/canada-to-ukraine","Cheapest Way to Send Money Canada to Ukraine — CAD→UAH (2026)","https://sendmoneycompare.com/send-money/canada-to-ukraine","true","534275","1","true"
"https://sendmoneycompare.com/send-money/canada-to-vietnam","Cheapest Way to Send Money Canada to Vietnam — CAD→VND (2026)","https://sendmoneycompare.com/send-money/canada-to-vietnam","true","601694","1","true"
"https://sendmoneycompare.com/send-money/canada-to-zimbabwe","Cheapest Way to Send Money Canada to Zimbabwe — CAD→ZAR (2026)","https://sendmoneycompare.com/send-money/canada-to-zimbabwe","false","596728","1","true"
"https://sendmoneycompare.com/send-money/chf-to-ars","Cheapest CHF to ARS Rates — Compare 15+ Providers (2026)","https://sendmoneycompare.com/send-money/chf-to-ars","true","253852","1","true"
"https://sendmoneycompare.com/send-money/chf-to-brl","Cheapest CHF to BRL Rates — Compare 15+ Providers (2026)","https://sendmoneycompare.com/send-money/chf-to-brl","true","306496","1","true"
"https://sendmoneycompare.com/send-money/chf-to-clp","Cheapest CHF to CLP Rates — Compare 15+ Providers (2026)","https://sendmoneycompare.com/send-money/chf-to-clp","true","254185","1","true"
"https://sendmoneycompare.com/send-money/chf-to-cop","Cheapest CHF to COP Rates — Compare 15+ Providers (2026)","https://sendmoneycompare.com/send-money/chf-to-cop","true","272095","1","true"
"https://sendmoneycompare.com/send-money/chf-to-eur","Cheapest CHF to EUR Rates — Compare 15+ Providers (2026)","https://sendmoneycompare.com/send-money/chf-to-eur","false","780692","1","true"
"https://sendmoneycompare.com/send-money/chf-to-ghs","Cheapest CHF to GHS Rates — Compare 15+ Providers (2026)","https://sendmoneycompare.com/send-money/chf-to-ghs","true","289466","1","true"
"https://sendmoneycompare.com/send-money/chf-to-hkd","Cheapest CHF to HKD Rates — Compare 15+ Providers (2026)","https://sendmoneycompare.com/send-money/chf-to-hkd","false","323415","1","true"
"https://sendmoneycompare.com/send-money/chf-to-idr","Cheapest CHF to IDR Rates — Compare 15+ Providers (2026)","https://sendmoneycompare.com/send-money/chf-to-idr","true","287410","1","true"
"https://sendmoneycompare.com/send-money/chf-to-jpy","Cheapest CHF to JPY Rates — Compare 15+ Providers (2026)","https://sendmoneycompare.com/send-money/chf-to-jpy","false","321182","1","true"
"https://sendmoneycompare.com/send-money/chf-to-kes","Cheapest CHF to KES Rates — Compare 15+ Providers (2026)","https://sendmoneycompare.com/send-money/chf-to-kes","true","270624","1","true"
"https://sendmoneycompare.com/send-money/chf-to-krw","Cheapest CHF to KRW Rates — Compare 15+ Providers (2026)","https://sendmoneycompare.com/send-money/chf-to-krw","true","254881","1","true"
"https://sendmoneycompare.com/send-money/chf-to-mxn","Cheapest CHF to MXN Rates — Compare 15+ Providers (2026)","https://sendmoneycompare.com/send-money/chf-to-mxn","true","306471","1","true"
"https://sendmoneycompare.com/send-money/chf-to-myr","Cheapest CHF to MYR Rates — Compare 15+ Providers (2026)","https://sendmoneycompare.com/send-money/chf-to-myr","true","288981","1","true"
"https://sendmoneycompare.com/send-money/chf-to-ngn","Cheapest CHF to NGN Rates — Compare 15+ Providers (2026)","https://sendmoneycompare.com/send-money/chf-to-ngn","true","271489","1","true"
"https://sendmoneycompare.com/send-money/chf-to-pen","Cheapest CHF to PEN Rates — Compare 15+ Providers (2026)","https://sendmoneycompare.com/send-money/chf-to-pen","true","253741","1","true"
"https://sendmoneycompare.com/send-money/chf-to-pln","Cheapest CHF to PLN Rates — Compare 15+ Providers (2026)","https://sendmoneycompare.com/send-money/chf-to-pln","true","289933","1","true"
"https://sendmoneycompare.com/send-money/chf-to-sgd","Cheapest CHF to SGD Rates — Compare 15+ Providers (2026)","https://sendmoneycompare.com/send-money/chf-to-sgd","false","321041","1","true"
"https://sendmoneycompare.com/send-money/chf-to-thb","Cheapest CHF to THB Rates — Compare 15+ Providers (2026)","https://sendmoneycompare.com/send-money/chf-to-thb","false","328944","1","true"
"https://sendmoneycompare.com/send-money/chf-to-try","Cheapest CHF to TRY Rates — Compare 15+ Providers (2026)","https://sendmoneycompare.com/send-money/chf-to-try","true","286526","1","true"
"https://sendmoneycompare.com/send-money/chf-to-uah","Cheapest CHF to UAH Rates — Compare 15+ Providers (2026)","https://sendmoneycompare.com/send-money/chf-to-uah","true","254245","1","true"
"https://sendmoneycompare.com/send-money/chf-to-vnd","Cheapest CHF to VND Rates — Compare 15+ Providers (2026)","https://sendmoneycompare.com/send-money/chf-to-vnd","true","272227","1","true"
"https://sendmoneycompare.com/send-money/chf-to-zar","Cheapest CHF to ZAR Rates — Compare 15+ Providers (2026)","https://sendmoneycompare.com/send-money/chf-to-zar","false","320601","1","true"
"https://sendmoneycompare.com/send-money/china-to-australia","Cheapest Way to Send Money China to Australia — CNY→AUD (2026)","https://sendmoneycompare.com/send-money/china-to-australia","false","556534","1","true"
"https://sendmoneycompare.com/send-money/china-to-canada","Cheapest Way to Send Money China to Canada — CNY→CAD (2026)","https://sendmoneycompare.com/send-money/china-to-canada","false","555657","1","true"
"https://sendmoneycompare.com/send-money/china-to-uk","Cheapest Way to Send Money China to United Kingdom — CNY→GBP (2026)","https://sendmoneycompare.com/send-money/china-to-uk","false","572955","1","true"
"https://sendmoneycompare.com/send-money/china-to-usa","Cheapest Way to Send Money China to United States — CNY→USD (2026)","https://sendmoneycompare.com/send-money/china-to-usa","false","555065","1","true"
"https://sendmoneycompare.com/send-money/cny-to-aed","Cheapest CNY to AED Rates — Compare 15+ Providers (2026)","https://sendmoneycompare.com/send-money/cny-to-aed","true","437922","1","true"
"https://sendmoneycompare.com/send-money/cny-to-bdt","Cheapest CNY to BDT Rates — Compare 15+ Providers (2026)","https://sendmoneycompare.com/send-money/cny-to-bdt","true","426201","1","true"
"https://sendmoneycompare.com/send-money/cny-to-brl","Cheapest CNY to BRL Rates — Compare 15+ Providers (2026)","https://sendmoneycompare.com/send-money/cny-to-brl","true","440401","1","true"
"https://sendmoneycompare.com/send-money/cny-to-chf","Cheapest CNY to CHF Rates — Compare 15+ Providers (2026)","https://sendmoneycompare.com/send-money/cny-to-chf","true","437736","1","true"
"https://sendmoneycompare.com/send-money/cny-to-cop","Cheapest CNY to COP Rates — Compare 15+ Providers (2026)","https://sendmoneycompare.com/send-money/cny-to-cop","true","426777","1","true"
"https://sendmoneycompare.com/send-money/cny-to-czk","Cheapest CNY to CZK Rates — Compare 15+ Providers (2026)","https://sendmoneycompare.com/send-money/cny-to-czk","true","438664","1","true"
"https://sendmoneycompare.com/send-money/cny-to-dkk","Cheapest CNY to DKK Rates — Compare 15+ Providers (2026)","https://sendmoneycompare.com/send-money/cny-to-dkk","true","438432","1","true"
"https://sendmoneycompare.com/send-money/cny-to-eur","Cheapest CNY to EUR Rates — Compare 15+ Providers (2026)","https://sendmoneycompare.com/send-money/cny-to-eur","true","477535","1","true"
"https://sendmoneycompare.com/send-money/cny-to-ghs","Cheapest CNY to GHS Rates — Compare 15+ Providers (2026)","https://sendmoneycompare.com/send-money/cny-to-ghs","true","440140","1","true"
"https://sendmoneycompare.com/send-money/cny-to-hkd","Cheapest CNY to HKD Rates — Compare 15+ Providers (2026)","https://sendmoneycompare.com/send-money/cny-to-hkd","true","479022","1","true"
"https://sendmoneycompare.com/send-money/cny-to-huf","Cheapest CNY to HUF Rates — Compare 15+ Providers (2026)","https://sendmoneycompare.com/send-money/cny-to-huf","true","439018","1","true"
"https://sendmoneycompare.com/send-money/cny-to-idr","Cheapest CNY to IDR Rates — Compare 15+ Providers (2026)","https://sendmoneycompare.com/send-money/cny-to-idr","true","481635","1","true"
"https://sendmoneycompare.com/send-money/cny-to-ils","Cheapest CNY to ILS Rates — Compare 15+ Providers (2026)","https://sendmoneycompare.com/send-money/cny-to-ils","true","438414","1","true"
"https://sendmoneycompare.com/send-money/cny-to-inr","Cheapest CNY to INR Rates — Compare 15+ Providers (2026)","https://sendmoneycompare.com/send-money/cny-to-inr","true","441019","1","true"
"https://sendmoneycompare.com/send-money/cny-to-jpy","Cheapest CNY to JPY Rates — Compare 15+ Providers (2026)","https://sendmoneycompare.com/send-money/cny-to-jpy","true","478766","1","true"
"https://sendmoneycompare.com/send-money/cny-to-kes","Cheapest CNY to KES Rates — Compare 15+ Providers (2026)","https://sendmoneycompare.com/send-money/cny-to-kes","true","440969","1","true"
"https://sendmoneycompare.com/send-money/cny-to-krw","Cheapest CNY to KRW Rates — Compare 15+ Providers (2026)","https://sendmoneycompare.com/send-money/cny-to-krw","true","465564","1","true"
"https://sendmoneycompare.com/send-money/cny-to-kwd","Cheapest CNY to KWD Rates — Compare 15+ Providers (2026)","https://sendmoneycompare.com/send-money/cny-to-kwd","true","439132","1","true"
"https://sendmoneycompare.com/send-money/cny-to-lkr","Cheapest CNY to LKR Rates — Compare 15+ Providers (2026)","https://sendmoneycompare.com/send-money/cny-to-lkr","true","425706","1","true"
"https://sendmoneycompare.com/send-money/cny-to-mxn","Cheapest CNY to MXN Rates — Compare 15+ Providers (2026)","https://sendmoneycompare.com/send-money/cny-to-mxn","true","440678","1","true"
"https://sendmoneycompare.com/send-money/cny-to-myr","Cheapest CNY to MYR Rates — Compare 15+ Providers (2026)","https://sendmoneycompare.com/send-money/cny-to-myr","true","478302","1","true"
"https://sendmoneycompare.com/send-money/cny-to-ngn","Cheapest CNY to NGN Rates — Compare 15+ Providers (2026)","https://sendmoneycompare.com/send-money/cny-to-ngn","true","426023","1","true"
"https://sendmoneycompare.com/send-money/cny-to-nok","Cheapest CNY to NOK Rates — Compare 15+ Providers (2026)","https://sendmoneycompare.com/send-money/cny-to-nok","true","438710","1","true"
"https://sendmoneycompare.com/send-money/cny-to-npr","Cheapest CNY to NPR Rates — Compare 15+ Providers (2026)","https://sendmoneycompare.com/send-money/cny-to-npr","true","462536","1","true"
"https://sendmoneycompare.com/send-money/cny-to-nzd","Cheapest CNY to NZD Rates — Compare 15+ Providers (2026)","https://sendmoneycompare.com/send-money/cny-to-nzd","true","439764","1","true"
"https://sendmoneycompare.com/send-money/cny-to-php","Cheapest CNY to PHP Rates — Compare 15+ Providers (2026)","https://sendmoneycompare.com/send-money/cny-to-php","true","477136","1","true"
"https://sendmoneycompare.com/send-money/cny-to-pkr","Cheapest CNY to PKR Rates — Compare 15+ Providers (2026)","https://sendmoneycompare.com/send-money/cny-to-pkr","true","441526","1","true"
"https://sendmoneycompare.com/send-money/cny-to-pln","Cheapest CNY to PLN Rates — Compare 15+ Providers (2026)","https://sendmoneycompare.com/send-money/cny-to-pln","true","441011","1","true"
"https://sendmoneycompare.com/send-money/cny-to-qar","Cheapest CNY to QAR Rates — Compare 15+ Providers (2026)","https://sendmoneycompare.com/send-money/cny-to-qar","true","438396","1","true"
"https://sendmoneycompare.com/send-money/cny-to-ron","Cheapest CNY to RON Rates — Compare 15+ Providers (2026)","https://sendmoneycompare.com/send-money/cny-to-ron","true","439607","1","true"
"https://sendmoneycompare.com/send-money/cny-to-sar","Cheapest CNY to SAR Rates — Compare 15+ Providers (2026)","https://sendmoneycompare.com/send-money/cny-to-sar","true","439033","1","true"
"https://sendmoneycompare.com/send-money/cny-to-sek","Cheapest CNY to SEK Rates — Compare 15+ Providers (2026)","https://sendmoneycompare.com/send-money/cny-to-sek","true","438777","1","true"
"https://sendmoneycompare.com/send-money/cny-to-sgd","Cheapest CNY to SGD Rates — Compare 15+ Providers (2026)","https://sendmoneycompare.com/send-money/cny-to-sgd","true","478112","1","true"
"https://sendmoneycompare.com/send-money/cny-to-thb","Cheapest CNY to THB Rates — Compare 15+ Providers (2026)","https://sendmoneycompare.com/send-money/cny-to-thb","true","479006","1","true"
"https://sendmoneycompare.com/send-money/cny-to-try","Cheapest CNY to TRY Rates — Compare 15+ Providers (2026)","https://sendmoneycompare.com/send-money/cny-to-try","true","441527","1","true"
"https://sendmoneycompare.com/send-money/cny-to-vnd","Cheapest CNY to VND Rates — Compare 15+ Providers (2026)","https://sendmoneycompare.com/send-money/cny-to-vnd","true","465348","1","true"
"https://sendmoneycompare.com/send-money/cny-to-zar","Cheapest CNY to ZAR Rates — Compare 15+ Providers (2026)","https://sendmoneycompare.com/send-money/cny-to-zar","true","440922","1","true"
"https://sendmoneycompare.com/send-money/czech-republic-to-germany","Cheapest Way to Send Money Czech Republic to Germany — CZK→EUR (2026)","https://sendmoneycompare.com/send-money/czech-republic-to-germany","true","473644","1","true"
"https://sendmoneycompare.com/send-money/denmark-to-brazil","Cheapest Way to Send Money Denmark to Brazil — DKK→BRL (2026)","https://sendmoneycompare.com/send-money/denmark-to-brazil","false","492174","1","true"
"https://sendmoneycompare.com/send-money/denmark-to-colombia","Cheapest Way to Send Money Denmark to Colombia — DKK→COP (2026)","https://sendmoneycompare.com/send-money/denmark-to-colombia","false","520272","1","true"
"https://sendmoneycompare.com/send-money/denmark-to-france","Cheapest Way to Send Money Denmark to France — DKK→EUR (2026)","https://sendmoneycompare.com/send-money/denmark-to-france","false","531697","1","true"
"https://sendmoneycompare.com/send-money/denmark-to-malaysia","Cheapest Way to Send Money Denmark to Malaysia — DKK→MYR (2026)","https://sendmoneycompare.com/send-money/denmark-to-malaysia","false","525171","1","true"
"https://sendmoneycompare.com/send-money/denmark-to-philippines","Cheapest Way to Send Money Denmark to Philippines — DKK→PHP (2026)","https://sendmoneycompare.com/send-money/denmark-to-philippines","true","529405","1","true"
"https://sendmoneycompare.com/send-money/eur-to-ars","Cheapest EUR to ARS Rates — Compare 15+ Providers (2026)","https://sendmoneycompare.com/send-money/eur-to-ars","false","516039","1","true"
"https://sendmoneycompare.com/send-money/eur-to-brl","Cheapest EUR to BRL Rates — Compare 15+ Providers (2026)","https://sendmoneycompare.com/send-money/eur-to-brl","false","1018527","1","true"
"https://sendmoneycompare.com/send-money/eur-to-cad","Cheapest EUR to CAD Rates — Compare 15+ Providers (2026)","https://sendmoneycompare.com/send-money/eur-to-cad","false","297429","1","true"
"https://sendmoneycompare.com/send-money/eur-to-clp","Cheapest EUR to CLP Rates — Compare 15+ Providers (2026)","https://sendmoneycompare.com/send-money/eur-to-clp","false","381698","1","true"
"https://sendmoneycompare.com/send-money/eur-to-cny","Cheapest EUR to CNY Rates — Compare 15+ Providers (2026)","https://sendmoneycompare.com/send-money/eur-to-cny","true","493091","1","true"
"https://sendmoneycompare.com/send-money/eur-to-cop","Cheapest EUR to COP Rates — Compare 15+ Providers (2026)","https://sendmoneycompare.com/send-money/eur-to-cop","false","912073","1","true"
"https://sendmoneycompare.com/send-money/eur-to-dop","Cheapest EUR to DOP Rates — Compare 15+ Providers (2026)","https://sendmoneycompare.com/send-money/eur-to-dop","false","502233","1","true"
"https://sendmoneycompare.com/send-money/eur-to-egp","Cheapest EUR to EGP Rates — Compare 15+ Providers (2026)","https://sendmoneycompare.com/send-money/eur-to-egp","false","567300","1","true"
"https://sendmoneycompare.com/send-money/eur-to-etb","Cheapest EUR to ETB Rates — Compare 15+ Providers (2026)","https://sendmoneycompare.com/send-money/eur-to-etb","true","482313","1","true"
"https://sendmoneycompare.com/send-money/eur-to-gbp","Cheapest EUR to GBP Rates — Compare 15+ Providers (2026)","https://sendmoneycompare.com/send-money/eur-to-gbp","false","934918","1","true"
"https://sendmoneycompare.com/send-money/eur-to-ghs","Cheapest EUR to GHS Rates — Compare 15+ Providers (2026)","https://sendmoneycompare.com/send-money/eur-to-ghs","false","961467","1","true"
"https://sendmoneycompare.com/send-money/eur-to-hkd","Cheapest EUR to HKD Rates — Compare 15+ Providers (2026)","https://sendmoneycompare.com/send-money/eur-to-hkd","false","387079","1","true"
"https://sendmoneycompare.com/send-money/eur-to-hnl","Cheapest EUR to HNL Rates — Compare 15+ Providers (2026)","https://sendmoneycompare.com/send-money/eur-to-hnl","true","471605","1","true"
"https://sendmoneycompare.com/send-money/eur-to-idr","Cheapest EUR to IDR Rates — Compare 15+ Providers (2026)","https://sendmoneycompare.com/send-money/eur-to-idr","false","568568","1","true"
"https://sendmoneycompare.com/send-money/eur-to-jpy","Cheapest EUR to JPY Rates — Compare 15+ Providers (2026)","https://sendmoneycompare.com/send-money/eur-to-jpy","false","394047","1","true"
"https://sendmoneycompare.com/send-money/eur-to-kes","Cheapest EUR to KES Rates — Compare 15+ Providers (2026)","https://sendmoneycompare.com/send-money/eur-to-kes","false","1017051","1","true"
"https://sendmoneycompare.com/send-money/eur-to-krw","Cheapest EUR to KRW Rates — Compare 15+ Providers (2026)","https://sendmoneycompare.com/send-money/eur-to-krw","false","534409","1","true"
"https://sendmoneycompare.com/send-money/eur-to-lkr","Cheapest EUR to LKR Rates — Compare 15+ Providers (2026)","https://sendmoneycompare.com/send-money/eur-to-lkr","true","545767","1","true"
"https://sendmoneycompare.com/send-money/eur-to-mad","Cheapest EUR to MAD Rates — Compare 15+ Providers (2026)","https://sendmoneycompare.com/send-money/eur-to-mad","false","1061602","1","true"
"https://sendmoneycompare.com/send-money/eur-to-mxn","Cheapest EUR to MXN Rates — Compare 15+ Providers (2026)","https://sendmoneycompare.com/send-money/eur-to-mxn","false","1063707","1","true"
"https://sendmoneycompare.com/send-money/eur-to-nok","Cheapest EUR to NOK Rates — Compare 15+ Providers (2026)","https://sendmoneycompare.com/send-money/eur-to-nok","false","219154","1","true"
"https://sendmoneycompare.com/send-money/eur-to-pen","Cheapest EUR to PEN Rates — Compare 15+ Providers (2026)","https://sendmoneycompare.com/send-money/eur-to-pen","false","518933","1","true"
"https://sendmoneycompare.com/send-money/eur-to-rwf","Cheapest EUR to RWF Rates — Compare 15+ Providers (2026)","https://sendmoneycompare.com/send-money/eur-to-rwf","true","488748","1","true"
"https://sendmoneycompare.com/send-money/eur-to-sgd","Cheapest EUR to SGD Rates — Compare 15+ Providers (2026)","https://sendmoneycompare.com/send-money/eur-to-sgd","false","378404","1","true"
"https://sendmoneycompare.com/send-money/eur-to-thb","Cheapest EUR to THB Rates — Compare 15+ Providers (2026)","https://sendmoneycompare.com/send-money/eur-to-thb","false","637077","1","true"
"https://sendmoneycompare.com/send-money/eur-to-try","Cheapest EUR to TRY Rates — Compare 15+ Providers (2026)","https://sendmoneycompare.com/send-money/eur-to-try","false","1057954","1","true"
"https://sendmoneycompare.com/send-money/eur-to-twd","Cheapest EUR to TWD Rates — Compare 15+ Providers (2026)","https://sendmoneycompare.com/send-money/eur-to-twd","true","252938","1","true"
"https://sendmoneycompare.com/send-money/eur-to-tzs","Cheapest EUR to TZS Rates — Compare 15+ Providers (2026)","https://sendmoneycompare.com/send-money/eur-to-tzs","true","480361","1","true"
"https://sendmoneycompare.com/send-money/eur-to-ugx","Cheapest EUR to UGX Rates — Compare 15+ Providers (2026)","https://sendmoneycompare.com/send-money/eur-to-ugx","true","500983","1","true"
"https://sendmoneycompare.com/send-money/eur-to-usd","Cheapest EUR to USD Rates — Compare 15+ Providers (2026)","https://sendmoneycompare.com/send-money/eur-to-usd","false","903194","1","true"
"https://sendmoneycompare.com/send-money/eur-to-vnd","Cheapest EUR to VND Rates — Compare 15+ Providers (2026)","https://sendmoneycompare.com/send-money/eur-to-vnd","false","543342","1","true"
"https://sendmoneycompare.com/send-money/eur-to-xaf","Cheapest EUR to XAF Rates — Compare 15+ Providers (2026)","https://sendmoneycompare.com/send-money/eur-to-xaf","true","494325","1","true"
"https://sendmoneycompare.com/send-money/eur-to-xof","Cheapest EUR to XOF Rates — Compare 15+ Providers (2026)","https://sendmoneycompare.com/send-money/eur-to-xof","true","492714","1","true"
"https://sendmoneycompare.com/send-money/eur-to-zar","Cheapest EUR to ZAR Rates — Compare 15+ Providers (2026)","https://sendmoneycompare.com/send-money/eur-to-zar","false","582811","1","true"
"https://sendmoneycompare.com/send-money/finland-to-cameroon","Cheapest Way to Send Money Finland to Cameroon — EUR→XAF (2026)","https://sendmoneycompare.com/send-money/finland-to-cameroon","true","571723","1","true"
"https://sendmoneycompare.com/send-money/finland-to-china","Cheapest Way to Send Money Finland to China — EUR→CNY (2026)","https://sendmoneycompare.com/send-money/finland-to-china","true","565295","1","true"
"https://sendmoneycompare.com/send-money/finland-to-ethiopia","Cheapest Way to Send Money Finland to Ethiopia — EUR→ETB (2026)","https://sendmoneycompare.com/send-money/finland-to-ethiopia","true","555383","1","true"
"https://sendmoneycompare.com/send-money/finland-to-philippines","Cheapest Way to Send Money Finland to Philippines — EUR→PHP (2026)","https://sendmoneycompare.com/send-money/finland-to-philippines","true","1222609","1","true"
"https://sendmoneycompare.com/send-money/finland-to-rwanda","Cheapest Way to Send Money Finland to Rwanda — EUR→RWF (2026)","https://sendmoneycompare.com/send-money/finland-to-rwanda","true","563369","1","true"
"https://sendmoneycompare.com/send-money/finland-to-senegal","Cheapest Way to Send Money Finland to Senegal — EUR→XOF (2026)","https://sendmoneycompare.com/send-money/finland-to-senegal","true","570135","1","true"
"https://sendmoneycompare.com/send-money/finland-to-sri-lanka","Cheapest Way to Send Money Finland to Sri Lanka — EUR→LKR (2026)","https://sendmoneycompare.com/send-money/finland-to-sri-lanka","true","610770","1","true"
"https://sendmoneycompare.com/send-money/finland-to-taiwan","Cheapest Way to Send Money Finland to Taiwan — EUR→TWD (2026)","https://sendmoneycompare.com/send-money/finland-to-taiwan","true","322579","1","true"
"https://sendmoneycompare.com/send-money/finland-to-tanzania","Cheapest Way to Send Money Finland to Tanzania — EUR→TZS (2026)","https://sendmoneycompare.com/send-money/finland-to-tanzania","true","558309","1","true"
"https://sendmoneycompare.com/send-money/finland-to-uganda","Cheapest Way to Send Money Finland to Uganda — EUR→UGX (2026)","https://sendmoneycompare.com/send-money/finland-to-uganda","true","576294","1","true"
"https://sendmoneycompare.com/send-money/france-to-cameroon","Cheapest Way to Send Money France to Cameroon — EUR→XAF (2026)","https://sendmoneycompare.com/send-money/france-to-cameroon","true","571596","1","true"
"https://sendmoneycompare.com/send-money/france-to-china","Cheapest Way to Send Money France to China — EUR→CNY (2026)","https://sendmoneycompare.com/send-money/france-to-china","true","565152","1","true"
"https://sendmoneycompare.com/send-money/france-to-ethiopia","Cheapest Way to Send Money France to Ethiopia — EUR→ETB (2026)","https://sendmoneycompare.com/send-money/france-to-ethiopia","true","555258","1","true"
"https://sendmoneycompare.com/send-money/france-to-ghana","Cheapest Way to Send Money France to Ghana — EUR→GHS (2026)","https://sendmoneycompare.com/send-money/france-to-ghana","false","1033554","1","true"
"https://sendmoneycompare.com/send-money/france-to-pakistan","Cheapest Way to Send Money France to Pakistan — EUR→PKR (2026)","https://sendmoneycompare.com/send-money/france-to-pakistan","false","1109476","1","true"
"https://sendmoneycompare.com/send-money/france-to-rwanda","Cheapest Way to Send Money France to Rwanda — EUR→RWF (2026)","https://sendmoneycompare.com/send-money/france-to-rwanda","true","563221","1","true"
"https://sendmoneycompare.com/send-money/france-to-senegal","Cheapest Way to Send Money France to Senegal — EUR→XOF (2026)","https://sendmoneycompare.com/send-money/france-to-senegal","true","569972","1","true"
"https://sendmoneycompare.com/send-money/france-to-sri-lanka","Cheapest Way to Send Money France to Sri Lanka — EUR→LKR (2026)","https://sendmoneycompare.com/send-money/france-to-sri-lanka","true","610760","1","true"
"https://sendmoneycompare.com/send-money/france-to-taiwan","Cheapest Way to Send Money France to Taiwan — EUR→TWD (2026)","https://sendmoneycompare.com/send-money/france-to-taiwan","true","322403","1","true"
"https://sendmoneycompare.com/send-money/france-to-tanzania","Cheapest Way to Send Money France to Tanzania — EUR→TZS (2026)","https://sendmoneycompare.com/send-money/france-to-tanzania","true","558146","1","true"
"https://sendmoneycompare.com/send-money/france-to-turkey","Cheapest Way to Send Money France to Turkey — EUR→TRY (2026)","https://sendmoneycompare.com/send-money/france-to-turkey","false","1124015","1","true"
"https://sendmoneycompare.com/send-money/france-to-uganda","Cheapest Way to Send Money France to Uganda — EUR→UGX (2026)","https://sendmoneycompare.com/send-money/france-to-uganda","true","576142","1","true"
"https://sendmoneycompare.com/send-money/france-to-uk","Cheapest Way to Send Money France to United Kingdom — EUR→GBP (2026)","https://sendmoneycompare.com/send-money/france-to-uk","false","1009297","1","true"
"https://sendmoneycompare.com/send-money/gbp-to-aed","Cheapest GBP to AED Rates — Compare 15+ Providers (2026)","https://sendmoneycompare.com/send-money/gbp-to-aed","false","846805","1","true"
"https://sendmoneycompare.com/send-money/gbp-to-ars","Cheapest GBP to ARS Rates — Compare 15+ Providers (2026)","https://sendmoneycompare.com/send-money/gbp-to-ars","false","493776","1","true"
"https://sendmoneycompare.com/send-money/gbp-to-aud","Cheapest GBP to AUD Rates — Compare 15+ Providers (2026)","https://sendmoneycompare.com/send-money/gbp-to-aud","false","1028007","1","true"
"https://sendmoneycompare.com/send-money/gbp-to-brl","Cheapest GBP to BRL Rates — Compare 15+ Providers (2026)","https://sendmoneycompare.com/send-money/gbp-to-brl","false","740367","1","true"
"https://sendmoneycompare.com/send-money/gbp-to-cad","Cheapest GBP to CAD Rates — Compare 15+ Providers (2026)","https://sendmoneycompare.com/send-money/gbp-to-cad","false","1023684","1","true"
"https://sendmoneycompare.com/send-money/gbp-to-clp","Cheapest GBP to CLP Rates — Compare 15+ Providers (2026)","https://sendmoneycompare.com/send-money/gbp-to-clp","false","367029","1","true"
"https://sendmoneycompare.com/send-money/gbp-to-cny","Cheapest GBP to CNY Rates — Compare 15+ Providers (2026)","https://sendmoneycompare.com/send-money/gbp-to-cny","false","663226","1","true"
"https://sendmoneycompare.com/send-money/gbp-to-cop","Cheapest GBP to COP Rates — Compare 15+ Providers (2026)","https://sendmoneycompare.com/send-money/gbp-to-cop","false","625665","1","true"
"https://sendmoneycompare.com/send-money/gbp-to-egp","Cheapest GBP to EGP Rates — Compare 15+ Providers (2026)","https://sendmoneycompare.com/send-money/gbp-to-egp","true","615130","1","true"
"https://sendmoneycompare.com/send-money/gbp-to-etb","Cheapest GBP to ETB Rates — Compare 15+ Providers (2026)","https://sendmoneycompare.com/send-money/gbp-to-etb","true","599592","1","true"
"https://sendmoneycompare.com/send-money/gbp-to-gtq","Cheapest GBP to GTQ Rates — Compare 15+ Providers (2026)","https://sendmoneycompare.com/send-money/gbp-to-gtq","false","413851","1","true"
"https://sendmoneycompare.com/send-money/gbp-to-hkd","Cheapest GBP to HKD Rates — Compare 15+ Providers (2026)","https://sendmoneycompare.com/send-money/gbp-to-hkd","false","375920","1","true"
"https://sendmoneycompare.com/send-money/gbp-to-idr","Cheapest GBP to IDR Rates — Compare 15+ Providers (2026)","https://sendmoneycompare.com/send-money/gbp-to-idr","false","650447","1","true"
"https://sendmoneycompare.com/send-money/gbp-to-jpy","Cheapest GBP to JPY Rates — Compare 15+ Providers (2026)","https://sendmoneycompare.com/send-money/gbp-to-jpy","false","375528","1","true"
"https://sendmoneycompare.com/send-money/gbp-to-kes","Cheapest GBP to KES Rates — Compare 15+ Providers (2026)","https://sendmoneycompare.com/send-money/gbp-to-kes","false","928888","1","true"
"https://sendmoneycompare.com/send-money/gbp-to-krw","Cheapest GBP to KRW Rates — Compare 15+ Providers (2026)","https://sendmoneycompare.com/send-money/gbp-to-krw","false","520585","1","true"
"https://sendmoneycompare.com/send-money/gbp-to-mad","Cheapest GBP to MAD Rates — Compare 15+ Providers (2026)","https://sendmoneycompare.com/send-money/gbp-to-mad","false","711739","1","true"
"https://sendmoneycompare.com/send-money/gbp-to-mxn","Cheapest GBP to MXN Rates — Compare 15+ Providers (2026)","https://sendmoneycompare.com/send-money/gbp-to-mxn","false","731976","1","true"
"https://sendmoneycompare.com/send-money/gbp-to-myr","Cheapest GBP to MYR Rates — Compare 15+ Providers (2026)","https://sendmoneycompare.com/send-money/gbp-to-myr","false","541441","1","true"
"https://sendmoneycompare.com/send-money/gbp-to-nzd","Cheapest GBP to NZD Rates — Compare 15+ Providers (2026)","https://sendmoneycompare.com/send-money/gbp-to-nzd","false","939122","1","true"
"https://sendmoneycompare.com/send-money/gbp-to-pen","Cheapest GBP to PEN Rates — Compare 15+ Providers (2026)","https://sendmoneycompare.com/send-money/gbp-to-pen","false","516875","1","true"
"https://sendmoneycompare.com/send-money/gbp-to-pln","Cheapest GBP to PLN Rates — Compare 15+ Providers (2026)","https://sendmoneycompare.com/send-money/gbp-to-pln","false","1025663","1","true"
"https://sendmoneycompare.com/send-money/gbp-to-rwf","Cheapest GBP to RWF Rates — Compare 15+ Providers (2026)","https://sendmoneycompare.com/send-money/gbp-to-rwf","true","491302","1","true"
"https://sendmoneycompare.com/send-money/gbp-to-sgd","Cheapest GBP to SGD Rates — Compare 15+ Providers (2026)","https://sendmoneycompare.com/send-money/gbp-to-sgd","false","375213","1","true"
"https://sendmoneycompare.com/send-money/gbp-to-thb","Cheapest GBP to THB Rates — Compare 15+ Providers (2026)","https://sendmoneycompare.com/send-money/gbp-to-thb","false","718825","1","true"
"https://sendmoneycompare.com/send-money/gbp-to-try","Cheapest GBP to TRY Rates — Compare 15+ Providers (2026)","https://sendmoneycompare.com/send-money/gbp-to-try","false","938308","1","true"
"https://sendmoneycompare.com/send-money/gbp-to-twd","Cheapest GBP to TWD Rates — Compare 15+ Providers (2026)","https://sendmoneycompare.com/send-money/gbp-to-twd","true","253997","1","true"
"https://sendmoneycompare.com/send-money/gbp-to-tzs","Cheapest GBP to TZS Rates — Compare 15+ Providers (2026)","https://sendmoneycompare.com/send-money/gbp-to-tzs","true","590106","1","true"
"https://sendmoneycompare.com/send-money/gbp-to-ugx","Cheapest GBP to UGX Rates — Compare 15+ Providers (2026)","https://sendmoneycompare.com/send-money/gbp-to-ugx","false","680907","1","true"
"https://sendmoneycompare.com/send-money/gbp-to-usd","Cheapest GBP to USD Rates — Compare 15+ Providers (2026)","https://sendmoneycompare.com/send-money/gbp-to-usd","false","1061172","1","true"
"https://sendmoneycompare.com/send-money/gbp-to-vnd","Cheapest GBP to VND Rates — Compare 15+ Providers (2026)","https://sendmoneycompare.com/send-money/gbp-to-vnd","false","643909","1","true"
"https://sendmoneycompare.com/send-money/gbp-to-xaf","Cheapest GBP to XAF Rates — Compare 15+ Providers (2026)","https://sendmoneycompare.com/send-money/gbp-to-xaf","true","494786","1","true"
"https://sendmoneycompare.com/send-money/gbp-to-xof","Cheapest GBP to XOF Rates — Compare 15+ Providers (2026)","https://sendmoneycompare.com/send-money/gbp-to-xof","true","488457","1","true"
"https://sendmoneycompare.com/send-money/germany-to-argentina","Cheapest Way to Send Money Germany to Argentina — EUR→ARS (2026)","https://sendmoneycompare.com/send-money/germany-to-argentina","false","571738","1","true"
"https://sendmoneycompare.com/send-money/germany-to-cameroon","Cheapest Way to Send Money Germany to Cameroon — EUR→XAF (2026)","https://sendmoneycompare.com/send-money/germany-to-cameroon","true","571669","1","true"
"https://sendmoneycompare.com/send-money/germany-to-chile","Cheapest Way to Send Money Germany to Chile — EUR→CLP (2026)","https://sendmoneycompare.com/send-money/germany-to-chile","false","436877","1","true"
"https://sendmoneycompare.com/send-money/germany-to-china","Cheapest Way to Send Money Germany to China — EUR→CNY (2026)","https://sendmoneycompare.com/send-money/germany-to-china","false","565168","1","true"
"https://sendmoneycompare.com/send-money/germany-to-colombia","Cheapest Way to Send Money Germany to Colombia — EUR→COP (2026)","https://sendmoneycompare.com/send-money/germany-to-colombia","false","986735","1","true"
"https://sendmoneycompare.com/send-money/germany-to-dominican-republic","Cheapest Way to Send Money Germany to Dominican Republic (2026)","https://sendmoneycompare.com/send-money/germany-to-dominican-republic","false","577782","1","true"
"https://sendmoneycompare.com/send-money/germany-to-ecuador","Cheapest Way to Send Money Germany to Ecuador — EUR→USD (2026)","https://sendmoneycompare.com/send-money/germany-to-ecuador","false","958579","1","true"
"https://sendmoneycompare.com/send-money/germany-to-egypt","Cheapest Way to Send Money Germany to Egypt — EUR→EGP (2026)","https://sendmoneycompare.com/send-money/germany-to-egypt","false","634231","1","true"
"https://sendmoneycompare.com/send-money/germany-to-el-salvador","Cheapest Way to Send Money Germany to El Salvador — EUR→USD (2026)","https://sendmoneycompare.com/send-money/germany-to-el-salvador","false","959299","1","true"
"https://sendmoneycompare.com/send-money/germany-to-ethiopia","Cheapest Way to Send Money Germany to Ethiopia — EUR→ETB (2026)","https://sendmoneycompare.com/send-money/germany-to-ethiopia","true","555266","1","true"
"https://sendmoneycompare.com/send-money/germany-to-ghana","Cheapest Way to Send Money Germany to Ghana — EUR→GHS (2026)","https://sendmoneycompare.com/send-money/germany-to-ghana","true","1033875","1","true"
"https://sendmoneycompare.com/send-money/germany-to-honduras","Cheapest Way to Send Money Germany to Honduras — EUR→HNL (2026)","https://sendmoneycompare.com/send-money/germany-to-honduras","true","527013","1","true"
"https://sendmoneycompare.com/send-money/germany-to-hong-kong","Cheapest Way to Send Money Germany to Hong Kong — EUR→HKD (2026)","https://sendmoneycompare.com/send-money/germany-to-hong-kong","false","441157","1","true"
"https://sendmoneycompare.com/send-money/germany-to-india","Cheapest Way to Send Money Germany to India — EUR→INR (2026)","https://sendmoneycompare.com/send-money/germany-to-india","false","1222572","1","true"
"https://sendmoneycompare.com/send-money/germany-to-indonesia","Cheapest Way to Send Money Germany to Indonesia — EUR→IDR (2026)","https://sendmoneycompare.com/send-money/germany-to-indonesia","false","639267","1","true"
"https://sendmoneycompare.com/send-money/germany-to-japan","Cheapest Way to Send Money Germany to Japan — EUR→JPY (2026)","https://sendmoneycompare.com/send-money/germany-to-japan","false","464432","1","true"
"https://sendmoneycompare.com/send-money/germany-to-kenya","Cheapest Way to Send Money Germany to Kenya — EUR→KES (2026)","https://sendmoneycompare.com/send-money/germany-to-kenya","false","1090623","1","true"
"https://sendmoneycompare.com/send-money/germany-to-malaysia","Cheapest Way to Send Money Germany to Malaysia — EUR→MYR (2026)","https://sendmoneycompare.com/send-money/germany-to-malaysia","false","623862","1","true"
"https://sendmoneycompare.com/send-money/germany-to-mexico","Cheapest Way to Send Money Germany to Mexico — EUR→MXN (2026)","https://sendmoneycompare.com/send-money/germany-to-mexico","false","1144035","1","true"
"https://sendmoneycompare.com/send-money/germany-to-morocco","Cheapest Way to Send Money Germany to Morocco — EUR→MAD (2026)","https://sendmoneycompare.com/send-money/germany-to-morocco","false","1128266","1","true"
"https://sendmoneycompare.com/send-money/germany-to-nigeria","Cheapest Way to Send Money Germany to Nigeria — EUR→NGN (2026)","https://sendmoneycompare.com/send-money/germany-to-nigeria","false","1017776","1","true"
"https://sendmoneycompare.com/send-money/germany-to-pakistan","Cheapest Way to Send Money Germany to Pakistan — EUR→PKR (2026)","https://sendmoneycompare.com/send-money/germany-to-pakistan","false","1109506","1","true"
"https://sendmoneycompare.com/send-money/germany-to-panama","Cheapest Way to Send Money Germany to Panama — EUR→USD (2026)","https://sendmoneycompare.com/send-money/germany-to-panama","false","958501","1","true"
"https://sendmoneycompare.com/send-money/germany-to-peru","Cheapest Way to Send Money Germany to Peru — EUR→PEN (2026)","https://sendmoneycompare.com/send-money/germany-to-peru","false","592452","1","true"
"https://sendmoneycompare.com/send-money/germany-to-philippines","Cheapest Way to Send Money Germany to Philippines — EUR→PHP (2026)","https://sendmoneycompare.com/send-money/germany-to-philippines","false","1211930","1","true"
"https://sendmoneycompare.com/send-money/germany-to-poland","Cheapest Way to Send Money Germany to Poland — EUR→PLN (2026)","https://sendmoneycompare.com/send-money/germany-to-poland","false","920844","1","true"
"https://sendmoneycompare.com/send-money/germany-to-rwanda","Cheapest Way to Send Money Germany to Rwanda — EUR→RWF (2026)","https://sendmoneycompare.com/send-money/germany-to-rwanda","true","563231","1","true"
"https://sendmoneycompare.com/send-money/germany-to-senegal","Cheapest Way to Send Money Germany to Senegal — EUR→XOF (2026)","https://sendmoneycompare.com/send-money/germany-to-senegal","true","570012","1","true"
"https://sendmoneycompare.com/send-money/germany-to-singapore","Cheapest Way to Send Money Germany to Singapore — EUR→SGD (2026)","https://sendmoneycompare.com/send-money/germany-to-singapore","false","432567","1","true"
"https://sendmoneycompare.com/send-money/germany-to-south-africa","Cheapest Way to Send Money Germany to South Africa — EUR→ZAR (2026)","https://sendmoneycompare.com/send-money/germany-to-south-africa","false","660017","1","true"
"https://sendmoneycompare.com/send-money/germany-to-south-korea","Cheapest Way to Send Money Germany to South Korea — EUR→KRW (2026)","https://sendmoneycompare.com/send-money/germany-to-south-korea","false","590399","1","true"
"https://sendmoneycompare.com/send-money/germany-to-sri-lanka","Cheapest Way to Send Money Germany to Sri Lanka — EUR→LKR (2026)","https://sendmoneycompare.com/send-money/germany-to-sri-lanka","true","610777","1","true"
"https://sendmoneycompare.com/send-money/germany-to-taiwan","Cheapest Way to Send Money Germany to Taiwan — EUR→TWD (2026)","https://sendmoneycompare.com/send-money/germany-to-taiwan","true","322506","1","true"
"https://sendmoneycompare.com/send-money/germany-to-tanzania","Cheapest Way to Send Money Germany to Tanzania — EUR→TZS (2026)","https://sendmoneycompare.com/send-money/germany-to-tanzania","true","558249","1","true"
"https://sendmoneycompare.com/send-money/germany-to-thailand","Cheapest Way to Send Money Germany to Thailand — EUR→THB (2026)","https://sendmoneycompare.com/send-money/germany-to-thailand","false","711381","1","true"
"https://sendmoneycompare.com/send-money/germany-to-turkey","Cheapest Way to Send Money Germany to Turkey — EUR→TRY (2026)","https://sendmoneycompare.com/send-money/germany-to-turkey","false","1124057","1","true"
"https://sendmoneycompare.com/send-money/germany-to-uganda","Cheapest Way to Send Money Germany to Uganda — EUR→UGX (2026)","https://sendmoneycompare.com/send-money/germany-to-uganda","true","576308","1","true"
"https://sendmoneycompare.com/send-money/germany-to-ukraine","Cheapest Way to Send Money Germany to Ukraine — EUR→UAH (2026)","https://sendmoneycompare.com/send-money/germany-to-ukraine","false","780521","1","true"
"https://sendmoneycompare.com/send-money/germany-to-vietnam","Cheapest Way to Send Money Germany to Vietnam — EUR→VND (2026)","https://sendmoneycompare.com/send-money/germany-to-vietnam","false","612440","1","true"
"https://sendmoneycompare.com/send-money/germany-to-zimbabwe","Cheapest Way to Send Money Germany to Zimbabwe — EUR→ZAR (2026)","https://sendmoneycompare.com/send-money/germany-to-zimbabwe","false","637491","1","true"
"https://sendmoneycompare.com/send-money/greece-to-cameroon","Cheapest Way to Send Money Greece to Cameroon — EUR→XAF (2026)","https://sendmoneycompare.com/send-money/greece-to-cameroon","true","571576","1","true"
"https://sendmoneycompare.com/send-money/greece-to-china","Cheapest Way to Send Money Greece to China — EUR→CNY (2026)","https://sendmoneycompare.com/send-money/greece-to-china","true","565272","1","true"
"https://sendmoneycompare.com/send-money/greece-to-ethiopia","Cheapest Way to Send Money Greece to Ethiopia — EUR→ETB (2026)","https://sendmoneycompare.com/send-money/greece-to-ethiopia","true","555151","1","true"
"https://sendmoneycompare.com/send-money/greece-to-poland","Cheapest Way to Send Money Greece to Poland — EUR→PLN (2026)","https://sendmoneycompare.com/send-money/greece-to-poland","true","929253","1","true"
"https://sendmoneycompare.com/send-money/greece-to-rwanda","Cheapest Way to Send Money Greece to Rwanda — EUR→RWF (2026)","https://sendmoneycompare.com/send-money/greece-to-rwanda","true","563237","1","true"
"https://sendmoneycompare.com/send-money/greece-to-senegal","Cheapest Way to Send Money Greece to Senegal — EUR→XOF (2026)","https://sendmoneycompare.com/send-money/greece-to-senegal","true","569903","1","true"
"https://sendmoneycompare.com/send-money/greece-to-sri-lanka","Cheapest Way to Send Money Greece to Sri Lanka — EUR→LKR (2026)","https://sendmoneycompare.com/send-money/greece-to-sri-lanka","true","610655","1","true"
"https://sendmoneycompare.com/send-money/greece-to-taiwan","Cheapest Way to Send Money Greece to Taiwan — EUR→TWD (2026)","https://sendmoneycompare.com/send-money/greece-to-taiwan","true","322413","1","true"
"https://sendmoneycompare.com/send-money/greece-to-tanzania","Cheapest Way to Send Money Greece to Tanzania — EUR→TZS (2026)","https://sendmoneycompare.com/send-money/greece-to-tanzania","true","558265","1","true"
"https://sendmoneycompare.com/send-money/greece-to-uganda","Cheapest Way to Send Money Greece to Uganda — EUR→UGX (2026)","https://sendmoneycompare.com/send-money/greece-to-uganda","true","576134","1","true"
"https://sendmoneycompare.com/send-money/hkd-to-ars","Cheapest HKD to ARS Rates — Compare 15+ Providers (2026)","https://sendmoneycompare.com/send-money/hkd-to-ars","true","271193","1","true"
"https://sendmoneycompare.com/send-money/hkd-to-brl","Cheapest HKD to BRL Rates — Compare 15+ Providers (2026)","https://sendmoneycompare.com/send-money/hkd-to-brl","false","322480","1","true"
"https://sendmoneycompare.com/send-money/hkd-to-clp","Cheapest HKD to CLP Rates — Compare 15+ Providers (2026)","https://sendmoneycompare.com/send-money/hkd-to-clp","true","271890","1","true"
"https://sendmoneycompare.com/send-money/hkd-to-cop","Cheapest HKD to COP Rates — Compare 15+ Providers (2026)","https://sendmoneycompare.com/send-money/hkd-to-cop","true","271960","1","true"
"https://sendmoneycompare.com/send-money/hkd-to-eur","Cheapest HKD to EUR Rates — Compare 15+ Providers (2026)","https://sendmoneycompare.com/send-money/hkd-to-eur","false","359584","1","true"
"https://sendmoneycompare.com/send-money/hkd-to-ghs","Cheapest HKD to GHS Rates — Compare 15+ Providers (2026)","https://sendmoneycompare.com/send-money/hkd-to-ghs","true","286832","1","true"
"https://sendmoneycompare.com/send-money/hkd-to-idr","Cheapest HKD to IDR Rates — Compare 15+ Providers (2026)","https://sendmoneycompare.com/send-money/hkd-to-idr","true","304608","1","true"
"https://sendmoneycompare.com/send-money/hkd-to-jpy","Cheapest HKD to JPY Rates — Compare 15+ Providers (2026)","https://sendmoneycompare.com/send-money/hkd-to-jpy","false","351782","1","true"
"https://sendmoneycompare.com/send-money/hkd-to-kes","Cheapest HKD to KES Rates — Compare 15+ Providers (2026)","https://sendmoneycompare.com/send-money/hkd-to-kes","true","287958","1","true"
"https://sendmoneycompare.com/send-money/hkd-to-krw","Cheapest HKD to KRW Rates — Compare 15+ Providers (2026)","https://sendmoneycompare.com/send-money/hkd-to-krw","true","289512","1","true"
"https://sendmoneycompare.com/send-money/hkd-to-mxn","Cheapest HKD to MXN Rates — Compare 15+ Providers (2026)","https://sendmoneycompare.com/send-money/hkd-to-mxn","true","305884","1","true"
"https://sendmoneycompare.com/send-money/hkd-to-myr","Cheapest HKD to MYR Rates — Compare 15+ Providers (2026)","https://sendmoneycompare.com/send-money/hkd-to-myr","false","321256","1","true"
"https://sendmoneycompare.com/send-money/hkd-to-ngn","Cheapest HKD to NGN Rates — Compare 15+ Providers (2026)","https://sendmoneycompare.com/send-money/hkd-to-ngn","true","272110","1","true"
"https://sendmoneycompare.com/send-money/hkd-to-pen","Cheapest HKD to PEN Rates — Compare 15+ Providers (2026)","https://sendmoneycompare.com/send-money/hkd-to-pen","true","288683","1","true"
"https://sendmoneycompare.com/send-money/hkd-to-pln","Cheapest HKD to PLN Rates — Compare 15+ Providers (2026)","https://sendmoneycompare.com/send-money/hkd-to-pln","true","305389","1","true"
"https://sendmoneycompare.com/send-money/hkd-to-sgd","Cheapest HKD to SGD Rates — Compare 15+ Providers (2026)","https://sendmoneycompare.com/send-money/hkd-to-sgd","false","359910","1","true"
"https://sendmoneycompare.com/send-money/hkd-to-thb","Cheapest HKD to THB Rates — Compare 15+ Providers (2026)","https://sendmoneycompare.com/send-money/hkd-to-thb","false","353772","1","true"
"https://sendmoneycompare.com/send-money/hkd-to-try","Cheapest HKD to TRY Rates — Compare 15+ Providers (2026)","https://sendmoneycompare.com/send-money/hkd-to-try","true","304548","1","true"
"https://sendmoneycompare.com/send-money/hkd-to-uah","Cheapest HKD to UAH Rates — Compare 15+ Providers (2026)","https://sendmoneycompare.com/send-money/hkd-to-uah","true","254088","1","true"
"https://sendmoneycompare.com/send-money/hkd-to-vnd","Cheapest HKD to VND Rates — Compare 15+ Providers (2026)","https://sendmoneycompare.com/send-money/hkd-to-vnd","true","289475","1","true"
"https://sendmoneycompare.com/send-money/hkd-to-zar","Cheapest HKD to ZAR Rates — Compare 15+ Providers (2026)","https://sendmoneycompare.com/send-money/hkd-to-zar","false","320743","1","true"
"https://sendmoneycompare.com/send-money/hong-kong-to-argentina","Cheapest Way to Send Money Hong Kong to Argentina — HKD→ARS (2026)","https://sendmoneycompare.com/send-money/hong-kong-to-argentina","true","323536","1","true"
"https://sendmoneycompare.com/send-money/hong-kong-to-brazil","Cheapest Way to Send Money Hong Kong to Brazil — HKD→BRL (2026)","https://sendmoneycompare.com/send-money/hong-kong-to-brazil","false","391959","1","true"
"https://sendmoneycompare.com/send-money/hong-kong-to-chile","Cheapest Way to Send Money Hong Kong to Chile — HKD→CLP (2026)","https://sendmoneycompare.com/send-money/hong-kong-to-chile","true","323700","1","true"
"https://sendmoneycompare.com/send-money/hong-kong-to-colombia","Cheapest Way to Send Money Hong Kong to Colombia — HKD→COP (2026)","https://sendmoneycompare.com/send-money/hong-kong-to-colombia","true","343504","1","true"
"https://sendmoneycompare.com/send-money/hong-kong-to-croatia","Cheapest Way to Send Money Hong Kong to Croatia — HKD→EUR (2026)","https://sendmoneycompare.com/send-money/hong-kong-to-croatia","false","431234","1","true"
"https://sendmoneycompare.com/send-money/hong-kong-to-europe","Cheapest Way to Send Money Hong Kong to Europe — HKD→EUR (2026)","https://sendmoneycompare.com/send-money/hong-kong-to-europe","false","430597","1","true"
"https://sendmoneycompare.com/send-money/hong-kong-to-france","Cheapest Way to Send Money Hong Kong to France — HKD→EUR (2026)","https://sendmoneycompare.com/send-money/hong-kong-to-france","false","431470","1","true"
"https://sendmoneycompare.com/send-money/hong-kong-to-germany","Cheapest Way to Send Money Hong Kong to Germany — HKD→EUR (2026)","https://sendmoneycompare.com/send-money/hong-kong-to-germany","false","431573","1","true"
"https://sendmoneycompare.com/send-money/hong-kong-to-ghana","Cheapest Way to Send Money Hong Kong to Ghana — HKD→GHS (2026)","https://sendmoneycompare.com/send-money/hong-kong-to-ghana","true","355716","1","true"
"https://sendmoneycompare.com/send-money/hong-kong-to-indonesia","Cheapest Way to Send Money Hong Kong to Indonesia — HKD→IDR (2026)","https://sendmoneycompare.com/send-money/hong-kong-to-indonesia","true","372017","1","true"
"https://sendmoneycompare.com/send-money/hong-kong-to-japan","Cheapest Way to Send Money Hong Kong to Japan — HKD→JPY (2026)","https://sendmoneycompare.com/send-money/hong-kong-to-japan","false","420459","1","true"
"https://sendmoneycompare.com/send-money/hong-kong-to-kenya","Cheapest Way to Send Money Hong Kong to Kenya — HKD→KES (2026)","https://sendmoneycompare.com/send-money/hong-kong-to-kenya","true","358224","1","true"
"https://sendmoneycompare.com/send-money/hong-kong-to-malaysia","Cheapest Way to Send Money Hong Kong to Malaysia — HKD→MYR (2026)","https://sendmoneycompare.com/send-money/hong-kong-to-malaysia","false","394083","1","true"
"https://sendmoneycompare.com/send-money/hong-kong-to-mexico","Cheapest Way to Send Money Hong Kong to Mexico — HKD→MXN (2026)","https://sendmoneycompare.com/send-money/hong-kong-to-mexico","true","382728","1","true"
"https://sendmoneycompare.com/send-money/hong-kong-to-nigeria","Cheapest Way to Send Money Hong Kong to Nigeria — HKD→NGN (2026)","https://sendmoneycompare.com/send-money/hong-kong-to-nigeria","true","340418","1","true"
"https://sendmoneycompare.com/send-money/hong-kong-to-peru","Cheapest Way to Send Money Hong Kong to Peru — HKD→PEN (2026)","https://sendmoneycompare.com/send-money/hong-kong-to-peru","true","358768","1","true"
"https://sendmoneycompare.com/send-money/hong-kong-to-poland","Cheapest Way to Send Money Hong Kong to Poland — HKD→PLN (2026)","https://sendmoneycompare.com/send-money/hong-kong-to-poland","true","374394","1","true"
"https://sendmoneycompare.com/send-money/hong-kong-to-singapore","Cheapest Way to Send Money Hong Kong to Singapore — HKD→SGD (2026)","https://sendmoneycompare.com/send-money/hong-kong-to-singapore","false","412627","1","true"
"https://sendmoneycompare.com/send-money/hong-kong-to-south-africa","Cheapest Way to Send Money Hong Kong to South Africa — HKD→ZAR (2026)","https://sendmoneycompare.com/send-money/hong-kong-to-south-africa","false","394721","1","true"
"https://sendmoneycompare.com/send-money/hong-kong-to-south-korea","Cheapest Way to Send Money Hong Kong to South Korea — HKD→KRW (2026)","https://sendmoneycompare.com/send-money/hong-kong-to-south-korea","true","342246","1","true"
"https://sendmoneycompare.com/send-money/hong-kong-to-spain","Cheapest Way to Send Money Hong Kong to Spain — HKD→EUR (2026)","https://sendmoneycompare.com/send-money/hong-kong-to-spain","false","431197","1","true"
"https://sendmoneycompare.com/send-money/hong-kong-to-thailand","Cheapest Way to Send Money Hong Kong to Thailand — HKD→THB (2026)","https://sendmoneycompare.com/send-money/hong-kong-to-thailand","false","424749","1","true"
"https://sendmoneycompare.com/send-money/hong-kong-to-turkey","Cheapest Way to Send Money Hong Kong to Turkey — HKD→TRY (2026)","https://sendmoneycompare.com/send-money/hong-kong-to-turkey","true","367346","1","true"
"https://sendmoneycompare.com/send-money/hong-kong-to-ukraine","Cheapest Way to Send Money Hong Kong to Ukraine — HKD→UAH (2026)","https://sendmoneycompare.com/send-money/hong-kong-to-ukraine","true","306180","1","true"
"https://sendmoneycompare.com/send-money/hong-kong-to-vietnam","Cheapest Way to Send Money Hong Kong to Vietnam — HKD→VND (2026)","https://sendmoneycompare.com/send-money/hong-kong-to-vietnam","true","355267","1","true"
"https://sendmoneycompare.com/send-money/hong-kong-to-zimbabwe","Cheapest Way to Send Money Hong Kong to Zimbabwe — HKD→ZAR (2026)","https://sendmoneycompare.com/send-money/hong-kong-to-zimbabwe","false","372087","1","true"
"https://sendmoneycompare.com/send-money/india-to-canada","Cheapest Way to Send Money India to Canada — INR→CAD (2026)","https://sendmoneycompare.com/send-money/india-to-canada","false","559042","1","true"
"https://sendmoneycompare.com/send-money/india-to-croatia","Cheapest Way to Send Money India to Croatia — INR→EUR (2026)","https://sendmoneycompare.com/send-money/india-to-croatia","true","541421","1","true"
"https://sendmoneycompare.com/send-money/india-to-ecuador","Cheapest Way to Send Money India to Ecuador — INR→USD (2026)","https://sendmoneycompare.com/send-money/india-to-ecuador","true","538801","1","true"
"https://sendmoneycompare.com/send-money/india-to-el-salvador","Cheapest Way to Send Money India to El Salvador — INR→USD (2026)","https://sendmoneycompare.com/send-money/india-to-el-salvador","true","539586","1","true"
"https://sendmoneycompare.com/send-money/india-to-europe","Cheapest Way to Send Money India to Europe — INR→EUR (2026)","https://sendmoneycompare.com/send-money/india-to-europe","true","540928","1","true"
"https://sendmoneycompare.com/send-money/india-to-france","Cheapest Way to Send Money India to France — INR→EUR (2026)","https://sendmoneycompare.com/send-money/india-to-france","true","541657","1","true"
"https://sendmoneycompare.com/send-money/india-to-germany","Cheapest Way to Send Money India to Germany — INR→EUR (2026)","https://sendmoneycompare.com/send-money/india-to-germany","true","542008","1","true"
"https://sendmoneycompare.com/send-money/india-to-panama","Cheapest Way to Send Money India to Panama — INR→USD (2026)","https://sendmoneycompare.com/send-money/india-to-panama","true","538637","1","true"
"https://sendmoneycompare.com/send-money/india-to-singapore","Cheapest Way to Send Money India to Singapore — INR→SGD (2026)","https://sendmoneycompare.com/send-money/india-to-singapore","true","483079","1","true"
"https://sendmoneycompare.com/send-money/india-to-spain","Cheapest Way to Send Money India to Spain — INR→EUR (2026)","https://sendmoneycompare.com/send-money/india-to-spain","true","541485","1","true"
"https://sendmoneycompare.com/send-money/india-to-uae","Cheapest Way to Send Money India to UAE — INR→AED (2026)","https://sendmoneycompare.com/send-money/india-to-uae","true","462495","1","true"
"https://sendmoneycompare.com/send-money/india-to-uk","Cheapest Way to Send Money India to United Kingdom — INR→GBP (2026)","https://sendmoneycompare.com/send-money/india-to-uk","false","541758","1","true"
"https://sendmoneycompare.com/send-money/india-to-usa","Cheapest Way to Send Money India to United States — INR→USD (2026)","https://sendmoneycompare.com/send-money/india-to-usa","false","550225","1","true"
"https://sendmoneycompare.com/send-money/inr-to-aed","Cheapest INR to AED Rates — Compare 15+ Providers (2026)","https://sendmoneycompare.com/send-money/inr-to-aed","true","410789","1","true"
"https://sendmoneycompare.com/send-money/inr-to-eur","Cheapest INR to EUR Rates — Compare 15+ Providers (2026)","https://sendmoneycompare.com/send-money/inr-to-eur","true","470767","1","true"
"https://sendmoneycompare.com/send-money/inr-to-sgd","Cheapest INR to SGD Rates — Compare 15+ Providers (2026)","https://sendmoneycompare.com/send-money/inr-to-sgd","true","431288","1","true"
"https://sendmoneycompare.com/send-money/ireland-to-bangladesh","Cheapest Way to Send Money Ireland to Bangladesh — EUR→BDT (2026)","https://sendmoneycompare.com/send-money/ireland-to-bangladesh","false","1064577","1","true"
"https://sendmoneycompare.com/send-money/ireland-to-brazil","Cheapest Way to Send Money Ireland to Brazil — EUR→BRL (2026)","https://sendmoneycompare.com/send-money/ireland-to-brazil","false","1091193","1","true"
"https://sendmoneycompare.com/send-money/ireland-to-cameroon","Cheapest Way to Send Money Ireland to Cameroon — EUR→XAF (2026)","https://sendmoneycompare.com/send-money/ireland-to-cameroon","true","571813","1","true"
"https://sendmoneycompare.com/send-money/ireland-to-china","Cheapest Way to Send Money Ireland to China — EUR→CNY (2026)","https://sendmoneycompare.com/send-money/ireland-to-china","true","565286","1","true"
"https://sendmoneycompare.com/send-money/ireland-to-ethiopia","Cheapest Way to Send Money Ireland to Ethiopia — EUR→ETB (2026)","https://sendmoneycompare.com/send-money/ireland-to-ethiopia","true","555281","1","true"
"https://sendmoneycompare.com/send-money/ireland-to-rwanda","Cheapest Way to Send Money Ireland to Rwanda — EUR→RWF (2026)","https://sendmoneycompare.com/send-money/ireland-to-rwanda","true","563267","1","true"
"https://sendmoneycompare.com/send-money/ireland-to-senegal","Cheapest Way to Send Money Ireland to Senegal — EUR→XOF (2026)","https://sendmoneycompare.com/send-money/ireland-to-senegal","true","570035","1","true"
"https://sendmoneycompare.com/send-money/ireland-to-sri-lanka","Cheapest Way to Send Money Ireland to Sri Lanka — EUR→LKR (2026)","https://sendmoneycompare.com/send-money/ireland-to-sri-lanka","true","610852","1","true"
"https://sendmoneycompare.com/send-money/ireland-to-taiwan","Cheapest Way to Send Money Ireland to Taiwan — EUR→TWD (2026)","https://sendmoneycompare.com/send-money/ireland-to-taiwan","true","322669","1","true"
"https://sendmoneycompare.com/send-money/ireland-to-tanzania","Cheapest Way to Send Money Ireland to Tanzania — EUR→TZS (2026)","https://sendmoneycompare.com/send-money/ireland-to-tanzania","true","558280","1","true"
"https://sendmoneycompare.com/send-money/ireland-to-uganda","Cheapest Way to Send Money Ireland to Uganda — EUR→UGX (2026)","https://sendmoneycompare.com/send-money/ireland-to-uganda","true","576382","1","true"
"https://sendmoneycompare.com/send-money/italy-to-brazil","Cheapest Way to Send Money Italy to Brazil — EUR→BRL (2026)","https://sendmoneycompare.com/send-money/italy-to-brazil","false","1091093","1","true"
"https://sendmoneycompare.com/send-money/italy-to-cameroon","Cheapest Way to Send Money Italy to Cameroon — EUR→XAF (2026)","https://sendmoneycompare.com/send-money/italy-to-cameroon","true","571559","1","true"
"https://sendmoneycompare.com/send-money/italy-to-china","Cheapest Way to Send Money Italy to China — EUR→CNY (2026)","https://sendmoneycompare.com/send-money/italy-to-china","true","565146","1","true"
"https://sendmoneycompare.com/send-money/italy-to-ethiopia","Cheapest Way to Send Money Italy to Ethiopia — EUR→ETB (2026)","https://sendmoneycompare.com/send-money/italy-to-ethiopia","true","555034","1","true"
"https://sendmoneycompare.com/send-money/italy-to-rwanda","Cheapest Way to Send Money Italy to Rwanda — EUR→RWF (2026)","https://sendmoneycompare.com/send-money/italy-to-rwanda","true","563020","1","true"
"https://sendmoneycompare.com/send-money/italy-to-senegal","Cheapest Way to Send Money Italy to Senegal — EUR→XOF (2026)","https://sendmoneycompare.com/send-money/italy-to-senegal","true","569771","1","true"
"https://sendmoneycompare.com/send-money/italy-to-sri-lanka","Cheapest Way to Send Money Italy to Sri Lanka — EUR→LKR (2026)","https://sendmoneycompare.com/send-money/italy-to-sri-lanka","true","610589","1","true"
"https://sendmoneycompare.com/send-money/italy-to-taiwan","Cheapest Way to Send Money Italy to Taiwan — EUR→TWD (2026)","https://sendmoneycompare.com/send-money/italy-to-taiwan","true","322432","1","true"
"https://sendmoneycompare.com/send-money/italy-to-tanzania","Cheapest Way to Send Money Italy to Tanzania — EUR→TZS (2026)","https://sendmoneycompare.com/send-money/italy-to-tanzania","true","558160","1","true"
"https://sendmoneycompare.com/send-money/italy-to-uganda","Cheapest Way to Send Money Italy to Uganda — EUR→UGX (2026)","https://sendmoneycompare.com/send-money/italy-to-uganda","true","576239","1","true"
"https://sendmoneycompare.com/send-money/japan-to-ecuador","Cheapest Way to Send Money Japan to Ecuador — JPY→USD (2026)","https://sendmoneycompare.com/send-money/japan-to-ecuador","true","535812","1","true"
"https://sendmoneycompare.com/send-money/japan-to-el-salvador","Cheapest Way to Send Money Japan to El Salvador — JPY→USD (2026)","https://sendmoneycompare.com/send-money/japan-to-el-salvador","true","536367","1","true"
"https://sendmoneycompare.com/send-money/japan-to-panama","Cheapest Way to Send Money Japan to Panama — JPY→USD (2026)","https://sendmoneycompare.com/send-money/japan-to-panama","true","535510","1","true"
"https://sendmoneycompare.com/send-money/kuwait-to-india","Cheapest Way to Send Money Kuwait to India — KWD→INR (2026)","https://sendmoneycompare.com/send-money/kuwait-to-india","true","633880","1","true"
"https://sendmoneycompare.com/send-money/kwd-to-inr","Cheapest KWD to INR Rates — Compare 15+ Providers (2026)","https://sendmoneycompare.com/send-money/kwd-to-inr","true","556498","1","true"
"https://sendmoneycompare.com/send-money/netherlands-to-cameroon","Cheapest Way to Send Money Netherlands to Cameroon — EUR→XAF (2026)","https://sendmoneycompare.com/send-money/netherlands-to-cameroon","true","571960","1","true"
"https://sendmoneycompare.com/send-money/netherlands-to-china","Cheapest Way to Send Money Netherlands to China — EUR→CNY (2026)","https://sendmoneycompare.com/send-money/netherlands-to-china","true","565725","1","true"
"https://sendmoneycompare.com/send-money/netherlands-to-ethiopia","Cheapest Way to Send Money Netherlands to Ethiopia — EUR→ETB (2026)","https://sendmoneycompare.com/send-money/netherlands-to-ethiopia","true","555735","1","true"
"https://sendmoneycompare.com/send-money/netherlands-to-philippines","Cheapest Way to Send Money Netherlands to Philippines — EUR→PHP (2026)","https://sendmoneycompare.com/send-money/netherlands-to-philippines","true","1223508","1","true"
"https://sendmoneycompare.com/send-money/netherlands-to-rwanda","Cheapest Way to Send Money Netherlands to Rwanda — EUR→RWF (2026)","https://sendmoneycompare.com/send-money/netherlands-to-rwanda","true","563713","1","true"
"https://sendmoneycompare.com/send-money/netherlands-to-senegal","Cheapest Way to Send Money Netherlands to Senegal — EUR→XOF (2026)","https://sendmoneycompare.com/send-money/netherlands-to-senegal","true","570464","1","true"
"https://sendmoneycompare.com/send-money/netherlands-to-sri-lanka","Cheapest Way to Send Money Netherlands to Sri Lanka — EUR→LKR (2026)","https://sendmoneycompare.com/send-money/netherlands-to-sri-lanka","true","611283","1","true"
"https://sendmoneycompare.com/send-money/netherlands-to-taiwan","Cheapest Way to Send Money Netherlands to Taiwan — EUR→TWD (2026)","https://sendmoneycompare.com/send-money/netherlands-to-taiwan","true","322979","1","true"
"https://sendmoneycompare.com/send-money/netherlands-to-tanzania","Cheapest Way to Send Money Netherlands to Tanzania — EUR→TZS (2026)","https://sendmoneycompare.com/send-money/netherlands-to-tanzania","true","558724","1","true"
"https://sendmoneycompare.com/send-money/netherlands-to-uganda","Cheapest Way to Send Money Netherlands to Uganda — EUR→UGX (2026)","https://sendmoneycompare.com/send-money/netherlands-to-uganda","true","576813","1","true"
"https://sendmoneycompare.com/send-money/new-zealand-to-australia","Cheapest Way to Send Money New Zealand to Australia — NZD→AUD (2026)","https://sendmoneycompare.com/send-money/new-zealand-to-australia","false","843878","1","true"
"https://sendmoneycompare.com/send-money/new-zealand-to-uk","Cheapest Way to Send Money New Zealand to United Kingdom (2026)","https://sendmoneycompare.com/send-money/new-zealand-to-uk","false","849403","1","true"
"https://sendmoneycompare.com/send-money/norway-to-philippines","Cheapest Way to Send Money Norway to Philippines — NOK→PHP (2026)","https://sendmoneycompare.com/send-money/norway-to-philippines","true","525749","1","true"
"https://sendmoneycompare.com/send-money/nzd-to-aud","Cheapest NZD to AUD Rates — Compare 15+ Providers (2026)","https://sendmoneycompare.com/send-money/nzd-to-aud","false","794649","1","true"
"https://sendmoneycompare.com/send-money/nzd-to-gbp","Cheapest NZD to GBP Rates — Compare 15+ Providers (2026)","https://sendmoneycompare.com/send-money/nzd-to-gbp","false","782062","1","true"
"https://sendmoneycompare.com/send-money/oman-to-bangladesh","Cheapest Way to Send Money Oman to Bangladesh — OMR→BDT (2026)","https://sendmoneycompare.com/send-money/oman-to-bangladesh","true","635720","1","true"
"https://sendmoneycompare.com/send-money/oman-to-pakistan","Cheapest Way to Send Money Oman to Pakistan — OMR→PKR (2026)","https://sendmoneycompare.com/send-money/oman-to-pakistan","true","647763","1","true"
"https://sendmoneycompare.com/send-money/oman-to-philippines","Cheapest Way to Send Money Oman to Philippines — OMR→PHP (2026)","https://sendmoneycompare.com/send-money/oman-to-philippines","true","675338","1","true"
"https://sendmoneycompare.com/send-money/omr-to-bdt","Cheapest OMR to BDT Rates — Compare 15+ Providers (2026)","https://sendmoneycompare.com/send-money/omr-to-bdt","true","561351","1","true"
"https://sendmoneycompare.com/send-money/omr-to-php","Cheapest OMR to PHP Rates — Compare 15+ Providers (2026)","https://sendmoneycompare.com/send-money/omr-to-php","true","594223","1","true"
"https://sendmoneycompare.com/send-money/omr-to-pkr","Cheapest OMR to PKR Rates — Compare 15+ Providers (2026)","https://sendmoneycompare.com/send-money/omr-to-pkr","true","567769","1","true"
"https://sendmoneycompare.com/send-money/portugal-to-bangladesh","Cheapest Way to Send Money Portugal to Bangladesh — EUR→BDT (2026)","https://sendmoneycompare.com/send-money/portugal-to-bangladesh","false","1025181","1","true"
"https://sendmoneycompare.com/send-money/portugal-to-cameroon","Cheapest Way to Send Money Portugal to Cameroon — EUR→XAF (2026)","https://sendmoneycompare.com/send-money/portugal-to-cameroon","true","571808","1","true"
"https://sendmoneycompare.com/send-money/portugal-to-china","Cheapest Way to Send Money Portugal to China — EUR→CNY (2026)","https://sendmoneycompare.com/send-money/portugal-to-china","true","565412","1","true"
"https://sendmoneycompare.com/send-money/portugal-to-ethiopia","Cheapest Way to Send Money Portugal to Ethiopia — EUR→ETB (2026)","https://sendmoneycompare.com/send-money/portugal-to-ethiopia","true","555510","1","true"
"https://sendmoneycompare.com/send-money/portugal-to-rwanda","Cheapest Way to Send Money Portugal to Rwanda — EUR→RWF (2026)","https://sendmoneycompare.com/send-money/portugal-to-rwanda","true","563490","1","true"
"https://sendmoneycompare.com/send-money/portugal-to-senegal","Cheapest Way to Send Money Portugal to Senegal — EUR→XOF (2026)","https://sendmoneycompare.com/send-money/portugal-to-senegal","true","570256","1","true"
"https://sendmoneycompare.com/send-money/portugal-to-sri-lanka","Cheapest Way to Send Money Portugal to Sri Lanka — EUR→LKR (2026)","https://sendmoneycompare.com/send-money/portugal-to-sri-lanka","true","610976","1","true"
"https://sendmoneycompare.com/send-money/portugal-to-taiwan","Cheapest Way to Send Money Portugal to Taiwan — EUR→TWD (2026)","https://sendmoneycompare.com/send-money/portugal-to-taiwan","true","322658","1","true"
"https://sendmoneycompare.com/send-money/portugal-to-tanzania","Cheapest Way to Send Money Portugal to Tanzania — EUR→TZS (2026)","https://sendmoneycompare.com/send-money/portugal-to-tanzania","true","558388","1","true"
"https://sendmoneycompare.com/send-money/portugal-to-uganda","Cheapest Way to Send Money Portugal to Uganda — EUR→UGX (2026)","https://sendmoneycompare.com/send-money/portugal-to-uganda","true","576379","1","true"
"https://sendmoneycompare.com/send-money/qar-to-bdt","Cheapest QAR to BDT Rates — Compare 15+ Providers (2026)","https://sendmoneycompare.com/send-money/qar-to-bdt","true","546819","1","true"
"https://sendmoneycompare.com/send-money/qar-to-inr","Cheapest QAR to INR Rates — Compare 15+ Providers (2026)","https://sendmoneycompare.com/send-money/qar-to-inr","true","565608","1","true"
"https://sendmoneycompare.com/send-money/qar-to-php","Cheapest QAR to PHP Rates — Compare 15+ Providers (2026)","https://sendmoneycompare.com/send-money/qar-to-php","true","563718","1","true"
"https://sendmoneycompare.com/send-money/qar-to-pkr","Cheapest QAR to PKR Rates — Compare 15+ Providers (2026)","https://sendmoneycompare.com/send-money/qar-to-pkr","true","566138","1","true"
"https://sendmoneycompare.com/send-money/qatar-to-bangladesh","Cheapest Way to Send Money Qatar to Bangladesh — QAR→BDT (2026)","https://sendmoneycompare.com/send-money/qatar-to-bangladesh","true","622984","1","true"
"https://sendmoneycompare.com/send-money/qatar-to-india","Cheapest Way to Send Money Qatar to India — QAR→INR (2026)","https://sendmoneycompare.com/send-money/qatar-to-india","true","644589","1","true"
"https://sendmoneycompare.com/send-money/qatar-to-pakistan","Cheapest Way to Send Money Qatar to Pakistan — QAR→PKR (2026)","https://sendmoneycompare.com/send-money/qatar-to-pakistan","true","647929","1","true"
"https://sendmoneycompare.com/send-money/qatar-to-philippines","Cheapest Way to Send Money Qatar to Philippines — QAR→PHP (2026)","https://sendmoneycompare.com/send-money/qatar-to-philippines","true","646564","1","true"
"https://sendmoneycompare.com/send-money/saudi-arabia-to-bangladesh","Cheapest Way to Send Money Saudi Arabia to Bangladesh — SAR→BDT (2026)","https://sendmoneycompare.com/send-money/saudi-arabia-to-bangladesh","false","598380","1","true"
"https://sendmoneycompare.com/send-money/saudi-arabia-to-egypt","Cheapest Way to Send Money Saudi Arabia to Egypt — SAR→EGP (2026)","https://sendmoneycompare.com/send-money/saudi-arabia-to-egypt","false","603406","1","true"
"https://sendmoneycompare.com/send-money/saudi-arabia-to-india","Cheapest Way to Send Money Saudi Arabia to India — SAR→INR (2026)","https://sendmoneycompare.com/send-money/saudi-arabia-to-india","false","650393","1","true"
"https://sendmoneycompare.com/send-money/saudi-arabia-to-pakistan","Cheapest Way to Send Money Saudi Arabia to Pakistan — SAR→PKR (2026)","https://sendmoneycompare.com/send-money/saudi-arabia-to-pakistan","false","640652","1","true"
"https://sendmoneycompare.com/send-money/saudi-arabia-to-philippines","Cheapest Way to Send Money Saudi Arabia to Philippines (2026)","https://sendmoneycompare.com/send-money/saudi-arabia-to-philippines","false","657141","1","true"
"https://sendmoneycompare.com/send-money/saudi-arabia-to-vietnam","Cheapest Way to Send Money Saudi Arabia to Vietnam — SAR→VND (2026)","https://sendmoneycompare.com/send-money/saudi-arabia-to-vietnam","false","300495","1","true"
"https://sendmoneycompare.com/send-money/send-money-to-algeria","Cheapest Way to Send Money to Algeria — Compare DZD Rates (2026)","https://sendmoneycompare.com/send-money/send-money-to-algeria","false","167113","1","true"
"https://sendmoneycompare.com/send-money/send-money-to-argentina","Cheapest Way to Send Money to Argentina — Compare ARS Rates (2026)","https://sendmoneycompare.com/send-money/send-money-to-argentina","false","583039","1","true"
"https://sendmoneycompare.com/send-money/send-money-to-australia","Cheapest Way to Send Money to Australia — Compare AUD Rates (2026)","https://sendmoneycompare.com/send-money/send-money-to-australia","false","586416","1","true"
"https://sendmoneycompare.com/send-money/send-money-to-bangladesh","Cheapest Way to Send Money to Bangladesh (2026) — bKash & Bank","https://sendmoneycompare.com/send-money/send-money-to-bangladesh","false","1079814","1","true"
"https://sendmoneycompare.com/send-money/send-money-to-bolivia","Cheapest Way to Send Money to Bolivia — Compare BOB Rates (2026)","https://sendmoneycompare.com/send-money/send-money-to-bolivia","true","414989","1","true"
"https://sendmoneycompare.com/send-money/send-money-to-brazil","Cheapest Way to Send Money to Brazil — Compare BRL Rates (2026)","https://sendmoneycompare.com/send-money/send-money-to-brazil","false","1112592","1","true"
"https://sendmoneycompare.com/send-money/send-money-to-cameroon","Cheapest Way to Send Money to Cameroon — Compare XAF Rates (2026)","https://sendmoneycompare.com/send-money/send-money-to-cameroon","false","740220","1","true"
"https://sendmoneycompare.com/send-money/send-money-to-canada","Cheapest Way to Send Money to Canada — Compare CAD Rates (2026)","https://sendmoneycompare.com/send-money/send-money-to-canada","false","624416","1","true"
"https://sendmoneycompare.com/send-money/send-money-to-chile","Cheapest Way to Send Money to Chile — Compare CLP Rates (2026)","https://sendmoneycompare.com/send-money/send-money-to-chile","false","444248","1","true"
"https://sendmoneycompare.com/send-money/send-money-to-china","Cheapest Way to Send Money to China — Compare CNY Rates (2026)","https://sendmoneycompare.com/send-money/send-money-to-china","false","896919","1","true"
"https://sendmoneycompare.com/send-money/send-money-to-colombia","Cheapest Way to Send Money to Colombia (2026) — COP Rates Compared","https://sendmoneycompare.com/send-money/send-money-to-colombia","false","1030671","1","true"
"https://sendmoneycompare.com/send-money/send-money-to-costa-rica","Cheapest Way to Send Money to Costa Rica — Compare CRC Rates (2026)","https://sendmoneycompare.com/send-money/send-money-to-costa-rica","true","372944","1","true"
"https://sendmoneycompare.com/send-money/send-money-to-croatia","Cheapest Way to Send Money to Croatia — Compare EUR Rates (2026)","https://sendmoneycompare.com/send-money/send-money-to-croatia","false","1164545","1","true"
"https://sendmoneycompare.com/send-money/send-money-to-czech-republic","Cheapest Way to Send Money to Czech Republic (2026)","https://sendmoneycompare.com/send-money/send-money-to-czech-republic","false","839264","1","true"
"https://sendmoneycompare.com/send-money/send-money-to-dominican-republic","Cheapest Way to Send Money to Dominican Republic (2026)","https://sendmoneycompare.com/send-money/send-money-to-dominican-republic","false","914575","1","true"
"https://sendmoneycompare.com/send-money/send-money-to-egypt","Cheapest Way to Send Money to Egypt — Compare EGP Rates (2026)","https://sendmoneycompare.com/send-money/send-money-to-egypt","false","896115","1","true"
"https://sendmoneycompare.com/send-money/send-money-to-ethiopia","Cheapest Way to Send Money to Ethiopia — Compare ETB Rates (2026)","https://sendmoneycompare.com/send-money/send-money-to-ethiopia","false","955662","1","true"
"https://sendmoneycompare.com/send-money/send-money-to-europe","Cheapest Way to Send Money to Europe — Compare EUR Rates (2026)","https://sendmoneycompare.com/send-money/send-money-to-europe","false","1169029","1","true"
"https://sendmoneycompare.com/send-money/send-money-to-fiji","Cheapest Way to Send Money to Fiji — Compare FJD Rates (2026)","https://sendmoneycompare.com/send-money/send-money-to-fiji","false","670699","1","true"
"https://sendmoneycompare.com/send-money/send-money-to-france","Cheapest Way to Send Money to France — Compare EUR Rates (2026)","https://sendmoneycompare.com/send-money/send-money-to-france","false","1170450","1","true"
"https://sendmoneycompare.com/send-money/send-money-to-gambia","Cheapest Way to Send Money to Gambia — Compare GMD Rates (2026)","https://sendmoneycompare.com/send-money/send-money-to-gambia","true","405195","1","true"
"https://sendmoneycompare.com/send-money/send-money-to-germany","Cheapest Way to Send Money to Germany — Compare EUR Rates (2026)","https://sendmoneycompare.com/send-money/send-money-to-germany","false","1170546","1","true"
"https://sendmoneycompare.com/send-money/send-money-to-ghana","Cheapest Way to Send Money to Ghana — Compare GHS Rates (2026)","https://sendmoneycompare.com/send-money/send-money-to-ghana","false","1116780","1","true"
"https://sendmoneycompare.com/send-money/send-money-to-guatemala","Cheapest Way to Send Money to Guatemala — Compare GTQ Rates (2026)","https://sendmoneycompare.com/send-money/send-money-to-guatemala","false","984004","1","true"
"https://sendmoneycompare.com/send-money/send-money-to-haiti","Cheapest Way to Send Money to Haiti — Compare HTG Rates (2026)","https://sendmoneycompare.com/send-money/send-money-to-haiti","false","784761","1","true"
"https://sendmoneycompare.com/send-money/send-money-to-honduras","Cheapest Way to Send Money to Honduras — Compare HNL Rates (2026)","https://sendmoneycompare.com/send-money/send-money-to-honduras","false","897634","1","true"
"https://sendmoneycompare.com/send-money/send-money-to-hong-kong","Cheapest Way to Send Money to Hong Kong — Compare HKD Rates (2026)","https://sendmoneycompare.com/send-money/send-money-to-hong-kong","false","415383","1","true"
"https://sendmoneycompare.com/send-money/send-money-to-hungary","Cheapest Way to Send Money to Hungary — Compare HUF Rates (2026)","https://sendmoneycompare.com/send-money/send-money-to-hungary","false","829855","1","true"
"https://sendmoneycompare.com/send-money/send-money-to-india","Cheapest Way to Send Money to India (2026) — Compare INR Rates","https://sendmoneycompare.com/send-money/send-money-to-india","false","1169348","1","true"
"https://sendmoneycompare.com/send-money/send-money-to-indonesia","Cheapest Way to Send Money to Indonesia — Compare IDR Rates (2026)","https://sendmoneycompare.com/send-money/send-money-to-indonesia","false","949472","1","true"
"https://sendmoneycompare.com/send-money/send-money-to-israel","Cheapest Way to Send Money to Israel — Compare ILS Rates (2026)","https://sendmoneycompare.com/send-money/send-money-to-israel","false","739231","1","true"
"https://sendmoneycompare.com/send-money/send-money-to-jamaica","Cheapest Way to Send Money to Jamaica — Compare JMD Rates (2026)","https://sendmoneycompare.com/send-money/send-money-to-jamaica","false","906710","1","true"
"https://sendmoneycompare.com/send-money/send-money-to-japan","Cheapest Way to Send Money to Japan — Compare JPY Rates (2026)","https://sendmoneycompare.com/send-money/send-money-to-japan","false","871205","1","true"
"https://sendmoneycompare.com/send-money/send-money-to-jordan","Cheapest Way to Send Money to Jordan — Compare JOD Rates (2026)","https://sendmoneycompare.com/send-money/send-money-to-jordan","true","474829","1","true"
"https://sendmoneycompare.com/send-money/send-money-to-kazakhstan","Cheapest Way to Send Money to Kazakhstan — Compare KZT Rates (2026)","https://sendmoneycompare.com/send-money/send-money-to-kazakhstan","false","417359","1","true"
"https://sendmoneycompare.com/send-money/send-money-to-kenya","Cheapest Way to Send Money to Kenya (2026) — M-Pesa & Bank","https://sendmoneycompare.com/send-money/send-money-to-kenya","false","1079865","1","true"
"https://sendmoneycompare.com/send-money/send-money-to-madagascar","Cheapest Way to Send Money to Madagascar — Compare MGA Rates (2026)","https://sendmoneycompare.com/send-money/send-money-to-madagascar","true","418165","1","true"
"https://sendmoneycompare.com/send-money/send-money-to-malaysia","Cheapest Way to Send Money to Malaysia — Compare MYR Rates (2026)","https://sendmoneycompare.com/send-money/send-money-to-malaysia","false","838579","1","true"
"https://sendmoneycompare.com/send-money/send-money-to-mexico","Cheapest Way to Send Money to Mexico (2026) — SPEI & Cash Pickup","https://sendmoneycompare.com/send-money/send-money-to-mexico","false","1153135","1","true"
"https://sendmoneycompare.com/send-money/send-money-to-morocco","Best Way to Send Money to Morocco (2026) — Fees, Rates & Cash Pickup","https://sendmoneycompare.com/send-money/send-money-to-morocco","false","889822","1","true"
"https://sendmoneycompare.com/send-money/send-money-to-nepal","Cheapest Way to Send Money to Nepal — Compare NPR Rates (2026)","https://sendmoneycompare.com/send-money/send-money-to-nepal","false","921969","1","true"
"https://sendmoneycompare.com/send-money/send-money-to-new-zealand","Cheapest Way to Send Money to New Zealand — Compare NZD Rates (2026)","https://sendmoneycompare.com/send-money/send-money-to-new-zealand","false","366113","1","true"
"https://sendmoneycompare.com/send-money/send-money-to-nigeria","Cheapest Way to Send Money to Nigeria (2026) — NGN Rates Compared","https://sendmoneycompare.com/send-money/send-money-to-nigeria","false","1057979","1","true"
"https://sendmoneycompare.com/send-money/send-money-to-pakistan","Cheapest Way to Send Money to Pakistan (2026) — Compare 15+ Providers","https://sendmoneycompare.com/send-money/send-money-to-pakistan","false","1125091","1","true"
"https://sendmoneycompare.com/send-money/send-money-to-paraguay","Cheapest Way to Send Money to Paraguay — Compare PYG Rates (2026)","https://sendmoneycompare.com/send-money/send-money-to-paraguay","false","281593","1","true"
"https://sendmoneycompare.com/send-money/send-money-to-peru","Cheapest Way to Send Money to Peru (2026) — PEN Rates Compared","https://sendmoneycompare.com/send-money/send-money-to-peru","false","854907","1","true"
"https://sendmoneycompare.com/send-money/send-money-to-philippines","Cheapest Way to Send Money to the Philippines (2026) — GCash & Bank","https://sendmoneycompare.com/send-money/send-money-to-philippines","false","1169418","1","true"
"https://sendmoneycompare.com/send-money/send-money-to-poland","Cheapest Way to Send Money to Poland (2026) — SEPA & PLN Rates","https://sendmoneycompare.com/send-money/send-money-to-poland","false","887373","1","true"
"https://sendmoneycompare.com/send-money/send-money-to-romania","Cheapest Way to Send Money to Romania (2026) — SEPA, EUR & RON Rates","https://sendmoneycompare.com/send-money/send-money-to-romania","false","824123","1","true"
"https://sendmoneycompare.com/send-money/send-money-to-rwanda","Cheapest Way to Send Money to Rwanda — Compare RWF Rates (2026)","https://sendmoneycompare.com/send-money/send-money-to-rwanda","false","813985","1","true"
"https://sendmoneycompare.com/send-money/send-money-to-senegal","Cheapest Way to Send Money to Senegal — Compare XOF Rates (2026)","https://sendmoneycompare.com/send-money/send-money-to-senegal","false","851081","1","true"
"https://sendmoneycompare.com/send-money/send-money-to-serbia","Cheapest Way to Send Money to Serbia — Compare RSD Rates (2026)","https://sendmoneycompare.com/send-money/send-money-to-serbia","false","167014","1","true"
"https://sendmoneycompare.com/send-money/send-money-to-singapore","Cheapest Way to Send Money to Singapore — Compare SGD Rates (2026)","https://sendmoneycompare.com/send-money/send-money-to-singapore","false","416252","1","true"
"https://sendmoneycompare.com/send-money/send-money-to-south-africa","Cheapest Way to Send Money to South Africa (2026) — ZAR Rates Compared","https://sendmoneycompare.com/send-money/send-money-to-south-africa","false","948069","1","true"
"https://sendmoneycompare.com/send-money/send-money-to-south-korea","Cheapest Way to Send Money to South Korea — Compare KRW Rates (2026)","https://sendmoneycompare.com/send-money/send-money-to-south-korea","false","603899","1","true"
"https://sendmoneycompare.com/send-money/send-money-to-spain","Cheapest Way to Send Money to Spain — Compare EUR Rates (2026)","https://sendmoneycompare.com/send-money/send-money-to-spain","false","1170220","1","true"
"https://sendmoneycompare.com/send-money/send-money-to-sri-lanka","Cheapest Way to Send Money to Sri Lanka — Compare LKR Rates (2026)","https://sendmoneycompare.com/send-money/send-money-to-sri-lanka","false","967942","1","true"
"https://sendmoneycompare.com/send-money/send-money-to-taiwan","Cheapest Way to Send Money to Taiwan — Compare TWD Rates (2026)","https://sendmoneycompare.com/send-money/send-money-to-taiwan","false","609748","1","true"
"https://sendmoneycompare.com/send-money/send-money-to-tanzania","Cheapest Way to Send Money to Tanzania — Compare TZS Rates (2026)","https://sendmoneycompare.com/send-money/send-money-to-tanzania","false","886406","1","true"
"https://sendmoneycompare.com/send-money/send-money-to-thailand","Cheapest Way to Send Money to Thailand — Compare THB Rates (2026)","https://sendmoneycompare.com/send-money/send-money-to-thailand","false","988904","1","true"
"https://sendmoneycompare.com/send-money/send-money-to-turkey","Cheapest Way to Send Money to Turkey — Compare TRY Rates (2026)","https://sendmoneycompare.com/send-money/send-money-to-turkey","false","885959","1","true"
"https://sendmoneycompare.com/send-money/send-money-to-uae","Cheapest Way to Send Money to UAE — Compare AED Rates (2026)","https://sendmoneycompare.com/send-money/send-money-to-uae","true","643414","1","true"
"https://sendmoneycompare.com/send-money/send-money-to-uganda","Cheapest Way to Send Money to Uganda — Compare UGX Rates (2026)","https://sendmoneycompare.com/send-money/send-money-to-uganda","false","916176","1","true"
"https://sendmoneycompare.com/send-money/send-money-to-uk","Cheapest Way to Send Money to United Kingdom (2026)","https://sendmoneycompare.com/send-money/send-money-to-uk","false","1115987","1","true"
"https://sendmoneycompare.com/send-money/send-money-to-ukraine","Cheapest Way to Send Money to Ukraine — Compare UAH Rates (2026)","https://sendmoneycompare.com/send-money/send-money-to-ukraine","false","756624","1","true"
"https://sendmoneycompare.com/send-money/send-money-to-uruguay","Cheapest Way to Send Money to Uruguay — Compare UYU Rates (2026)","https://sendmoneycompare.com/send-money/send-money-to-uruguay","true","326043","1","true"
"https://sendmoneycompare.com/send-money/send-money-to-uzbekistan","Cheapest Way to Send Money to Uzbekistan — Compare UZS Rates (2026)","https://sendmoneycompare.com/send-money/send-money-to-uzbekistan","false","418140","1","true"
"https://sendmoneycompare.com/send-money/send-money-to-vietnam","Cheapest Way to Send Money to Vietnam (2026) — VND Rates Compared","https://sendmoneycompare.com/send-money/send-money-to-vietnam","false","943386","1","true"
"https://sendmoneycompare.com/send-money/send-money-to-zambia","Cheapest Way to Send Money to Zambia — Compare ZMW Rates (2026)","https://sendmoneycompare.com/send-money/send-money-to-zambia","true","676546","1","true"
"https://sendmoneycompare.com/send-money/send-money-to-zimbabwe","Cheapest Way to Send Money to Zimbabwe — Compare ZAR Rates (2026)","https://sendmoneycompare.com/send-money/send-money-to-zimbabwe","false","906564","1","true"
"https://sendmoneycompare.com/send-money/sgd-to-ars","Cheapest SGD to ARS Rates — Compare 15+ Providers (2026)","https://sendmoneycompare.com/send-money/sgd-to-ars","true","289291","1","true"
"https://sendmoneycompare.com/send-money/sgd-to-brl","Cheapest SGD to BRL Rates — Compare 15+ Providers (2026)","https://sendmoneycompare.com/send-money/sgd-to-brl","false","330520","1","true"
"https://sendmoneycompare.com/send-money/sgd-to-clp","Cheapest SGD to CLP Rates — Compare 15+ Providers (2026)","https://sendmoneycompare.com/send-money/sgd-to-clp","true","271312","1","true"
"https://sendmoneycompare.com/send-money/sgd-to-cop","Cheapest SGD to COP Rates — Compare 15+ Providers (2026)","https://sendmoneycompare.com/send-money/sgd-to-cop","true","273400","1","true"
"https://sendmoneycompare.com/send-money/sgd-to-ghs","Cheapest SGD to GHS Rates — Compare 15+ Providers (2026)","https://sendmoneycompare.com/send-money/sgd-to-ghs","true","305558","1","true"
"https://sendmoneycompare.com/send-money/sgd-to-hkd","Cheapest SGD to HKD Rates — Compare 15+ Providers (2026)","https://sendmoneycompare.com/send-money/sgd-to-hkd","false","346707","1","true"
"https://sendmoneycompare.com/send-money/sgd-to-jpy","Cheapest SGD to JPY Rates — Compare 15+ Providers (2026)","https://sendmoneycompare.com/send-money/sgd-to-jpy","false","337262","1","true"
"https://sendmoneycompare.com/send-money/sgd-to-kes","Cheapest SGD to KES Rates — Compare 15+ Providers (2026)","https://sendmoneycompare.com/send-money/sgd-to-kes","true","309432","1","true"
"https://sendmoneycompare.com/send-money/sgd-to-krw","Cheapest SGD to KRW Rates — Compare 15+ Providers (2026)","https://sendmoneycompare.com/send-money/sgd-to-krw","false","308290","1","true"
"https://sendmoneycompare.com/send-money/sgd-to-mxn","Cheapest SGD to MXN Rates — Compare 15+ Providers (2026)","https://sendmoneycompare.com/send-money/sgd-to-mxn","true","305815","1","true"
"https://sendmoneycompare.com/send-money/sgd-to-myr","Cheapest SGD to MYR Rates — Compare 15+ Providers (2026)","https://sendmoneycompare.com/send-money/sgd-to-myr","false","801221","1","true"
"https://sendmoneycompare.com/send-money/sgd-to-ngn","Cheapest SGD to NGN Rates — Compare 15+ Providers (2026)","https://sendmoneycompare.com/send-money/sgd-to-ngn","true","289760","1","true"
"https://sendmoneycompare.com/send-money/sgd-to-pen","Cheapest SGD to PEN Rates — Compare 15+ Providers (2026)","https://sendmoneycompare.com/send-money/sgd-to-pen","false","306918","1","true"
"https://sendmoneycompare.com/send-money/sgd-to-pln","Cheapest SGD to PLN Rates — Compare 15+ Providers (2026)","https://sendmoneycompare.com/send-money/sgd-to-pln","false","324437","1","true"
"https://sendmoneycompare.com/send-money/sgd-to-thb","Cheapest SGD to THB Rates — Compare 15+ Providers (2026)","https://sendmoneycompare.com/send-money/sgd-to-thb","false","328759","1","true"
"https://sendmoneycompare.com/send-money/sgd-to-try","Cheapest SGD to TRY Rates — Compare 15+ Providers (2026)","https://sendmoneycompare.com/send-money/sgd-to-try","false","324680","1","true"
"https://sendmoneycompare.com/send-money/sgd-to-twd","Cheapest SGD to TWD Rates — Compare 15+ Providers (2026)","https://sendmoneycompare.com/send-money/sgd-to-twd","true","254891","1","true"
"https://sendmoneycompare.com/send-money/sgd-to-uah","Cheapest SGD to UAH Rates — Compare 15+ Providers (2026)","https://sendmoneycompare.com/send-money/sgd-to-uah","true","254370","1","true"
"https://sendmoneycompare.com/send-money/sgd-to-vnd","Cheapest SGD to VND Rates — Compare 15+ Providers (2026)","https://sendmoneycompare.com/send-money/sgd-to-vnd","false","324671","1","true"
"https://sendmoneycompare.com/send-money/sgd-to-zar","Cheapest SGD to ZAR Rates — Compare 15+ Providers (2026)","https://sendmoneycompare.com/send-money/sgd-to-zar","false","322430","1","true"
"https://sendmoneycompare.com/send-money/singapore-to-argentina","Cheapest Way to Send Money Singapore to Argentina — SGD→ARS (2026)","https://sendmoneycompare.com/send-money/singapore-to-argentina","true","341736","1","true"
"https://sendmoneycompare.com/send-money/singapore-to-brazil","Cheapest Way to Send Money Singapore to Brazil — SGD→BRL (2026)","https://sendmoneycompare.com/send-money/singapore-to-brazil","false","399726","1","true"
"https://sendmoneycompare.com/send-money/singapore-to-chile","Cheapest Way to Send Money Singapore to Chile — SGD→CLP (2026)","https://sendmoneycompare.com/send-money/singapore-to-chile","true","322994","1","true"
"https://sendmoneycompare.com/send-money/singapore-to-colombia","Cheapest Way to Send Money Singapore to Colombia — SGD→COP (2026)","https://sendmoneycompare.com/send-money/singapore-to-colombia","true","344856","1","true"
"https://sendmoneycompare.com/send-money/singapore-to-ghana","Cheapest Way to Send Money Singapore to Ghana — SGD→GHS (2026)","https://sendmoneycompare.com/send-money/singapore-to-ghana","true","374518","1","true"
"https://sendmoneycompare.com/send-money/singapore-to-hong-kong","Cheapest Way to Send Money Singapore to Hong Kong — SGD→HKD (2026)","https://sendmoneycompare.com/send-money/singapore-to-hong-kong","false","399024","1","true"
"https://sendmoneycompare.com/send-money/singapore-to-india","Cheapest Way to Send Money Singapore to India — SGD→INR Rates (2026)","https://sendmoneycompare.com/send-money/singapore-to-india","false","1052614","1","true"
"https://sendmoneycompare.com/send-money/singapore-to-japan","Cheapest Way to Send Money Singapore to Japan — SGD→JPY (2026)","https://sendmoneycompare.com/send-money/singapore-to-japan","false","405901","1","true"
"https://sendmoneycompare.com/send-money/singapore-to-kenya","Cheapest Way to Send Money Singapore to Kenya — SGD→KES (2026)","https://sendmoneycompare.com/send-money/singapore-to-kenya","true","379689","1","true"
"https://sendmoneycompare.com/send-money/singapore-to-malaysia","Cheapest Way to Send Money Singapore to Malaysia — SGD→MYR (2026)","https://sendmoneycompare.com/send-money/singapore-to-malaysia","false","873488","1","true"
"https://sendmoneycompare.com/send-money/singapore-to-mexico","Cheapest Way to Send Money Singapore to Mexico — SGD→MXN (2026)","https://sendmoneycompare.com/send-money/singapore-to-mexico","true","382695","1","true"
"https://sendmoneycompare.com/send-money/singapore-to-nigeria","Cheapest Way to Send Money Singapore to Nigeria — SGD→NGN (2026)","https://sendmoneycompare.com/send-money/singapore-to-nigeria","true","357978","1","true"
"https://sendmoneycompare.com/send-money/singapore-to-peru","Cheapest Way to Send Money Singapore to Peru — SGD→PEN (2026)","https://sendmoneycompare.com/send-money/singapore-to-peru","false","377029","1","true"
"https://sendmoneycompare.com/send-money/singapore-to-philippines","Cheapest Way to Send Money Singapore to Philippines — SGD→PHP (2026)","https://sendmoneycompare.com/send-money/singapore-to-philippines","false","1059715","1","true"
"https://sendmoneycompare.com/send-money/singapore-to-poland","Cheapest Way to Send Money Singapore to Poland — SGD→PLN (2026)","https://sendmoneycompare.com/send-money/singapore-to-poland","false","393436","1","true"
"https://sendmoneycompare.com/send-money/singapore-to-south-africa","Cheapest Way to Send Money Singapore to South Africa — SGD→ZAR (2026)","https://sendmoneycompare.com/send-money/singapore-to-south-africa","false","396212","1","true"
"https://sendmoneycompare.com/send-money/singapore-to-south-korea","Cheapest Way to Send Money Singapore to South Korea — SGD→KRW (2026)","https://sendmoneycompare.com/send-money/singapore-to-south-korea","false","360900","1","true"
"https://sendmoneycompare.com/send-money/singapore-to-taiwan","Cheapest Way to Send Money Singapore to Taiwan — SGD→TWD (2026)","https://sendmoneycompare.com/send-money/singapore-to-taiwan","true","322688","1","true"
"https://sendmoneycompare.com/send-money/singapore-to-thailand","Cheapest Way to Send Money Singapore to Thailand — SGD→THB (2026)","https://sendmoneycompare.com/send-money/singapore-to-thailand","false","399672","1","true"
"https://sendmoneycompare.com/send-money/singapore-to-turkey","Cheapest Way to Send Money Singapore to Turkey — SGD→TRY (2026)","https://sendmoneycompare.com/send-money/singapore-to-turkey","false","387386","1","true"
"https://sendmoneycompare.com/send-money/singapore-to-ukraine","Cheapest Way to Send Money Singapore to Ukraine — SGD→UAH (2026)","https://sendmoneycompare.com/send-money/singapore-to-ukraine","true","306545","1","true"
"https://sendmoneycompare.com/send-money/singapore-to-vietnam","Cheapest Way to Send Money Singapore to Vietnam — SGD→VND (2026)","https://sendmoneycompare.com/send-money/singapore-to-vietnam","false","390285","1","true"
"https://sendmoneycompare.com/send-money/singapore-to-zimbabwe","Cheapest Way to Send Money Singapore to Zimbabwe — SGD→ZAR (2026)","https://sendmoneycompare.com/send-money/singapore-to-zimbabwe","false","373614","1","true"
"https://sendmoneycompare.com/send-money/south-africa-to-nigeria","Cheapest Way to Send Money South Africa to Nigeria — ZAR→NGN (2026)","https://sendmoneycompare.com/send-money/south-africa-to-nigeria","false","554375","1","true"
"https://sendmoneycompare.com/send-money/south-korea-to-south-africa","Cheapest Way to Send Money South Korea to South Africa (2026)","https://sendmoneycompare.com/send-money/south-korea-to-south-africa","false","230951","1","true"
"https://sendmoneycompare.com/send-money/spain-to-cameroon","Cheapest Way to Send Money Spain to Cameroon — EUR→XAF (2026)","https://sendmoneycompare.com/send-money/spain-to-cameroon","true","571471","1","true"
"https://sendmoneycompare.com/send-money/spain-to-china","Cheapest Way to Send Money Spain to China — EUR→CNY (2026)","https://sendmoneycompare.com/send-money/spain-to-china","true","565076","1","true"
"https://sendmoneycompare.com/send-money/spain-to-ethiopia","Cheapest Way to Send Money Spain to Ethiopia — EUR→ETB (2026)","https://sendmoneycompare.com/send-money/spain-to-ethiopia","true","555048","1","true"
"https://sendmoneycompare.com/send-money/spain-to-rwanda","Cheapest Way to Send Money Spain to Rwanda — EUR→RWF (2026)","https://sendmoneycompare.com/send-money/spain-to-rwanda","true","563054","1","true"
"https://sendmoneycompare.com/send-money/spain-to-senegal","Cheapest Way to Send Money Spain to Senegal — EUR→XOF (2026)","https://sendmoneycompare.com/send-money/spain-to-senegal","true","569805","1","true"
"https://sendmoneycompare.com/send-money/spain-to-sri-lanka","Cheapest Way to Send Money Spain to Sri Lanka — EUR→LKR (2026)","https://sendmoneycompare.com/send-money/spain-to-sri-lanka","true","610582","1","true"
"https://sendmoneycompare.com/send-money/spain-to-taiwan","Cheapest Way to Send Money Spain to Taiwan — EUR→TWD (2026)","https://sendmoneycompare.com/send-money/spain-to-taiwan","true","322331","1","true"
"https://sendmoneycompare.com/send-money/spain-to-tanzania","Cheapest Way to Send Money Spain to Tanzania — EUR→TZS (2026)","https://sendmoneycompare.com/send-money/spain-to-tanzania","true","558069","1","true"
"https://sendmoneycompare.com/send-money/spain-to-uganda","Cheapest Way to Send Money Spain to Uganda — EUR→UGX (2026)","https://sendmoneycompare.com/send-money/spain-to-uganda","true","576335","1","true"
"https://sendmoneycompare.com/send-money/sweden-to-vietnam","Cheapest Way to Send Money Sweden to Vietnam — SEK→VND (2026)","https://sendmoneycompare.com/send-money/sweden-to-vietnam","false","480094","1","true"
"https://sendmoneycompare.com/send-money/switzerland-to-argentina","Cheapest Way to Send Money Switzerland to Argentina — CHF→ARS (2026)","https://sendmoneycompare.com/send-money/switzerland-to-argentina","true","306333","1","true"
"https://sendmoneycompare.com/send-money/switzerland-to-brazil","Cheapest Way to Send Money Switzerland to Brazil — CHF→BRL (2026)","https://sendmoneycompare.com/send-money/switzerland-to-brazil","true","375904","1","true"
"https://sendmoneycompare.com/send-money/switzerland-to-chile","Cheapest Way to Send Money Switzerland to Chile — CHF→CLP (2026)","https://sendmoneycompare.com/send-money/switzerland-to-chile","true","306048","1","true"
"https://sendmoneycompare.com/send-money/switzerland-to-colombia","Cheapest Way to Send Money Switzerland to Colombia — CHF→COP (2026)","https://sendmoneycompare.com/send-money/switzerland-to-colombia","true","343789","1","true"
"https://sendmoneycompare.com/send-money/switzerland-to-croatia","Cheapest Way to Send Money Switzerland to Croatia — CHF→EUR (2026)","https://sendmoneycompare.com/send-money/switzerland-to-croatia","false","852007","1","true"
"https://sendmoneycompare.com/send-money/switzerland-to-egypt","Cheapest Way to Send Money Switzerland to Egypt — CHF→EGP (2026)","https://sendmoneycompare.com/send-money/switzerland-to-egypt","false","280890","1","true"
"https://sendmoneycompare.com/send-money/switzerland-to-europe","Cheapest Way to Send Money Switzerland to Europe — CHF→EUR (2026)","https://sendmoneycompare.com/send-money/switzerland-to-europe","false","851590","1","true"
"https://sendmoneycompare.com/send-money/switzerland-to-france","Cheapest Way to Send Money Switzerland to France — CHF→EUR (2026)","https://sendmoneycompare.com/send-money/switzerland-to-france","false","852283","1","true"
"https://sendmoneycompare.com/send-money/switzerland-to-germany","Cheapest Way to Send Money Switzerland to Germany — CHF→EUR (2026)","https://sendmoneycompare.com/send-money/switzerland-to-germany","false","852491","1","true"
"https://sendmoneycompare.com/send-money/switzerland-to-ghana","Cheapest Way to Send Money Switzerland to Ghana — CHF→GHS (2026)","https://sendmoneycompare.com/send-money/switzerland-to-ghana","true","358521","1","true"
"https://sendmoneycompare.com/send-money/switzerland-to-hong-kong","Cheapest Way to Send Money Switzerland to Hong Kong — CHF→HKD (2026)","https://sendmoneycompare.com/send-money/switzerland-to-hong-kong","false","375891","1","true"
"https://sendmoneycompare.com/send-money/switzerland-to-indonesia","Cheapest Way to Send Money Switzerland to Indonesia — CHF→IDR (2026)","https://sendmoneycompare.com/send-money/switzerland-to-indonesia","true","355013","1","true"
"https://sendmoneycompare.com/send-money/switzerland-to-japan","Cheapest Way to Send Money Switzerland to Japan — CHF→JPY (2026)","https://sendmoneycompare.com/send-money/switzerland-to-japan","false","390040","1","true"
"https://sendmoneycompare.com/send-money/switzerland-to-kenya","Cheapest Way to Send Money Switzerland to Kenya — CHF→KES (2026)","https://sendmoneycompare.com/send-money/switzerland-to-kenya","true","341151","1","true"
"https://sendmoneycompare.com/send-money/switzerland-to-malaysia","Cheapest Way to Send Money Switzerland to Malaysia — CHF→MYR (2026)","https://sendmoneycompare.com/send-money/switzerland-to-malaysia","true","361510","1","true"
"https://sendmoneycompare.com/send-money/switzerland-to-mexico","Cheapest Way to Send Money Switzerland to Mexico — CHF→MXN (2026)","https://sendmoneycompare.com/send-money/switzerland-to-mexico","true","383425","1","true"
"https://sendmoneycompare.com/send-money/switzerland-to-nigeria","Cheapest Way to Send Money Switzerland to Nigeria — CHF→NGN (2026)","https://sendmoneycompare.com/send-money/switzerland-to-nigeria","true","339850","1","true"
"https://sendmoneycompare.com/send-money/switzerland-to-peru","Cheapest Way to Send Money Switzerland to Peru — CHF→PEN (2026)","https://sendmoneycompare.com/send-money/switzerland-to-peru","true","323888","1","true"
"https://sendmoneycompare.com/send-money/switzerland-to-poland","Cheapest Way to Send Money Switzerland to Poland — CHF→PLN (2026)","https://sendmoneycompare.com/send-money/switzerland-to-poland","true","358987","1","true"
"https://sendmoneycompare.com/send-money/switzerland-to-singapore","Cheapest Way to Send Money Switzerland to Singapore — CHF→SGD (2026)","https://sendmoneycompare.com/send-money/switzerland-to-singapore","false","373590","1","true"
"https://sendmoneycompare.com/send-money/switzerland-to-south-africa","Cheapest Way to Send Money Switzerland to South Africa (2026)","https://sendmoneycompare.com/send-money/switzerland-to-south-africa","false","394504","1","true"
"https://sendmoneycompare.com/send-money/switzerland-to-south-korea","Cheapest Way to Send Money Switzerland to South Korea — CHF→KRW (2026)","https://sendmoneycompare.com/send-money/switzerland-to-south-korea","true","307653","1","true"
"https://sendmoneycompare.com/send-money/switzerland-to-spain","Cheapest Way to Send Money Switzerland to Spain — CHF→EUR (2026)","https://sendmoneycompare.com/send-money/switzerland-to-spain","false","852130","1","true"
"https://sendmoneycompare.com/send-money/switzerland-to-thailand","Cheapest Way to Send Money Switzerland to Thailand — CHF→THB (2026)","https://sendmoneycompare.com/send-money/switzerland-to-thailand","false","399939","1","true"
"https://sendmoneycompare.com/send-money/switzerland-to-turkey","Cheapest Way to Send Money Switzerland to Turkey — CHF→TRY (2026)","https://sendmoneycompare.com/send-money/switzerland-to-turkey","true","349566","1","true"
"https://sendmoneycompare.com/send-money/switzerland-to-ukraine","Cheapest Way to Send Money Switzerland to Ukraine — CHF→UAH (2026)","https://sendmoneycompare.com/send-money/switzerland-to-ukraine","true","306494","1","true"
"https://sendmoneycompare.com/send-money/switzerland-to-vietnam","Cheapest Way to Send Money Switzerland to Vietnam — CHF→VND (2026)","https://sendmoneycompare.com/send-money/switzerland-to-vietnam","true","338012","1","true"
"https://sendmoneycompare.com/send-money/switzerland-to-zimbabwe","Cheapest Way to Send Money Switzerland to Zimbabwe — CHF→ZAR (2026)","https://sendmoneycompare.com/send-money/switzerland-to-zimbabwe","false","371968","1","true"
"https://sendmoneycompare.com/send-money/uae-to-argentina","Cheapest Way to Send Money UAE to Argentina — AED→ARS (2026)","https://sendmoneycompare.com/send-money/uae-to-argentina","true","499279","1","true"
"https://sendmoneycompare.com/send-money/uae-to-bangladesh","Cheapest Way to Send Money UAE to Bangladesh — AED→BDT Rates (2026)","https://sendmoneycompare.com/send-money/uae-to-bangladesh","false","879600","1","true"
"https://sendmoneycompare.com/send-money/uae-to-brazil","Cheapest Way to Send Money UAE to Brazil — AED→BRL (2026)","https://sendmoneycompare.com/send-money/uae-to-brazil","true","549059","1","true"
"https://sendmoneycompare.com/send-money/uae-to-chile","Cheapest Way to Send Money UAE to Chile — AED→CLP (2026)","https://sendmoneycompare.com/send-money/uae-to-chile","true","383726","1","true"
"https://sendmoneycompare.com/send-money/uae-to-colombia","Cheapest Way to Send Money UAE to Colombia — AED→COP (2026)","https://sendmoneycompare.com/send-money/uae-to-colombia","true","545705","1","true"
"https://sendmoneycompare.com/send-money/uae-to-croatia","Cheapest Way to Send Money UAE to Croatia — AED→EUR (2026)","https://sendmoneycompare.com/send-money/uae-to-croatia","true","533278","1","true"
"https://sendmoneycompare.com/send-money/uae-to-europe","Cheapest Way to Send Money UAE to Europe — AED→EUR (2026)","https://sendmoneycompare.com/send-money/uae-to-europe","true","532776","1","true"
"https://sendmoneycompare.com/send-money/uae-to-france","Cheapest Way to Send Money UAE to France — AED→EUR (2026)","https://sendmoneycompare.com/send-money/uae-to-france","true","533514","1","true"
"https://sendmoneycompare.com/send-money/uae-to-germany","Cheapest Way to Send Money UAE to Germany — AED→EUR (2026)","https://sendmoneycompare.com/send-money/uae-to-germany","true","533854","1","true"
"https://sendmoneycompare.com/send-money/uae-to-ghana","Cheapest Way to Send Money UAE to Ghana — AED→GHS (2026)","https://sendmoneycompare.com/send-money/uae-to-ghana","true","552220","1","true"
"https://sendmoneycompare.com/send-money/uae-to-hong-kong","Cheapest Way to Send Money UAE to Hong Kong — AED→HKD (2026)","https://sendmoneycompare.com/send-money/uae-to-hong-kong","true","320849","1","true"
"https://sendmoneycompare.com/send-money/uae-to-india","Cheapest Way to Send Money UAE to India — AED→INR Rates (2026)","https://sendmoneycompare.com/send-money/uae-to-india","false","896798","1","true"
"https://sendmoneycompare.com/send-money/uae-to-indonesia","Cheapest Way to Send Money UAE to Indonesia — AED→IDR (2026)","https://sendmoneycompare.com/send-money/uae-to-indonesia","true","656738","1","true"
"https://sendmoneycompare.com/send-money/uae-to-japan","Cheapest Way to Send Money UAE to Japan — AED→JPY (2026)","https://sendmoneycompare.com/send-money/uae-to-japan","true","336884","1","true"
"https://sendmoneycompare.com/send-money/uae-to-kenya","Cheapest Way to Send Money UAE to Kenya — AED→KES (2026)","https://sendmoneycompare.com/send-money/uae-to-kenya","true","673009","1","true"
"https://sendmoneycompare.com/send-money/uae-to-malaysia","Cheapest Way to Send Money UAE to Malaysia — AED→MYR (2026)","https://sendmoneycompare.com/send-money/uae-to-malaysia","true","547908","1","true"
"https://sendmoneycompare.com/send-money/uae-to-mexico","Cheapest Way to Send Money UAE to Mexico — AED→MXN (2026)","https://sendmoneycompare.com/send-money/uae-to-mexico","true","564365","1","true"
"https://sendmoneycompare.com/send-money/uae-to-nigeria","Cheapest Way to Send Money UAE to Nigeria — AED→NGN (2026)","https://sendmoneycompare.com/send-money/uae-to-nigeria","true","797030","1","true"
"https://sendmoneycompare.com/send-money/uae-to-pakistan","Cheapest Way to Send Money UAE to Pakistan — AED→PKR Rates (2026)","https://sendmoneycompare.com/send-money/uae-to-pakistan","false","886599","1","true"
"https://sendmoneycompare.com/send-money/uae-to-peru","Cheapest Way to Send Money UAE to Peru — AED→PEN (2026)","https://sendmoneycompare.com/send-money/uae-to-peru","true","526734","1","true"
"https://sendmoneycompare.com/send-money/uae-to-philippines","Cheapest Way to Send Money UAE to Philippines — AED→PHP Rates (2026)","https://sendmoneycompare.com/send-money/uae-to-philippines","false","921833","1","true"
"https://sendmoneycompare.com/send-money/uae-to-poland","Cheapest Way to Send Money UAE to Poland — AED→PLN (2026)","https://sendmoneycompare.com/send-money/uae-to-poland","true","343592","1","true"
"https://sendmoneycompare.com/send-money/uae-to-singapore","Cheapest Way to Send Money UAE to Singapore — AED→SGD (2026)","https://sendmoneycompare.com/send-money/uae-to-singapore","true","320870","1","true"
"https://sendmoneycompare.com/send-money/uae-to-south-africa","Cheapest Way to Send Money UAE to South Africa — AED→ZAR (2026)","https://sendmoneycompare.com/send-money/uae-to-south-africa","true","558735","1","true"
"https://sendmoneycompare.com/send-money/uae-to-south-korea","Cheapest Way to Send Money UAE to South Korea — AED→KRW (2026)","https://sendmoneycompare.com/send-money/uae-to-south-korea","true","500266","1","true"
"https://sendmoneycompare.com/send-money/uae-to-spain","Cheapest Way to Send Money UAE to Spain — AED→EUR (2026)","https://sendmoneycompare.com/send-money/uae-to-spain","true","533312","1","true"
"https://sendmoneycompare.com/send-money/uae-to-sri-lanka","Cheapest Way to Send Money UAE to Sri Lanka — AED→LKR (2026)","https://sendmoneycompare.com/send-money/uae-to-sri-lanka","false","817661","1","true"
"https://sendmoneycompare.com/send-money/uae-to-taiwan","Cheapest Way to Send Money UAE to Taiwan — AED→TWD (2026)","https://sendmoneycompare.com/send-money/uae-to-taiwan","true","322307","1","true"
"https://sendmoneycompare.com/send-money/uae-to-thailand","Cheapest Way to Send Money UAE to Thailand — AED→THB (2026)","https://sendmoneycompare.com/send-money/uae-to-thailand","true","523604","1","true"
"https://sendmoneycompare.com/send-money/uae-to-turkey","Cheapest Way to Send Money UAE to Turkey — AED→TRY (2026)","https://sendmoneycompare.com/send-money/uae-to-turkey","true","548102","1","true"
"https://sendmoneycompare.com/send-money/uae-to-ukraine","Cheapest Way to Send Money UAE to Ukraine — AED→UAH (2026)","https://sendmoneycompare.com/send-money/uae-to-ukraine","true","518673","1","true"
"https://sendmoneycompare.com/send-money/uae-to-vietnam","Cheapest Way to Send Money UAE to Vietnam — AED→VND (2026)","https://sendmoneycompare.com/send-money/uae-to-vietnam","true","528155","1","true"
"https://sendmoneycompare.com/send-money/uae-to-zimbabwe","Cheapest Way to Send Money UAE to Zimbabwe — AED→ZAR (2026)","https://sendmoneycompare.com/send-money/uae-to-zimbabwe","true","535990","1","true"
"https://sendmoneycompare.com/send-money/uk-to-argentina","Cheapest Way to Send Money United Kingdom to Argentina (2026)","https://sendmoneycompare.com/send-money/uk-to-argentina","false","549814","1","true"
"https://sendmoneycompare.com/send-money/uk-to-australia","Cheapest Way to Send Money United Kingdom to Australia (2026)","https://sendmoneycompare.com/send-money/uk-to-australia","false","1083508","1","true"
"https://sendmoneycompare.com/send-money/uk-to-bangladesh","Cheapest Way to Send Money UK to Bangladesh — GBP→BDT Rates (2026)","https://sendmoneycompare.com/send-money/uk-to-bangladesh","false","932245","1","true"
"https://sendmoneycompare.com/send-money/uk-to-brazil","Cheapest Way to Send Money United Kingdom to Brazil — GBP→BRL (2026)","https://sendmoneycompare.com/send-money/uk-to-brazil","false","813486","1","true"
"https://sendmoneycompare.com/send-money/uk-to-cameroon","Cheapest Way to Send Money United Kingdom to Cameroon — GBP→XAF (2026)","https://sendmoneycompare.com/send-money/uk-to-cameroon","true","572483","1","true"
"https://sendmoneycompare.com/send-money/uk-to-canada","Cheapest Way to Send Money United Kingdom to Canada — GBP→CAD (2026)","https://sendmoneycompare.com/send-money/uk-to-canada","false","1078465","1","true"
"https://sendmoneycompare.com/send-money/uk-to-chile","Cheapest Way to Send Money United Kingdom to Chile — GBP→CLP (2026)","https://sendmoneycompare.com/send-money/uk-to-chile","false","422375","1","true"
"https://sendmoneycompare.com/send-money/uk-to-china","Cheapest Way to Send Money United Kingdom to China — GBP→CNY (2026)","https://sendmoneycompare.com/send-money/uk-to-china","false","737481","1","true"
"https://sendmoneycompare.com/send-money/uk-to-colombia","Cheapest Way to Send Money United Kingdom to Colombia — GBP→COP (2026)","https://sendmoneycompare.com/send-money/uk-to-colombia","false","700999","1","true"
"https://sendmoneycompare.com/send-money/uk-to-croatia","Cheapest Way to Send Money United Kingdom to Croatia — GBP→EUR (2026)","https://sendmoneycompare.com/send-money/uk-to-croatia","false","1404934","1","true"
"https://sendmoneycompare.com/send-money/uk-to-ecuador","Cheapest Way to Send Money United Kingdom to Ecuador — GBP→USD (2026)","https://sendmoneycompare.com/send-money/uk-to-ecuador","false","1116457","1","true"
"https://sendmoneycompare.com/send-money/uk-to-egypt","Cheapest Way to Send Money United Kingdom to Egypt — GBP→EGP (2026)","https://sendmoneycompare.com/send-money/uk-to-egypt","false","680695","1","true"
"https://sendmoneycompare.com/send-money/uk-to-el-salvador","Cheapest Way to Send Money United Kingdom to El Salvador (2026)","https://sendmoneycompare.com/send-money/uk-to-el-salvador","false","1117066","1","true"
"https://sendmoneycompare.com/send-money/uk-to-ethiopia","Cheapest Way to Send Money United Kingdom to Ethiopia — GBP→ETB (2026)","https://sendmoneycompare.com/send-money/uk-to-ethiopia","true","673001","1","true"
"https://sendmoneycompare.com/send-money/uk-to-france","Cheapest Way to Send Money United Kingdom to France — GBP→EUR (2026)","https://sendmoneycompare.com/send-money/uk-to-france","false","1405222","1","true"
"https://sendmoneycompare.com/send-money/uk-to-germany","Cheapest Way to Send Money United Kingdom to Germany — GBP→EUR (2026)","https://sendmoneycompare.com/send-money/uk-to-germany","false","1405441","1","true"
"https://sendmoneycompare.com/send-money/uk-to-guatemala","Cheapest Way to Send Money United Kingdom to Guatemala (2026)","https://sendmoneycompare.com/send-money/uk-to-guatemala","false","486254","1","true"
"https://sendmoneycompare.com/send-money/uk-to-hong-kong","Cheapest Way to Send Money United Kingdom to Hong Kong (2026)","https://sendmoneycompare.com/send-money/uk-to-hong-kong","false","430392","1","true"
"https://sendmoneycompare.com/send-money/uk-to-india","Cheapest Way to Send Money UK to India — GBP→INR Rates (2026)","https://sendmoneycompare.com/send-money/uk-to-india","false","1417572","1","true"
"https://sendmoneycompare.com/send-money/uk-to-indonesia","Cheapest Way to Send Money United Kingdom to Indonesia (2026)","https://sendmoneycompare.com/send-money/uk-to-indonesia","false","721647","1","true"
"https://sendmoneycompare.com/send-money/uk-to-japan","Cheapest Way to Send Money United Kingdom to Japan — GBP→JPY (2026)","https://sendmoneycompare.com/send-money/uk-to-japan","false","446427","1","true"
"https://sendmoneycompare.com/send-money/uk-to-kenya","Cheapest Way to Send Money United Kingdom to Kenya — GBP→KES (2026)","https://sendmoneycompare.com/send-money/uk-to-kenya","false","1003045","1","true"
"https://sendmoneycompare.com/send-money/uk-to-malaysia","Cheapest Way to Send Money United Kingdom to Malaysia — GBP→MYR (2026)","https://sendmoneycompare.com/send-money/uk-to-malaysia","false","617686","1","true"
"https://sendmoneycompare.com/send-money/uk-to-mexico","Cheapest Way to Send Money United Kingdom to Mexico — GBP→MXN (2026)","https://sendmoneycompare.com/send-money/uk-to-mexico","false","812623","1","true"
"https://sendmoneycompare.com/send-money/uk-to-morocco","Cheapest Way to Send Money United Kingdom to Morocco — GBP→MAD (2026)","https://sendmoneycompare.com/send-money/uk-to-morocco","false","778952","1","true"
"https://sendmoneycompare.com/send-money/uk-to-new-zealand","Cheapest Way to Send Money United Kingdom to New Zealand (2026)","https://sendmoneycompare.com/send-money/uk-to-new-zealand","false","993066","1","true"
"https://sendmoneycompare.com/send-money/uk-to-nigeria","Cheapest Way to Send Money UK to Nigeria — GBP→NGN Rates (2026)","https://sendmoneycompare.com/send-money/uk-to-nigeria","false","1073035","1","true"
"https://sendmoneycompare.com/send-money/uk-to-pakistan","Cheapest Way to Send Money UK to Pakistan — GBP→PKR Rates (2026)","https://sendmoneycompare.com/send-money/uk-to-pakistan","false","1207564","1","true"
"https://sendmoneycompare.com/send-money/uk-to-panama","Cheapest Way to Send Money United Kingdom to Panama — GBP→USD (2026)","https://sendmoneycompare.com/send-money/uk-to-panama","false","1116197","1","true"
"https://sendmoneycompare.com/send-money/uk-to-peru","Cheapest Way to Send Money United Kingdom to Peru — GBP→PEN (2026)","https://sendmoneycompare.com/send-money/uk-to-peru","false","590701","1","true"
"https://sendmoneycompare.com/send-money/uk-to-philippines","Cheapest Way to Send Money UK to Philippines — GBP→PHP Rates (2026)","https://sendmoneycompare.com/send-money/uk-to-philippines","false","1352968","1","true"
"https://sendmoneycompare.com/send-money/uk-to-poland","Cheapest Way to Send Money United Kingdom to Poland — GBP→PLN (2026)","https://sendmoneycompare.com/send-money/uk-to-poland","false","1096927","1","true"
"https://sendmoneycompare.com/send-money/uk-to-rwanda","Cheapest Way to Send Money United Kingdom to Rwanda — GBP→RWF (2026)","https://sendmoneycompare.com/send-money/uk-to-rwanda","true","566147","1","true"
"https://sendmoneycompare.com/send-money/uk-to-senegal","Cheapest Way to Send Money United Kingdom to Senegal — GBP→XOF (2026)","https://sendmoneycompare.com/send-money/uk-to-senegal","true","566147","1","true"
"https://sendmoneycompare.com/send-money/uk-to-singapore","Cheapest Way to Send Money United Kingdom to Singapore (2026)","https://sendmoneycompare.com/send-money/uk-to-singapore","false","429526","1","true"
"https://sendmoneycompare.com/send-money/uk-to-south-korea","Cheapest Way to Send Money United Kingdom to South Korea (2026)","https://sendmoneycompare.com/send-money/uk-to-south-korea","false","576926","1","true"
"https://sendmoneycompare.com/send-money/uk-to-spain","Cheapest Way to Send Money United Kingdom to Spain — GBP→EUR (2026)","https://sendmoneycompare.com/send-money/uk-to-spain","false","1405103","1","true"
"https://sendmoneycompare.com/send-money/uk-to-taiwan","Cheapest Way to Send Money United Kingdom to Taiwan — GBP→TWD (2026)","https://sendmoneycompare.com/send-money/uk-to-taiwan","true","323930","1","true"
"https://sendmoneycompare.com/send-money/uk-to-tanzania","Cheapest Way to Send Money United Kingdom to Tanzania — GBP→TZS (2026)","https://sendmoneycompare.com/send-money/uk-to-tanzania","true","668503","1","true"
"https://sendmoneycompare.com/send-money/uk-to-thailand","Cheapest Way to Send Money United Kingdom to Thailand — GBP→THB (2026)","https://sendmoneycompare.com/send-money/uk-to-thailand","false","793447","1","true"
"https://sendmoneycompare.com/send-money/uk-to-turkey","Cheapest Way to Send Money United Kingdom to Turkey — GBP→TRY (2026)","https://sendmoneycompare.com/send-money/uk-to-turkey","false","1004477","1","true"
"https://sendmoneycompare.com/send-money/uk-to-uae","Cheapest Way to Send Money United Kingdom to UAE — GBP→AED (2026)","https://sendmoneycompare.com/send-money/uk-to-uae","false","899320","1","true"
"https://sendmoneycompare.com/send-money/uk-to-uganda","Cheapest Way to Send Money United Kingdom to Uganda — GBP→UGX (2026)","https://sendmoneycompare.com/send-money/uk-to-uganda","false","756799","1","true"
"https://sendmoneycompare.com/send-money/uk-to-vietnam","Cheapest Way to Send Money United Kingdom to Vietnam — GBP→VND (2026)","https://sendmoneycompare.com/send-money/uk-to-vietnam","false","713397","1","true"
"https://sendmoneycompare.com/send-money/uk-to-zimbabwe","Cheapest Way to Send Money United Kingdom to Zimbabwe — GBP→ZAR (2026)","https://sendmoneycompare.com/send-money/uk-to-zimbabwe","false","1012656","1","true"
"https://sendmoneycompare.com/send-money/usa-to-argentina","Cheapest Way to Send Money United States to Argentina — USD→ARS (2026)","https://sendmoneycompare.com/send-money/usa-to-argentina","false","553334","1","true"
"https://sendmoneycompare.com/send-money/usa-to-australia","Cheapest Way to Send Money United States to Australia — USD→AUD (2026)","https://sendmoneycompare.com/send-money/usa-to-australia","false","576799","1","true"
"https://sendmoneycompare.com/send-money/usa-to-bangladesh","Cheapest Way to Send Money USA to Bangladesh — USD→BDT Rates (2026)","https://sendmoneycompare.com/send-money/usa-to-bangladesh","false","1078186","1","true"
"https://sendmoneycompare.com/send-money/usa-to-cameroon","Cheapest Way to Send Money United States to Cameroon — USD→XAF (2026)","https://sendmoneycompare.com/send-money/usa-to-cameroon","true","711174","1","true"
"https://sendmoneycompare.com/send-money/usa-to-canada","Cheapest Way to Send Money United States to Canada — USD→CAD (2026)","https://sendmoneycompare.com/send-money/usa-to-canada","false","613487","1","true"
"https://sendmoneycompare.com/send-money/usa-to-chile","Cheapest Way to Send Money United States to Chile — USD→CLP (2026)","https://sendmoneycompare.com/send-money/usa-to-chile","false","421112","1","true"
"https://sendmoneycompare.com/send-money/usa-to-china","Cheapest Way to Send Money United States to China — USD→CNY (2026)","https://sendmoneycompare.com/send-money/usa-to-china","false","878694","1","true"
"https://sendmoneycompare.com/send-money/usa-to-costa-rica","Cheapest Way to Send Money United States to Costa Rica (2026)","https://sendmoneycompare.com/send-money/usa-to-costa-rica","true","374144","1","true"
"https://sendmoneycompare.com/send-money/usa-to-croatia","Cheapest Way to Send Money United States to Croatia — USD→EUR (2026)","https://sendmoneycompare.com/send-money/usa-to-croatia","false","1155776","1","true"
"https://sendmoneycompare.com/send-money/usa-to-czech-republic","Cheapest Way to Send Money United States to Czech Republic (2026)","https://sendmoneycompare.com/send-money/usa-to-czech-republic","false","824160","1","true"
"https://sendmoneycompare.com/send-money/usa-to-egypt","Cheapest Way to Send Money United States to Egypt — USD→EGP (2026)","https://sendmoneycompare.com/send-money/usa-to-egypt","false","845972","1","true"
"https://sendmoneycompare.com/send-money/usa-to-ethiopia","Cheapest Way to Send Money United States to Ethiopia — USD→ETB (2026)","https://sendmoneycompare.com/send-money/usa-to-ethiopia","false","938438","1","true"
"https://sendmoneycompare.com/send-money/usa-to-europe","Cheapest Way to Send Money USA to Europe — USD→EUR Rates (2026)","https://sendmoneycompare.com/send-money/usa-to-europe","false","1172728","1","true"
"https://sendmoneycompare.com/send-money/usa-to-fiji","Cheapest Way to Send Money United States to Fiji — USD→FJD (2026)","https://sendmoneycompare.com/send-money/usa-to-fiji","true","654659","1","true"
"https://sendmoneycompare.com/send-money/usa-to-france","Cheapest Way to Send Money United States to France — USD→EUR (2026)","https://sendmoneycompare.com/send-money/usa-to-france","false","1156026","1","true"
"https://sendmoneycompare.com/send-money/usa-to-germany","Cheapest Way to Send Money United States to Germany — USD→EUR (2026)","https://sendmoneycompare.com/send-money/usa-to-germany","false","1156329","1","true"
"https://sendmoneycompare.com/send-money/usa-to-ghana","Cheapest Way to Send Money USA to Ghana — USD→GHS Rates (2026)","https://sendmoneycompare.com/send-money/usa-to-ghana","false","1106956","1","true"
"https://sendmoneycompare.com/send-money/usa-to-hong-kong","Cheapest Way to Send Money United States to Hong Kong — USD→HKD (2026)","https://sendmoneycompare.com/send-money/usa-to-hong-kong","false","406749","1","true"
"https://sendmoneycompare.com/send-money/usa-to-hungary","Cheapest Way to Send Money United States to Hungary — USD→HUF (2026)","https://sendmoneycompare.com/send-money/usa-to-hungary","false","813870","1","true"
"https://sendmoneycompare.com/send-money/usa-to-india","Cheapest Way to Send Money USA to India — USD→INR Rates (2026)","https://sendmoneycompare.com/send-money/usa-to-india","false","1166373","1","true"
"https://sendmoneycompare.com/send-money/usa-to-israel","Cheapest Way to Send Money United States to Israel — USD→ILS (2026)","https://sendmoneycompare.com/send-money/usa-to-israel","false","722536","1","true"
"https://sendmoneycompare.com/send-money/usa-to-japan","Cheapest Way to Send Money United States to Japan — USD→JPY (2026)","https://sendmoneycompare.com/send-money/usa-to-japan","false","856742","1","true"
"https://sendmoneycompare.com/send-money/usa-to-kenya","Cheapest Way to Send Money USA to Kenya — USD→KES Rates (2026)","https://sendmoneycompare.com/send-money/usa-to-kenya","false","1083349","1","true"
"https://sendmoneycompare.com/send-money/usa-to-malaysia","Cheapest Way to Send Money United States to Malaysia — USD→MYR (2026)","https://sendmoneycompare.com/send-money/usa-to-malaysia","false","811998","1","true"
"https://sendmoneycompare.com/send-money/usa-to-mexico","Cheapest Way to Send Money USA to Mexico — USD→MXN Rates (2026)","https://sendmoneycompare.com/send-money/usa-to-mexico","false","1151628","1","true"
"https://sendmoneycompare.com/send-money/usa-to-morocco","Cheapest Way to Send Money United States to Morocco — USD→MAD (2026)","https://sendmoneycompare.com/send-money/usa-to-morocco","false","863973","1","true"
"https://sendmoneycompare.com/send-money/usa-to-new-zealand","Cheapest Way to Send Money United States to New Zealand (2026)","https://sendmoneycompare.com/send-money/usa-to-new-zealand","false","362874","1","true"
"https://sendmoneycompare.com/send-money/usa-to-nigeria","Cheapest Way to Send Money USA to Nigeria — USD→NGN Rates (2026)","https://sendmoneycompare.com/send-money/usa-to-nigeria","false","1047924","1","true"
"https://sendmoneycompare.com/send-money/usa-to-pakistan","Cheapest Way to Send Money USA to Pakistan — USD→PKR Rates (2026)","https://sendmoneycompare.com/send-money/usa-to-pakistan","false","1135378","1","true"
"https://sendmoneycompare.com/send-money/usa-to-peru","Cheapest Way to Send Money United States to Peru — USD→PEN (2026)","https://sendmoneycompare.com/send-money/usa-to-peru","false","840594","1","true"
"https://sendmoneycompare.com/send-money/usa-to-philippines","Cheapest Way to Send Money USA to Philippines — USD→PHP Rates (2026)","https://sendmoneycompare.com/send-money/usa-to-philippines","false","1165085","1","true"
"https://sendmoneycompare.com/send-money/usa-to-poland","Cheapest Way to Send Money USA to Poland (2026) — USD→PLN Rates","https://sendmoneycompare.com/send-money/usa-to-poland","false","858532","1","true"
"https://sendmoneycompare.com/send-money/usa-to-romania","Cheapest Way to Send Money USA to Romania (2026) — USD→RON Rates","https://sendmoneycompare.com/send-money/usa-to-romania","false","804956","1","true"
"https://sendmoneycompare.com/send-money/usa-to-rwanda","Cheapest Way to Send Money United States to Rwanda — USD→RWF (2026)","https://sendmoneycompare.com/send-money/usa-to-rwanda","false","788731","1","true"
"https://sendmoneycompare.com/send-money/usa-to-senegal","Cheapest Way to Send Money United States to Senegal — USD→XOF (2026)","https://sendmoneycompare.com/send-money/usa-to-senegal","false","822289","1","true"
"https://sendmoneycompare.com/send-money/usa-to-singapore","Cheapest Way to Send Money United States to Singapore — USD→SGD (2026)","https://sendmoneycompare.com/send-money/usa-to-singapore","false","407445","1","true"
"https://sendmoneycompare.com/send-money/usa-to-south-africa","Cheapest Way to Send Money United States to South Africa (2026)","https://sendmoneycompare.com/send-money/usa-to-south-africa","false","920241","1","true"
"https://sendmoneycompare.com/send-money/usa-to-south-korea","Cheapest Way to Send Money United States to South Korea (2026)","https://sendmoneycompare.com/send-money/usa-to-south-korea","false","593107","1","true"
"https://sendmoneycompare.com/send-money/usa-to-spain","Cheapest Way to Send Money United States to Spain — USD→EUR (2026)","https://sendmoneycompare.com/send-money/usa-to-spain","false","1155811","1","true"
"https://sendmoneycompare.com/send-money/usa-to-sri-lanka","Cheapest Way to Send Money United States to Sri Lanka — USD→LKR (2026)","https://sendmoneycompare.com/send-money/usa-to-sri-lanka","false","964525","1","true"
"https://sendmoneycompare.com/send-money/usa-to-taiwan","Cheapest Way to Send Money United States to Taiwan — USD→TWD (2026)","https://sendmoneycompare.com/send-money/usa-to-taiwan","true","584131","1","true"
"https://sendmoneycompare.com/send-money/usa-to-tanzania","Cheapest Way to Send Money United States to Tanzania — USD→TZS (2026)","https://sendmoneycompare.com/send-money/usa-to-tanzania","false","861958","1","true"
"https://sendmoneycompare.com/send-money/usa-to-thailand","Cheapest Way to Send Money United States to Thailand — USD→THB (2026)","https://sendmoneycompare.com/send-money/usa-to-thailand","false","973845","1","true"
"https://sendmoneycompare.com/send-money/usa-to-turkey","Cheapest Way to Send Money United States to Turkey — USD→TRY (2026)","https://sendmoneycompare.com/send-money/usa-to-turkey","false","859764","1","true"
"https://sendmoneycompare.com/send-money/usa-to-uae","Cheapest Way to Send Money United States to UAE — USD→AED (2026)","https://sendmoneycompare.com/send-money/usa-to-uae","false","635904","1","true"
"https://sendmoneycompare.com/send-money/usa-to-uganda","Cheapest Way to Send Money United States to Uganda — USD→UGX (2026)","https://sendmoneycompare.com/send-money/usa-to-uganda","false","891331","1","true"
"https://sendmoneycompare.com/send-money/usa-to-uk","Cheapest Way to Send Money USA to UK — USD→GBP Rates (2026)","https://sendmoneycompare.com/send-money/usa-to-uk","false","1107432","1","true"
"https://sendmoneycompare.com/send-money/usa-to-vietnam","Cheapest Way to Send Money United States to Vietnam — USD→VND (2026)","https://sendmoneycompare.com/send-money/usa-to-vietnam","false","944118","1","true"
"https://sendmoneycompare.com/send-money/usa-to-zambia","Cheapest Way to Send Money United States to Zambia — USD→ZMW (2026)","https://sendmoneycompare.com/send-money/usa-to-zambia","true","660921","1","true"
"https://sendmoneycompare.com/send-money/usa-to-zimbabwe","Cheapest Way to Send Money United States to Zimbabwe — USD→ZAR (2026)","https://sendmoneycompare.com/send-money/usa-to-zimbabwe","false","897785","1","true"
"https://sendmoneycompare.com/send-money/usd-to-aed","Cheapest USD to AED Rates — Compare 15+ Providers (2026)","https://sendmoneycompare.com/send-money/usd-to-aed","true","582570","1","true"
"https://sendmoneycompare.com/send-money/usd-to-ars","Cheapest USD to ARS Rates — Compare 15+ Providers (2026)","https://sendmoneycompare.com/send-money/usd-to-ars","false","497233","1","true"
"https://sendmoneycompare.com/send-money/usd-to-aud","Cheapest USD to AUD Rates — Compare 15+ Providers (2026)","https://sendmoneycompare.com/send-money/usd-to-aud","false","522721","1","true"
"https://sendmoneycompare.com/send-money/usd-to-cad","Cheapest USD to CAD Rates — Compare 15+ Providers (2026)","https://sendmoneycompare.com/send-money/usd-to-cad","false","559955","1","true"
"https://sendmoneycompare.com/send-money/usd-to-clp","Cheapest USD to CLP Rates — Compare 15+ Providers (2026)","https://sendmoneycompare.com/send-money/usd-to-clp","false","365784","1","true"
"https://sendmoneycompare.com/send-money/usd-to-cny","Cheapest USD to CNY Rates — Compare 15+ Providers (2026)","https://sendmoneycompare.com/send-money/usd-to-cny","false","803078","1","true"
"https://sendmoneycompare.com/send-money/usd-to-crc","Cheapest USD to CRC Rates — Compare 15+ Providers (2026)","https://sendmoneycompare.com/send-money/usd-to-crc","true","319922","1","true"
"https://sendmoneycompare.com/send-money/usd-to-czk","Cheapest USD to CZK Rates — Compare 15+ Providers (2026)","https://sendmoneycompare.com/send-money/usd-to-czk","false","752424","1","true"
"https://sendmoneycompare.com/send-money/usd-to-egp","Cheapest USD to EGP Rates — Compare 15+ Providers (2026)","https://sendmoneycompare.com/send-money/usd-to-egp","false","778937","1","true"
"https://sendmoneycompare.com/send-money/usd-to-fjd","Cheapest USD to FJD Rates — Compare 15+ Providers (2026)","https://sendmoneycompare.com/send-money/usd-to-fjd","true","585644","1","true"
"https://sendmoneycompare.com/send-money/usd-to-hkd","Cheapest USD to HKD Rates — Compare 15+ Providers (2026)","https://sendmoneycompare.com/send-money/usd-to-hkd","false","352268","1","true"
"https://sendmoneycompare.com/send-money/usd-to-huf","Cheapest USD to HUF Rates — Compare 15+ Providers (2026)","https://sendmoneycompare.com/send-money/usd-to-huf","false","743016","1","true"
"https://sendmoneycompare.com/send-money/usd-to-ils","Cheapest USD to ILS Rates — Compare 15+ Providers (2026)","https://sendmoneycompare.com/send-money/usd-to-ils","false","654180","1","true"
"https://sendmoneycompare.com/send-money/usd-to-jpy","Cheapest USD to JPY Rates — Compare 15+ Providers (2026)","https://sendmoneycompare.com/send-money/usd-to-jpy","false","786107","1","true"
"https://sendmoneycompare.com/send-money/usd-to-krw","Cheapest USD to KRW Rates — Compare 15+ Providers (2026)","https://sendmoneycompare.com/send-money/usd-to-krw","false","536824","1","true"
"https://sendmoneycompare.com/send-money/usd-to-mad","Cheapest USD to MAD Rates — Compare 15+ Providers (2026)","https://sendmoneycompare.com/send-money/usd-to-mad","false","785746","1","true"
"https://sendmoneycompare.com/send-money/usd-to-myr","Cheapest USD to MYR Rates — Compare 15+ Providers (2026)","https://sendmoneycompare.com/send-money/usd-to-myr","false","735913","1","true"
"https://sendmoneycompare.com/send-money/usd-to-nzd","Cheapest USD to NZD Rates — Compare 15+ Providers (2026)","https://sendmoneycompare.com/send-money/usd-to-nzd","false","310155","1","true"
"https://sendmoneycompare.com/send-money/usd-to-pen","Cheapest USD to PEN Rates — Compare 15+ Providers (2026)","https://sendmoneycompare.com/send-money/usd-to-pen","false","766811","1","true"
"https://sendmoneycompare.com/send-money/usd-to-pln","Cheapest USD to PLN Rates — Compare 15+ Providers (2026)","https://sendmoneycompare.com/send-money/usd-to-pln","false","787666","1","true"
"https://sendmoneycompare.com/send-money/usd-to-ron","Cheapest USD to RON Rates — Compare 15+ Providers (2026)","https://sendmoneycompare.com/send-money/usd-to-ron","false","734409","1","true"
"https://sendmoneycompare.com/send-money/usd-to-rwf","Cheapest USD to RWF Rates — Compare 15+ Providers (2026)","https://sendmoneycompare.com/send-money/usd-to-rwf","false","714125","1","true"
"https://sendmoneycompare.com/send-money/usd-to-sgd","Cheapest USD to SGD Rates — Compare 15+ Providers (2026)","https://sendmoneycompare.com/send-money/usd-to-sgd","false","353056","1","true"
"https://sendmoneycompare.com/send-money/usd-to-thb","Cheapest USD to THB Rates — Compare 15+ Providers (2026)","https://sendmoneycompare.com/send-money/usd-to-thb","false","899431","1","true"
"https://sendmoneycompare.com/send-money/usd-to-try","Cheapest USD to TRY Rates — Compare 15+ Providers (2026)","https://sendmoneycompare.com/send-money/usd-to-try","false","793349","1","true"
"https://sendmoneycompare.com/send-money/usd-to-twd","Cheapest USD to TWD Rates — Compare 15+ Providers (2026)","https://sendmoneycompare.com/send-money/usd-to-twd","true","514101","1","true"
"https://sendmoneycompare.com/send-money/usd-to-tzs","Cheapest USD to TZS Rates — Compare 15+ Providers (2026)","https://sendmoneycompare.com/send-money/usd-to-tzs","false","782062","1","true"
"https://sendmoneycompare.com/send-money/usd-to-ugx","Cheapest USD to UGX Rates — Compare 15+ Providers (2026)","https://sendmoneycompare.com/send-money/usd-to-ugx","false","814281","1","true"
"https://sendmoneycompare.com/send-money/usd-to-xaf","Cheapest USD to XAF Rates — Compare 15+ Providers (2026)","https://sendmoneycompare.com/send-money/usd-to-xaf","true","633532","1","true"
"https://sendmoneycompare.com/send-money/usd-to-xof","Cheapest USD to XOF Rates — Compare 15+ Providers (2026)","https://sendmoneycompare.com/send-money/usd-to-xof","false","743239","1","true"
"https://sendmoneycompare.com/send-money/usd-to-zar","Cheapest USD to ZAR Rates — Compare 15+ Providers (2026)","https://sendmoneycompare.com/send-money/usd-to-zar","false","842884","1","true"
"https://sendmoneycompare.com/send-money/usd-to-zmw","Cheapest USD to ZMW Rates — Compare 15+ Providers (2026)","https://sendmoneycompare.com/send-money/usd-to-zmw","true","587165","1","true"
"https://sendmoneycompare.com/sendscore","SendScore Explained: Is Today a Good Day to Send Money?","https://sendmoneycompare.com/sendscore","false","133407","1","true"
"https://sendmoneycompare.com/swift-codes","SWIFT/BIC Code Lookup — 11,000+ Banks (2026)","https://sendmoneycompare.com/swift-codes","false","173906","1","true"
"https://sendmoneycompare.com/swift-codes/australia","Australia SWIFT/BIC Codes (2026)","https://sendmoneycompare.com/swift-codes/australia","false","208967","1","true"
"https://sendmoneycompare.com/swift-codes/bangladesh","Bangladesh SWIFT/BIC Codes (2026)","https://sendmoneycompare.com/swift-codes/bangladesh","true","346345","1","true"
"https://sendmoneycompare.com/swift-codes/belarus","Belarus SWIFT/BIC Codes (2026)","https://sendmoneycompare.com/swift-codes/belarus","true","335360","1","true"
"https://sendmoneycompare.com/swift-codes/bosnia-and-herzegovina","Bosnia and Herzegovina SWIFT/BIC Codes (2026)","https://sendmoneycompare.com/swift-codes/bosnia-and-herzegovina","true","236867","1","true"
"https://sendmoneycompare.com/swift-codes/brazil","Brazil SWIFT/BIC Codes (2026)","https://sendmoneycompare.com/swift-codes/brazil","false","194584","1","true"
"https://sendmoneycompare.com/swift-codes/bulgaria","Bulgaria SWIFT/BIC Codes (2026)","https://sendmoneycompare.com/swift-codes/bulgaria","true","541733","1","true"
"https://sendmoneycompare.com/swift-codes/canada","Canada SWIFT/BIC Codes (2026)","https://sendmoneycompare.com/swift-codes/canada","false","231822","1","true"
"https://sendmoneycompare.com/swift-codes/china","China SWIFT/BIC Codes (2026)","https://sendmoneycompare.com/swift-codes/china","true","214282","1","true"
"https://sendmoneycompare.com/swift-codes/colombia","Colombia SWIFT/BIC Codes (2026)","https://sendmoneycompare.com/swift-codes/colombia","true","220019","1","true"
"https://sendmoneycompare.com/swift-codes/croatia","Croatia SWIFT/BIC Codes (2026)","https://sendmoneycompare.com/swift-codes/croatia","true","413908","1","true"
"https://sendmoneycompare.com/swift-codes/czech-republic","Czech Republic SWIFT/BIC Codes (2026)","https://sendmoneycompare.com/swift-codes/czech-republic","true","548022","1","true"
"https://sendmoneycompare.com/swift-codes/egypt","Egypt SWIFT/BIC Codes (2026)","https://sendmoneycompare.com/swift-codes/egypt","false","225240","1","true"
"https://sendmoneycompare.com/swift-codes/estonia","Estonia SWIFT/BIC Codes (2026)","https://sendmoneycompare.com/swift-codes/estonia","true","308672","1","true"
"https://sendmoneycompare.com/swift-codes/france","France SWIFT/BIC Codes (2026)","https://sendmoneycompare.com/swift-codes/france","true","202463","1","true"
"https://sendmoneycompare.com/swift-codes/georgia","Georgia SWIFT/BIC Codes (2026)","https://sendmoneycompare.com/swift-codes/georgia","false","297401","1","true"
"https://sendmoneycompare.com/swift-codes/germany","Germany SWIFT/BIC Codes (2026)","https://sendmoneycompare.com/swift-codes/germany","true","223910","1","true"
"https://sendmoneycompare.com/swift-codes/ghana","Ghana SWIFT/BIC Codes (2026)","https://sendmoneycompare.com/swift-codes/ghana","false","503438","1","true"
"https://sendmoneycompare.com/swift-codes/hong-kong","Hong Kong SWIFT/BIC Codes (2026)","https://sendmoneycompare.com/swift-codes/hong-kong","false","189983","1","true"
"https://sendmoneycompare.com/swift-codes/india","India SWIFT/BIC Codes (2026)","https://sendmoneycompare.com/swift-codes/india","false","206902","1","true"
"https://sendmoneycompare.com/swift-codes/indonesia","Indonesia SWIFT/BIC Codes (2026)","https://sendmoneycompare.com/swift-codes/indonesia","false","209896","1","true"
"https://sendmoneycompare.com/swift-codes/ireland","Ireland SWIFT/BIC Codes (2026)","https://sendmoneycompare.com/swift-codes/ireland","false","197117","1","true"
"https://sendmoneycompare.com/swift-codes/japan","Japan SWIFT/BIC Codes (2026)","https://sendmoneycompare.com/swift-codes/japan","false","217770","1","true"
"https://sendmoneycompare.com/swift-codes/kenya","Kenya SWIFT/BIC Codes (2026)","https://sendmoneycompare.com/swift-codes/kenya","false","461168","1","true"
"https://sendmoneycompare.com/swift-codes/liechtenstein","Liechtenstein SWIFT/BIC Codes (2026)","https://sendmoneycompare.com/swift-codes/liechtenstein","true","245197","1","true"
"https://sendmoneycompare.com/swift-codes/luxembourg","Luxembourg SWIFT/BIC Codes (2026)","https://sendmoneycompare.com/swift-codes/luxembourg","true","502122","1","true"
"https://sendmoneycompare.com/swift-codes/malaysia","Malaysia SWIFT/BIC Codes (2026)","https://sendmoneycompare.com/swift-codes/malaysia","false","204061","1","true"
"https://sendmoneycompare.com/swift-codes/mexico","Mexico SWIFT/BIC Codes (2026)","https://sendmoneycompare.com/swift-codes/mexico","false","198103","1","true"
"https://sendmoneycompare.com/swift-codes/moldova","Moldova SWIFT/BIC Codes (2026)","https://sendmoneycompare.com/swift-codes/moldova","true","204496","1","true"
"https://sendmoneycompare.com/swift-codes/monaco","Monaco SWIFT/BIC Codes (2026)","https://sendmoneycompare.com/swift-codes/monaco","true","411224","1","true"
"https://sendmoneycompare.com/swift-codes/morocco","Morocco SWIFT/BIC Codes (2026)","https://sendmoneycompare.com/swift-codes/morocco","false","216153","1","true"
"https://sendmoneycompare.com/swift-codes/nepal","Nepal SWIFT/BIC Codes (2026)","https://sendmoneycompare.com/swift-codes/nepal","true","192918","1","true"
"https://sendmoneycompare.com/swift-codes/netherlands","Netherlands SWIFT/BIC Codes (2026)","https://sendmoneycompare.com/swift-codes/netherlands","false","197475","1","true"
"https://sendmoneycompare.com/swift-codes/new-zealand","New Zealand SWIFT/BIC Codes (2026)","https://sendmoneycompare.com/swift-codes/new-zealand","false","198601","1","true"
"https://sendmoneycompare.com/swift-codes/nigeria","Nigeria SWIFT/BIC Codes (2026)","https://sendmoneycompare.com/swift-codes/nigeria","false","193505","1","true"
"https://sendmoneycompare.com/swift-codes/pakistan","Pakistan SWIFT/BIC Codes (2026)","https://sendmoneycompare.com/swift-codes/pakistan","false","361261","1","true"
"https://sendmoneycompare.com/swift-codes/paraguay","Paraguay SWIFT/BIC Codes (2026)","https://sendmoneycompare.com/swift-codes/paraguay","true","270478","1","true"
"https://sendmoneycompare.com/swift-codes/peru","Peru SWIFT/BIC Codes (2026)","https://sendmoneycompare.com/swift-codes/peru","true","192152","1","true"
"https://sendmoneycompare.com/swift-codes/philippines","Philippines SWIFT/BIC Codes (2026)","https://sendmoneycompare.com/swift-codes/philippines","false","205571","1","true"
"https://sendmoneycompare.com/swift-codes/singapore","Singapore SWIFT/BIC Codes (2026)","https://sendmoneycompare.com/swift-codes/singapore","false","192977","1","true"
"https://sendmoneycompare.com/swift-codes/slovakia","Slovakia SWIFT/BIC Codes (2026)","https://sendmoneycompare.com/swift-codes/slovakia","true","477821","1","true"
"https://sendmoneycompare.com/swift-codes/slovenia","Slovenia SWIFT/BIC Codes (2026)","https://sendmoneycompare.com/swift-codes/slovenia","true","417023","1","true"
"https://sendmoneycompare.com/swift-codes/south-africa","South Africa SWIFT/BIC Codes (2026)","https://sendmoneycompare.com/swift-codes/south-africa","false","216613","1","true"
"https://sendmoneycompare.com/swift-codes/south-korea","South Korea SWIFT/BIC Codes (2026)","https://sendmoneycompare.com/swift-codes/south-korea","false","201574","1","true"
"https://sendmoneycompare.com/swift-codes/sri-lanka","Sri Lanka SWIFT/BIC Codes (2026)","https://sendmoneycompare.com/swift-codes/sri-lanka","false","475670","1","true"
"https://sendmoneycompare.com/swift-codes/thailand","Thailand SWIFT/BIC Codes (2026)","https://sendmoneycompare.com/swift-codes/thailand","false","209022","1","true"
"https://sendmoneycompare.com/swift-codes/turkiye","Turkey SWIFT/BIC Codes (2026)","https://sendmoneycompare.com/swift-codes/turkiye","false","223064","1","true"
"https://sendmoneycompare.com/swift-codes/united-arab-emirates","United Arab Emirates SWIFT/BIC Codes (2026)","https://sendmoneycompare.com/swift-codes/united-arab-emirates","false","197266","1","true"
"https://sendmoneycompare.com/swift-codes/united-kingdom","United Kingdom SWIFT/BIC Codes (2026)","https://sendmoneycompare.com/swift-codes/united-kingdom","false","206643","1","true"
"https://sendmoneycompare.com/swift-codes/united-states","United States SWIFT/BIC Codes (2026)","https://sendmoneycompare.com/swift-codes/united-states","false","210803","1","true"
"https://sendmoneycompare.com/swift-codes/virgin-islands-uk","British Virgin Islands SWIFT/BIC Codes (2026)","https://sendmoneycompare.com/swift-codes/virgin-islands-uk","true","263003","1","true"
"https://sendmoneycompare.com/terms","Terms of Service — SendMoneyCompare","https://sendmoneycompare.com/terms","false","113436","1","true"
"https://sendmoneycompare.com/tools","Free Money Transfer Tools — Tax & FX Markup Calculators","https://sendmoneycompare.com/tools","false","101163","1","true"
"https://sendmoneycompare.com/tools/fee-impact","Remittance Fee Impact Calculator — What Overpaying Costs Your Family","https://sendmoneycompare.com/tools/fee-impact","true","143999","1","true"
"https://sendmoneycompare.com/tools/fx-markup-checker","FX Markup Checker — See Any Transfer's Hidden Rate Markup","https://sendmoneycompare.com/tools/fx-markup-checker","false","159686","1","true"
"https://sendmoneycompare.com/tools/salary-abroad","What Is Your Salary Worth Abroad? Including the FX Cost Nobody Counts","https://sendmoneycompare.com/tools/salary-abroad","false","156314","1","true"
"https://sendmoneycompare.com/tools/us-remittance-tax","US Remittance Tax Calculator (2026) — 1% Excise on Money Sent Abroad","https://sendmoneycompare.com/tools/us-remittance-tax","false","168619","1","true"
"https://sendmoneycompare.com/transfer-cost-by-amount","$100 vs $1,000 Transfers: Who Is Cheapest at Each?","https://sendmoneycompare.com/transfer-cost-by-amount","false","212907","1","true"
"https://sendmoneycompare.com/travel","Travel Guides: Money, eSIM & Culture by Country (2026)","https://sendmoneycompare.com/travel","true","128917","1","true"
"https://sendmoneycompare.com/travel/france","France Travel Guide 2026: Money, eSIM, Culture & Currency","https://sendmoneycompare.com/travel/france","true","278926","1","true"
"https://sendmoneycompare.com/travel/india","India Travel Guide 2026: Money, eSIM, Culture & Currency","https://sendmoneycompare.com/travel/india","true","284303","1","true"
"https://sendmoneycompare.com/travel/italy","Italy Travel Guide 2026: Money, eSIM, Culture & Currency","https://sendmoneycompare.com/travel/italy","true","284030","1","true"
"https://sendmoneycompare.com/travel/japan","Japan Travel Guide 2026: Money, eSIM, Culture & Currency","https://sendmoneycompare.com/travel/japan","true","278762","1","true"
"https://sendmoneycompare.com/travel/mexico","Mexico Travel Guide 2026: Money, eSIM, Culture & Currency","https://sendmoneycompare.com/travel/mexico","true","281070","1","true"
"https://sendmoneycompare.com/travel/saudi-arabia","Saudi Arabia Travel Guide 2026: Money, eSIM, Culture & Currency","https://sendmoneycompare.com/travel/saudi-arabia","true","253801","1","true"
"https://sendmoneycompare.com/travel/spain","Spain Travel Guide 2026: Money, eSIM, Culture & Currency","https://sendmoneycompare.com/travel/spain","true","278742","1","true"
"https://sendmoneycompare.com/travel/thailand","Thailand Travel Guide 2026: Money, eSIM, Culture & Currency","https://sendmoneycompare.com/travel/thailand","true","282621","1","true"
"https://sendmoneycompare.com/travel/turkey","Turkey Travel Guide 2026: Money, eSIM, Culture & Currency","https://sendmoneycompare.com/travel/turkey","true","285360","1","true"
"https://sendmoneycompare.com/travel/uae","United Arab Emirates Travel Guide 2026: Money, eSIM & Currency","https://sendmoneycompare.com/travel/uae","true","276639","1","true"
"https://sendmoneycompare.com/travel/united-kingdom","United Kingdom Travel Guide 2026: Money, eSIM, Culture & Currency","https://sendmoneycompare.com/travel/united-kingdom","true","278756","1","true"
