{
  "USD_INR": 92.3711,
  "USD_PHP": 59.6045,
  "USD_IDR": 16958,
  "USD_MXN": 17.642,
  "USD_NGN": 1383.05,
  "USD_PKR": 279.313,
  "USD_BDT": 122.7,
  "USD_GBP": 0.748727,
  "USD_EUR": 0.866889,
  "USD_CAD": 1.3694,
  "USD_BRL": 5.1932,
  "USD_JPY": 158.925,
  "USD_CNY": 6.88395,
  "USD_KES": 129.4,
  "USD_GHS": 10.8864,
  "USD_ZAR": 16.676,
  "USD_AED": 3.6725,
  "USD_COP": 3693.57,
  "USD_GTQ": 7.65759,
  "USD_VND": 26292.3,
  "USD_TRY": 44.2097,
  "USD_MAD": 9.3621,
  "USD_MYR": 3.9115,
  "USD_FJD": 2.22272,
  "USD_NPR": 147.8,
  "USD_LKR": 310.68,
  "USD_EGP": 52.25,
  "USD_ETB": 156.614,
  "USD_THB": 32.27,
  "USD_PEN": 3.4176,
  "USD_UGX": 3764.1,
  "USD_TZS": 2600,
  "USD_JMD": 155.66,
  "USD_DOP": 60.0975,
  "USD_XOF": 568.657,
  "USD_PLN": 3.6942,
  "USD_RON": 4.41559,
  "USD_TWD": 31.839,
  "USD_CZK": 21.1859,
  "USD_HUF": 336.977,
  "USD_ILS": 3.09325,
  "USD_RWF": 1459,
  "USD_ZMW": 19.5658,
  "USD_XAF": 568.637,
  "GBP_EUR": 1.15761,
  "GBP_INR": 123.331,
  "GBP_PKR": 373.036,
  "GBP_NGN": 1847.13,
  "GBP_USD": 1.33555,
  "GBP_BDT": 163.872,
  "GBP_GHS": 14.5393,
  "GBP_ZAR": 22.2726,
  "GBP_PHP": 79.5787,
  "EUR_GBP": 0.86385,
  "EUR_INR": 106.52,
  "EUR_USD": 1.1535,
  "EUR_PKR": 322.188,
  "EUR_NGN": 1595.35,
  "EUR_TRY": 50.996,
  "EUR_PHP": 68.7313,
  "EUR_BRL": 5.99036,
  "EUR_MAD": 10.8016,
  "CAD_INR": 67.4322,
  "CAD_PHP": 43.5102,
  "CAD_GBP": 0.546756,
  "CAD_EUR": 0.633047,
  "CAD_USD": 0.73022,
  "CAD_PKR": 203.96,
  "CAD_NGN": 1009.93,
  "CAD_BDT": 89.598,
  "AUD_INR": 65.6388,
  "AUD_PHP": 42.353,
  "AUD_GBP": 0.532215,
  "AUD_EUR": 0.616212,
  "AUD_USD": 0.7108,
  "AUD_NZD": 1.21297,
  "AUD_CNY": 4.89308,
  "AUD_VND": 18688.6,
  "AED_INR": 25.145,
  "AED_PKR": 76.0553,
  "AED_PHP": 16.2246,
  "AED_BDT": 33.4105,
  "AED_EGP": 14.2274,
  "SGD_INR": 72.348,
  "SGD_PHP": 46.6821,
  "SGD_MYR": 3.06448,
  "SGD_IDR": 13285.8,
  "SGD_BDT": 96.1297,
  "NZD_AUD": 0.824423,
  "NZD_GBP": 0.438771,
  "NZD_INR": 54.1142,
  "NZD_FJD": 1.30251,
  "SAR_INR": 24.5925,
  "SAR_PKR": 74.3843,
  "SAR_BDT": 32.6764,
  "SAR_PHP": 15.8682,
  "SAR_EGP": 13.9148,
  "KWD_INR": 300.994,
  "KWD_PKR": 910.407,
  "KWD_PHP": 194.214,
  "QAR_INR": 25.3312,
  "QAR_PKR": 76.6186,
  "QAR_PHP": 16.3448,
  "CHF_INR": 117.57,
  "CHF_EUR": 1.10375,
  "CHF_PKR": 355.609,
  "HKD_INR": 11.781,
  "HKD_PHP": 7.60163,
  "HKD_CNY": 0.878222,
  "JPY_INR": 0.581042,
  "JPY_PHP": 0.374913,
  "KRW_INR": 0.0621705,
  "KRW_PHP": 0.0401151,
  "KRW_VND": 17.7011,
  "NOK_INR": 9.63816,
  "NOK_PKR": 29.1523,
  "NOK_PLN": 0.385585,
  "SEK_INR": 9.95057,
  "SEK_PKR": 30.0972,
  "SEK_PLN": 0.398084,
  "DKK_INR": 14.2549,
  "DKK_PKR": 43.1164,
  "DKK_PLN": 0.570284
}