{
  "USD_INR": 92.3389,
  "USD_PHP": 59.7005,
  "USD_MXN": 17.6958,
  "USD_NGN": 1383.05,
  "USD_PKR": 279.313,
  "USD_BDT": 122.7,
  "USD_GBP": 0.751512,
  "USD_EUR": 0.869944,
  "USD_CAD": 1.36865,
  "USD_BRL": 5.2339,
  "USD_JPY": 159.355,
  "USD_CNY": 6.88515,
  "USD_KES": 129.3,
  "USD_GHS": 10.8758,
  "USD_ZAR": 16.6939,
  "USD_AED": 3.6725,
  "USD_COP": 3698.79,
  "USD_GTQ": 7.65449,
  "USD_VND": 26281.7,
  "GBP_EUR": 1.15761,
  "GBP_INR": 122.871,
  "GBP_PKR": 371.668,
  "GBP_NGN": 1840.36,
  "GBP_USD": 1.33065,
  "GBP_BDT": 163.271,
  "GBP_GHS": 14.4719,
  "GBP_ZAR": 22.2137,
  "GBP_PHP": 79.4405,
  "EUR_GBP": 0.86385,
  "EUR_INR": 106.144,
  "EUR_USD": 1.1495,
  "EUR_PKR": 321.07,
  "EUR_NGN": 1589.82,
  "EUR_TRY": 50.8026,
  "EUR_PHP": 68.6257,
  "EUR_BRL": 6.01637,
  "EUR_MAD": 10.7996,
  "CAD_INR": 67.4671,
  "CAD_PHP": 43.62,
  "CAD_GBP": 0.54909,
  "CAD_EUR": 0.635622,
  "CAD_USD": 0.730647,
  "CAD_PKR": 204.079,
  "CAD_NGN": 1010.52,
  "CAD_BDT": 89.6504,
  "AUD_INR": 65.3667,
  "AUD_PHP": 42.262,
  "AUD_GBP": 0.531996,
  "AUD_EUR": 0.615833,
  "AUD_USD": 0.7079,
  "AUD_NZD": 1.21081,
  "AUD_CNY": 4.874,
  "AUD_VND": 18604.8,
  "AED_INR": 25.1433,
  "AED_PKR": 76.0553,
  "AED_PHP": 16.2561,
  "AED_BDT": 33.4105,
  "AED_EGP": 14.2737,
  "SGD_INR": 72.2272,
  "SGD_PHP": 46.6976,
  "SGD_MYR": 3.06817,
  "SGD_IDR": 13280.8,
  "SGD_BDT": 95.9756,
  "NZD_AUD": 0.825893,
  "NZD_GBP": 0.439372,
  "NZD_INR": 53.9859,
  "NZD_FJD": 1.30692,
  "SAR_INR": 24.6073,
  "SAR_PKR": 74.4338,
  "SAR_BDT": 32.6982,
  "SAR_PHP": 15.9095,
  "SAR_EGP": 13.9694,
  "KWD_INR": 300.778,
  "KWD_PKR": 909.814,
  "KWD_PHP": 194.464,
  "QAR_INR": 25.333,
  "QAR_PKR": 76.6291,
  "QAR_PHP": 16.3787,
  "CHF_INR": 117.085,
  "CHF_EUR": 1.10302,
  "CHF_PKR": 354.166,
  "HKD_INR": 11.789,
  "HKD_PHP": 7.62201,
  "HKD_CNY": 0.87909,
  "JPY_INR": 0.57944,
  "JPY_PHP": 0.374638,
  "KRW_INR": 0.0618982,
  "KRW_PHP": 0.0400204,
  "KRW_VND": 17.6186,
  "NOK_INR": 9.54107,
  "NOK_PKR": 28.8612,
  "NOK_PLN": 0.384168,
  "SEK_INR": 9.86736,
  "SEK_PKR": 29.8482,
  "SEK_PLN": 0.397306,
  "DKK_INR": 14.2055,
  "DKK_PKR": 42.9709,
  "DKK_PLN": 0.571981
}