{
  "USD_INR": 92.5551,
  "USD_PHP": 59.836,
  "USD_MXN": 17.946,
  "USD_NGN": 1383.05,
  "USD_PKR": 279.313,
  "USD_BDT": 122.7,
  "USD_GBP": 0.756115,
  "USD_EUR": 0.875925,
  "USD_CAD": 1.3722,
  "USD_BRL": 5.3243,
  "USD_JPY": 159.735,
  "USD_CNY": 6.90365,
  "USD_KES": 129.35,
  "USD_GHS": 10.86,
  "USD_ZAR": 16.9395,
  "USD_AED": 3.67315,
  "USD_COP": 3696.1,
  "USD_GTQ": 7.66213,
  "USD_VND": 26286.3,
  "GBP_EUR": 1.15821,
  "GBP_INR": 122.409,
  "GBP_PKR": 369.405,
  "GBP_NGN": 1829.15,
  "GBP_USD": 1.32255,
  "GBP_BDT": 162.277,
  "GBP_GHS": 14.3629,
  "GBP_ZAR": 22.4033,
  "GBP_PHP": 79.1361,
  "EUR_GBP": 0.8634,
  "EUR_INR": 105.666,
  "EUR_USD": 1.14165,
  "EUR_PKR": 318.878,
  "EUR_NGN": 1578.96,
  "EUR_TRY": 50.4648,
  "EUR_PHP": 68.3118,
  "EUR_BRL": 6.07849,
  "EUR_MAD": 10.7865,
  "CAD_INR": 67.4502,
  "CAD_PHP": 43.6059,
  "CAD_GBP": 0.551024,
  "CAD_EUR": 0.638336,
  "CAD_USD": 0.728757,
  "CAD_PKR": 203.551,
  "CAD_NGN": 1007.91,
  "CAD_BDT": 89.4185,
  "AUD_INR": 64.6173,
  "AUD_PHP": 41.7745,
  "AUD_GBP": 0.527882,
  "AUD_EUR": 0.611527,
  "AUD_USD": 0.69815,
  "AUD_NZD": 1.20923,
  "AUD_CNY": 4.81978,
  "AUD_VND": 18351.8,
  "AED_INR": 25.1977,
  "AED_PKR": 76.0418,
  "AED_PHP": 16.2901,
  "AED_BDT": 33.4046,
  "AED_EGP": 14.2494,
  "SGD_INR": 72.1003,
  "SGD_PHP": 46.6121,
  "SGD_MYR": 3.06945,
  "SGD_IDR": 13203.2,
  "SGD_BDT": 95.5831,
  "NZD_AUD": 0.826971,
  "NZD_GBP": 0.436543,
  "NZD_INR": 53.4367,
  "NZD_FJD": 1.26988
}