{
  "USD_INR": 92.3739,
  "USD_PHP": 59.58,
  "USD_IDR": 16958,
  "USD_MXN": 17.6432,
  "USD_NGN": 1383.05,
  "USD_PKR": 279.313,
  "USD_BDT": 122.7,
  "USD_GBP": 0.748755,
  "USD_EUR": 0.866964,
  "USD_CAD": 1.36945,
  "USD_BRL": 5.1932,
  "USD_JPY": 158.95,
  "USD_CNY": 6.8842,
  "USD_KES": 129.4,
  "USD_GHS": 10.8864,
  "USD_ZAR": 16.6762,
  "USD_AED": 3.6725,
  "USD_COP": 3693.57,
  "USD_GTQ": 7.65759,
  "USD_VND": 26292.3,
  "USD_TRY": 44.2097,
  "USD_MAD": 9.36,
  "USD_MYR": 3.911,
  "USD_FJD": 2.22272,
  "USD_NPR": 147.8,
  "USD_LKR": 310.68,
  "USD_EGP": 52.25,
  "USD_ETB": 156.614,
  "USD_THB": 32.285,
  "USD_PEN": 3.4176,
  "USD_UGX": 3764.1,
  "USD_TZS": 2600,
  "USD_JMD": 155.66,
  "USD_DOP": 60.0975,
  "USD_XOF": 568.652,
  "USD_PLN": 3.6946,
  "USD_RON": 4.41601,
  "USD_TWD": 31.854,
  "USD_CZK": 21.1877,
  "USD_HUF": 337.006,
  "USD_ILS": 3.0932,
  "USD_RWF": 1459,
  "USD_ZMW": 19.5658,
  "USD_XAF": 568.652,
  "GBP_EUR": 1.15774,
  "GBP_INR": 123.37,
  "GBP_PKR": 373.036,
  "GBP_NGN": 1847.13,
  "GBP_USD": 1.33555,
  "GBP_BDT": 163.872,
  "GBP_GHS": 14.5393,
  "GBP_ZAR": 22.2719,
  "GBP_PHP": 79.5721,
  "EUR_GBP": 0.86375,
  "EUR_INR": 106.549,
  "EUR_USD": 1.15345,
  "EUR_PKR": 322.174,
  "EUR_NGN": 1595.28,
  "EUR_TRY": 50.9937,
  "EUR_PHP": 68.7376,
  "EUR_BRL": 5.99036,
  "EUR_MAD": 10.8025,
  "CAD_INR": 67.4494,
  "CAD_PHP": 43.5126,
  "CAD_GBP": 0.546716,
  "CAD_EUR": 0.633024,
  "CAD_USD": 0.730194,
  "CAD_PKR": 203.953,
  "CAD_NGN": 1009.89,
  "CAD_BDT": 89.5947,
  "AUD_INR": 65.658,
  "AUD_PHP": 42.3569,
  "AUD_GBP": 0.532195,
  "AUD_EUR": 0.616212,
  "AUD_USD": 0.7108,
  "AUD_NZD": 1.21287,
  "AUD_CNY": 4.89332,
  "AUD_VND": 18688.6,
  "AED_INR": 25.1523,
  "AED_PKR": 76.0553,
  "AED_PHP": 16.2261,
  "AED_BDT": 33.4105,
  "AED_EGP": 14.2274,
  "SGD_INR": 72.3692,
  "SGD_PHP": 46.6864,
  "SGD_MYR": 3.06409,
  "SGD_IDR": 13285.8,
  "SGD_BDT": 96.1297,
  "NZD_AUD": 0.824494,
  "NZD_GBP": 0.438792,
  "NZD_INR": 54.1346,
  "NZD_FJD": 1.30262,
  "SAR_INR": 24.5997,
  "SAR_PKR": 74.3843,
  "SAR_BDT": 32.6764,
  "SAR_PHP": 15.8696,
  "SAR_EGP": 13.9148,
  "KWD_INR": 301.082,
  "KWD_PKR": 910.407,
  "KWD_PHP": 194.232,
  "QAR_INR": 25.3386,
  "QAR_PKR": 76.6186,
  "QAR_PHP": 16.3463,
  "CHF_INR": 117.604,
  "CHF_EUR": 1.10375,
  "CHF_PKR": 355.609,
  "HKD_INR": 11.7845,
  "HKD_PHP": 7.60233,
  "HKD_CNY": 0.878267,
  "JPY_INR": 0.581157,
  "JPY_PHP": 0.374913,
  "KRW_INR": 0.0621699,
  "KRW_PHP": 0.0401067,
  "KRW_VND": 17.6957,
  "NOK_INR": 9.64114,
  "NOK_PKR": 29.1528,
  "NOK_PLN": 0.385597,
  "SEK_INR": 9.95368,
  "SEK_PKR": 30.0978,
  "SEK_PLN": 0.398096,
  "DKK_INR": 14.2591,
  "DKK_PKR": 43.1164,
  "DKK_PLN": 0.570291
}